reject_id,cdr_raw_ref,start_time_utc,duration_sec,b_number,egress_trunk,reject_reason,rejected_at,reprocessed
REJ-20260901-Z047,RAW-20260901-TRK-NB-03-Z047,2026-09-01T05:15:47Z,0,57382278XXXX,TRK-NB-03,ZERO_DURATION,2026-09-01T05:32:47Z,false
REJ-20260901-Z034,RAW-20260901-TRK-NB-04-Z034,2026-09-01T12:11:07Z,0,55119526XXXX,TRK-NB-04,ZERO_DURATION,2026-09-01T12:28:07Z,false
REJ-20260901-Z001,RAW-20260901-TRK-NB-05-Z001,2026-09-01T16:05:08Z,0,50259275XXXX,TRK-NB-05,ZERO_DURATION,2026-09-01T16:22:08Z,false
REJ-20260902-Z058,RAW-20260902-TRK-NB-06-Z058,2026-09-02T00:24:51Z,0,52699071XXXX,TRK-NB-06,ZERO_DURATION,2026-09-02T00:41:51Z,false
REJ-20260902-D001,RAW-20260902-TRK-NB-04-DUP001,2026-09-02T03:36:25Z,568,55119163XXXX,TRK-NB-04,DUPLICATE,2026-09-02T03:53:25Z,false
REJ-20260902-D002,RAW-20260902-TRK-NB-01-DUP002,2026-09-02T03:44:23Z,10,52168132XXXX,TRK-NB-01,DUPLICATE,2026-09-02T04:01:23Z,false
REJ-20260902-Z029,RAW-20260902-TRK-NB-06-Z029,2026-09-02T12:45:41Z,0,52248077XXXX,TRK-NB-06,ZERO_DURATION,2026-09-02T13:02:41Z,false
REJ-20260902-Z017,RAW-20260902-TRK-NB-03-Z017,2026-09-02T19:49:44Z,0,57352768XXXX,TRK-NB-03,ZERO_DURATION,2026-09-02T20:06:44Z,false
REJ-20260902-D003,RAW-20260902-TRK-NB-06-DUP003,2026-09-02T22:57:25Z,31,52538698XXXX,TRK-NB-06,DUPLICATE,2026-09-02T23:14:25Z,false
REJ-20260903-Z045,RAW-20260903-TRK-NB-03-Z045,2026-09-03T00:27:09Z,0,57365927XXXX,TRK-NB-03,ZERO_DURATION,2026-09-03T00:44:09Z,false
REJ-20260903-Z038,RAW-20260903-TRK-NB-06-Z038,2026-09-03T10:48:52Z,0,52365375XXXX,TRK-NB-06,ZERO_DURATION,2026-09-03T11:05:52Z,false
REJ-20260903-Z004,RAW-20260903-TRK-NB-05-Z004,2026-09-03T16:34:15Z,0,50257115XXXX,TRK-NB-05,ZERO_DURATION,2026-09-03T16:51:15Z,false
REJ-20260904-Z016,RAW-20260904-TRK-NB-03-Z016,2026-09-04T03:19:46Z,0,57322102XXXX,TRK-NB-03,ZERO_DURATION,2026-09-04T03:36:46Z,false
REJ-20260904-D004,RAW-20260904-TRK-NB-04-DUP004,2026-09-04T05:26:28Z,157,55219968XXXX,TRK-NB-04,DUPLICATE,2026-09-04T05:43:28Z,false
REJ-20260904-Z018,RAW-20260904-TRK-NB-01-Z018,2026-09-04T06:19:59Z,0,52118629XXXX,TRK-NB-01,ZERO_DURATION,2026-09-04T06:36:59Z,false
REJ-20260904-Z039,RAW-20260904-TRK-NB-05-Z039,2026-09-04T07:27:18Z,0,50255828XXXX,TRK-NB-05,ZERO_DURATION,2026-09-04T07:44:18Z,false
REJ-20260904-D005,RAW-20260904-TRK-NB-06-DUP005,2026-09-04T16:57:44Z,273,52714851XXXX,TRK-NB-06,DUPLICATE,2026-09-04T17:14:44Z,false
REJ-20260904-Z051,RAW-20260904-TRK-NB-01-Z051,2026-09-04T23:56:39Z,0,52182038XXXX,TRK-NB-01,ZERO_DURATION,2026-09-05T00:13:39Z,false
REJ-20260906-Z006,RAW-20260906-TRK-NB-06-Z006,2026-09-06T04:00:29Z,0,52218216XXXX,TRK-NB-06,ZERO_DURATION,2026-09-06T04:17:29Z,false
REJ-20260906-Z032,RAW-20260906-TRK-NB-04-Z032,2026-09-06T08:49:26Z,0,55119015XXXX,TRK-NB-04,ZERO_DURATION,2026-09-06T09:06:26Z,false
REJ-20260906-Z037,RAW-20260906-TRK-NB-06-Z037,2026-09-06T11:34:01Z,0,52595671XXXX,TRK-NB-06,ZERO_DURATION,2026-09-06T11:51:01Z,false
REJ-20260906-D006,RAW-20260906-TRK-NB-06-DUP006,2026-09-06T16:57:59Z,70,52531064XXXX,TRK-NB-06,DUPLICATE,2026-09-06T17:14:59Z,false
REJ-20260907-Z014,RAW-20260907-TRK-NB-06-Z014,2026-09-07T16:05:34Z,0,52449100XXXX,TRK-NB-06,ZERO_DURATION,2026-09-07T16:22:34Z,false
REJ-20260907-Z013,RAW-20260907-TRK-NB-04-Z013,2026-09-07T23:54:16Z,0,55119680XXXX,TRK-NB-04,ZERO_DURATION,2026-09-08T00:11:16Z,false
REJ-20260908-Z059,RAW-20260908-TRK-NB-04-Z059,2026-09-08T05:10:35Z,0,55119394XXXX,TRK-NB-04,ZERO_DURATION,2026-09-08T05:27:35Z,false
REJ-20260909-Z050,RAW-20260909-TRK-NB-01-Z050,2026-09-09T08:09:40Z,0,52188918XXXX,TRK-NB-01,ZERO_DURATION,2026-09-09T08:26:40Z,false
REJ-20260909-Z009,RAW-20260909-TRK-NB-05-Z009,2026-09-09T11:30:07Z,0,50259281XXXX,TRK-NB-05,ZERO_DURATION,2026-09-09T11:47:07Z,false
REJ-20260909-D007,RAW-20260909-TRK-NB-05-DUP007,2026-09-09T11:43:53Z,69,50255270XXXX,TRK-NB-05,DUPLICATE,2026-09-09T12:00:53Z,false
REJ-20260909-Z025,RAW-20260909-TRK-NB-01-Z025,2026-09-09T14:58:46Z,0,52143254XXXX,TRK-NB-01,ZERO_DURATION,2026-09-09T15:15:46Z,false
REJ-20260910-Z021,RAW-20260910-TRK-NB-04-Z021,2026-09-10T02:37:43Z,0,55119938XXXX,TRK-NB-04,ZERO_DURATION,2026-09-10T02:54:43Z,false
REJ-20260910-Z002,RAW-20260910-TRK-NB-04-Z002,2026-09-10T07:24:44Z,0,55119584XXXX,TRK-NB-04,ZERO_DURATION,2026-09-10T07:41:44Z,false
REJ-20260911-D008,RAW-20260911-TRK-NB-02-DUP008,2026-09-11T06:23:53Z,254,52177240XXXX,TRK-NB-02,DUPLICATE,2026-09-11T06:40:53Z,false
REJ-20260913-Z036,RAW-20260913-TRK-NB-01-Z036,2026-09-13T05:42:46Z,0,52122062XXXX,TRK-NB-01,ZERO_DURATION,2026-09-13T05:59:46Z,false
REJ-20260913-Z041,RAW-20260913-TRK-NB-04-Z041,2026-09-13T09:06:13Z,0,55119591XXXX,TRK-NB-04,ZERO_DURATION,2026-09-13T09:23:13Z,false
REJ-20260913-D009,RAW-20260913-TRK-NB-03-DUP009,2026-09-13T18:06:26Z,147,57314091XXXX,TRK-NB-03,DUPLICATE,2026-09-13T18:23:26Z,false
REJ-20260913-D010,RAW-20260913-TRK-NB-06-DUP010,2026-09-13T19:58:42Z,32,52756300XXXX,TRK-NB-06,DUPLICATE,2026-09-13T20:15:42Z,false
REJ-20260914-Z027,RAW-20260914-TRK-NB-05-Z027,2026-09-14T08:53:12Z,0,50254359XXXX,TRK-NB-05,ZERO_DURATION,2026-09-14T09:10:12Z,false
REJ-20260914-Z011,RAW-20260914-TRK-NB-04-Z011,2026-09-14T19:01:48Z,0,55119909XXXX,TRK-NB-04,ZERO_DURATION,2026-09-14T19:18:48Z,false
REJ-20260915-D011,RAW-20260915-TRK-NB-01-DUP011,2026-09-15T01:39:32Z,14,52137784XXXX,TRK-NB-01,DUPLICATE,2026-09-15T01:56:32Z,false
REJ-20260915-Z012,RAW-20260915-TRK-NB-06-Z012,2026-09-15T03:53:32Z,0,52950488XXXX,TRK-NB-06,ZERO_DURATION,2026-09-15T04:10:32Z,false
REJ-20260915-Z022,RAW-20260915-TRK-NB-06-Z022,2026-09-15T06:58:52Z,0,52657951XXXX,TRK-NB-06,ZERO_DURATION,2026-09-15T07:15:52Z,false
REJ-20260915-Z005,RAW-20260915-TRK-NB-04-Z005,2026-09-15T10:00:49Z,0,55119226XXXX,TRK-NB-04,ZERO_DURATION,2026-09-15T10:17:49Z,false
REJ-20260915-D012,RAW-20260915-TRK-NB-01-DUP012,2026-09-15T19:30:36Z,52,52118267XXXX,TRK-NB-01,DUPLICATE,2026-09-15T19:47:36Z,false
REJ-20260917-Z010,RAW-20260917-TRK-NB-01-Z010,2026-09-17T01:28:17Z,0,52112613XXXX,TRK-NB-01,ZERO_DURATION,2026-09-17T01:45:17Z,false
REJ-20260917-Z031,RAW-20260917-TRK-NB-06-Z031,2026-09-17T06:42:34Z,0,52987505XXXX,TRK-NB-06,ZERO_DURATION,2026-09-17T06:59:34Z,false
REJ-20260918-Z019,RAW-20260918-TRK-NB-04-Z019,2026-09-18T01:21:26Z,0,55119132XXXX,TRK-NB-04,ZERO_DURATION,2026-09-18T01:38:26Z,false
REJ-20260918-Z054,RAW-20260918-TRK-NB-04-Z054,2026-09-18T02:11:19Z,0,55119261XXXX,TRK-NB-04,ZERO_DURATION,2026-09-18T02:28:19Z,false
REJ-20260918-Z055,RAW-20260918-TRK-NB-01-Z055,2026-09-18T10:06:36Z,0,52141973XXXX,TRK-NB-01,ZERO_DURATION,2026-09-18T10:23:36Z,false
REJ-20260918-Z046,RAW-20260918-TRK-NB-05-Z046,2026-09-18T16:03:14Z,0,50259310XXXX,TRK-NB-05,ZERO_DURATION,2026-09-18T16:20:14Z,false
REJ-20260918-D013,RAW-20260918-TRK-NB-01-DUP013,2026-09-18T19:41:10Z,11,52194308XXXX,TRK-NB-01,DUPLICATE,2026-09-18T19:58:10Z,false
REJ-20260919-Z057,RAW-20260919-TRK-NB-03-Z057,2026-09-19T04:08:04Z,0,57391615XXXX,TRK-NB-03,ZERO_DURATION,2026-09-19T04:25:04Z,false
REJ-20260919-Z049,RAW-20260919-TRK-NB-01-Z049,2026-09-19T06:28:59Z,0,52190314XXXX,TRK-NB-01,ZERO_DURATION,2026-09-19T06:45:59Z,false
REJ-20260919-Z020,RAW-20260919-TRK-NB-04-Z020,2026-09-19T09:42:06Z,0,55119024XXXX,TRK-NB-04,ZERO_DURATION,2026-09-19T09:59:06Z,false
REJ-20260919-Z052,RAW-20260919-TRK-NB-01-Z052,2026-09-19T11:46:07Z,0,52108983XXXX,TRK-NB-01,ZERO_DURATION,2026-09-19T12:03:07Z,false
REJ-20260919-D014,RAW-20260919-TRK-NB-06-DUP014,2026-09-19T14:13:21Z,221,52889819XXXX,TRK-NB-06,DUPLICATE,2026-09-19T14:30:21Z,false
REJ-20260919-D015,RAW-20260919-TRK-NB-06-DUP015,2026-09-19T17:33:32Z,234,52059191XXXX,TRK-NB-06,DUPLICATE,2026-09-19T17:50:32Z,false
REJ-20260919-Z024,RAW-20260919-TRK-NB-06-Z024,2026-09-19T23:21:57Z,0,52680087XXXX,TRK-NB-06,ZERO_DURATION,2026-09-19T23:38:57Z,false
REJ-20260920-D016,RAW-20260920-TRK-NB-02-DUP016,2026-09-20T03:57:57Z,100,52165534XXXX,TRK-NB-02,DUPLICATE,2026-09-20T04:14:57Z,false
REJ-20260920-Z042,RAW-20260920-TRK-NB-04-Z042,2026-09-20T06:20:40Z,0,55119601XXXX,TRK-NB-04,ZERO_DURATION,2026-09-20T06:37:40Z,false
REJ-20260920-Z035,RAW-20260920-TRK-NB-03-Z035,2026-09-20T10:12:56Z,0,57344596XXXX,TRK-NB-03,ZERO_DURATION,2026-09-20T10:29:56Z,false
REJ-20260920-Z008,RAW-20260920-TRK-NB-01-Z008,2026-09-20T22:11:09Z,0,52172043XXXX,TRK-NB-01,ZERO_DURATION,2026-09-20T22:28:09Z,false
REJ-20260921-0296,RAW-20260921-TRK-NB-07-00296,2026-09-21T00:00:08Z,41,57360066XXXX,TRK-NB-07,UNMAPPED_TRUNK,2026-09-21T00:17:08Z,false
REJ-20260921-0026,RAW-20260921-TRK-NB-07-00026,2026-09-21T00:02:52Z,47,57391690XXXX,TRK-NB-07,UNMAPPED_TRUNK,2026-09-21T00:19:52Z,false
REJ-20260921-0398,RAW-20260921-TRK-NB-07-00398,2026-09-21T00:03:38Z,166,57365311XXXX,TRK-NB-07,UNMAPPED_TRUNK,2026-09-21T00:20:38Z,false
REJ-20260921-0192,RAW-20260921-TRK-NB-07-00192,2026-09-21T00:13:34Z,29,57389124XXXX,TRK-NB-07,UNMAPPED_TRUNK,2026-09-21T00:30:34Z,false
REJ-20260921-0090,RAW-20260921-TRK-NB-07-00090,2026-09-21T00:17:52Z,5,57370317XXXX,TRK-NB-07,UNMAPPED_TRUNK,2026-09-21T00:34:52Z,false
REJ-20260921-0216,RAW-20260921-TRK-NB-07-00216,2026-09-21T00:19:21Z,287,57310712XXXX,TRK-NB-07,UNMAPPED_TRUNK,2026-09-21T00:36:21Z,false
REJ-20260921-0200,RAW-20260921-TRK-NB-07-00200,2026-09-21T00:24:57Z,11,57325103XXXX,TRK-NB-07,UNMAPPED_TRUNK,2026-09-21T00:41:57Z,false
REJ-20260921-0273,RAW-20260921-TRK-NB-07-00273,2026-09-21T00:28:12Z,56,57375250XXXX,TRK-NB-07,UNMAPPED_TRUNK,2026-09-21T00:45:12Z,false
REJ-20260921-0358,RAW-20260921-TRK-NB-07-00358,2026-09-21T00:28:24Z,42,57309571XXXX,TRK-NB-07,UNMAPPED_TRUNK,2026-09-21T00:45:24Z,false
REJ-20260921-0189,RAW-20260921-TRK-NB-07-00189,2026-09-21T00:29:10Z,7,57322018XXXX,TRK-NB-07,UNMAPPED_TRUNK,2026-09-21T00:46:10Z,false
REJ-20260921-0329,RAW-20260921-TRK-NB-07-00329,2026-09-21T00:29:41Z,488,57336189XXXX,TRK-NB-07,UNMAPPED_TRUNK,2026-09-21T00:46:41Z,false
REJ-20260921-0045,RAW-20260921-TRK-NB-07-00045,2026-09-21T00:32:10Z,110,57394236XXXX,TRK-NB-07,UNMAPPED_TRUNK,2026-09-21T00:49:10Z,false
REJ-20260921-0148,RAW-20260921-TRK-NB-07-00148,2026-09-21T00:36:27Z,7,57385348XXXX,TRK-NB-07,UNMAPPED_TRUNK,2026-09-21T00:53:27Z,false
REJ-20260921-0004,RAW-20260921-TRK-NB-07-00004,2026-09-21T00:36:38Z,36,57386758XXXX,TRK-NB-07,UNMAPPED_TRUNK,2026-09-21T00:53:38Z,false
REJ-20260921-0088,RAW-20260921-TRK-NB-07-00088,2026-09-21T00:43:47Z,182,57308189XXXX,TRK-NB-07,UNMAPPED_TRUNK,2026-09-21T01:00:47Z,false
REJ-20260921-0064,RAW-20260921-TRK-NB-07-00064,2026-09-21T00:45:58Z,165,57315384XXXX,TRK-NB-07,UNMAPPED_TRUNK,2026-09-21T01:02:58Z,false
REJ-20260921-0014,RAW-20260921-TRK-NB-07-00014,2026-09-21T00:46:41Z,2,57349118XXXX,TRK-NB-07,UNMAPPED_TRUNK,2026-09-21T01:03:41Z,false
REJ-20260921-0172,RAW-20260921-TRK-NB-07-00172,2026-09-21T00:49:20Z,219,57316042XXXX,TRK-NB-07,UNMAPPED_TRUNK,2026-09-21T01:06:20Z,false
REJ-20260921-0131,RAW-20260921-TRK-NB-07-00131,2026-09-21T00:49:58Z,26,57321629XXXX,TRK-NB-07,UNMAPPED_TRUNK,2026-09-21T01:06:58Z,false
REJ-20260921-0170,RAW-20260921-TRK-NB-07-00170,2026-09-21T00:58:21Z,56,57361779XXXX,TRK-NB-07,UNMAPPED_TRUNK,2026-09-21T01:15:21Z,false
REJ-20260921-0012,RAW-20260921-TRK-NB-07-00012,2026-09-21T00:58:37Z,44,57377547XXXX,TRK-NB-07,UNMAPPED_TRUNK,2026-09-21T01:15:37Z,false
REJ-20260921-0389,RAW-20260921-TRK-NB-07-00389,2026-09-21T00:58:49Z,54,57305178XXXX,TRK-NB-07,UNMAPPED_TRUNK,2026-09-21T01:15:49Z,false
REJ-20260921-0028,RAW-20260921-TRK-NB-07-00028,2026-09-21T00:59:32Z,50,57348392XXXX,TRK-NB-07,UNMAPPED_TRUNK,2026-09-21T01:16:32Z,false
REJ-20260921-0297,RAW-20260921-TRK-NB-07-00297,2026-09-21T01:01:28Z,187,57395668XXXX,TRK-NB-07,UNMAPPED_TRUNK,2026-09-21T01:18:28Z,false
REJ-20260921-0365,RAW-20260921-TRK-NB-07-00365,2026-09-21T01:02:05Z,170,57339862XXXX,TRK-NB-07,UNMAPPED_TRUNK,2026-09-21T01:19:05Z,false
REJ-20260921-0309,RAW-20260921-TRK-NB-07-00309,2026-09-21T01:02:42Z,88,57333464XXXX,TRK-NB-07,UNMAPPED_TRUNK,2026-09-21T01:19:42Z,false
REJ-20260921-0232,RAW-20260921-TRK-NB-07-00232,2026-09-21T01:08:49Z,31,57394116XXXX,TRK-NB-07,UNMAPPED_TRUNK,2026-09-21T01:25:49Z,false
REJ-20260921-0335,RAW-20260921-TRK-NB-07-00335,2026-09-21T01:16:54Z,556,57353772XXXX,TRK-NB-07,UNMAPPED_TRUNK,2026-09-21T01:33:54Z,false
REJ-20260921-0043,RAW-20260921-TRK-NB-07-00043,2026-09-21T01:19:02Z,59,57316113XXXX,TRK-NB-07,UNMAPPED_TRUNK,2026-09-21T01:36:02Z,false
REJ-20260921-0135,RAW-20260921-TRK-NB-07-00135,2026-09-21T01:19:17Z,87,57306821XXXX,TRK-NB-07,UNMAPPED_TRUNK,2026-09-21T01:36:17Z,false
REJ-20260921-0277,RAW-20260921-TRK-NB-07-00277,2026-09-21T01:19:35Z,9,57377005XXXX,TRK-NB-07,UNMAPPED_TRUNK,2026-09-21T01:36:35Z,false
REJ-20260921-0151,RAW-20260921-TRK-NB-07-00151,2026-09-21T01:27:06Z,26,57350828XXXX,TRK-NB-07,UNMAPPED_TRUNK,2026-09-21T01:44:06Z,false
REJ-20260921-0399,RAW-20260921-TRK-NB-07-00399,2026-09-21T01:29:44Z,39,57371945XXXX,TRK-NB-07,UNMAPPED_TRUNK,2026-09-21T01:46:44Z,false
REJ-20260921-0211,RAW-20260921-TRK-NB-07-00211,2026-09-21T01:34:08Z,28,57351460XXXX,TRK-NB-07,UNMAPPED_TRUNK,2026-09-21T01:51:08Z,false
REJ-20260921-0244,RAW-20260921-TRK-NB-07-00244,2026-09-21T01:37:03Z,54,57377132XXXX,TRK-NB-07,UNMAPPED_TRUNK,2026-09-21T01:54:03Z,false
REJ-20260921-0178,RAW-20260921-TRK-NB-07-00178,2026-09-21T01:48:39Z,35,57397496XXXX,TRK-NB-07,UNMAPPED_TRUNK,2026-09-21T02:05:39Z,false
REJ-20260921-0253,RAW-20260921-TRK-NB-07-00253,2026-09-21T01:49:08Z,180,57388767XXXX,TRK-NB-07,UNMAPPED_TRUNK,2026-09-21T02:06:08Z,false
REJ-20260921-0246,RAW-20260921-TRK-NB-07-00246,2026-09-21T01:54:38Z,39,57325100XXXX,TRK-NB-07,UNMAPPED_TRUNK,2026-09-21T02:11:38Z,false
REJ-20260921-0129,RAW-20260921-TRK-NB-07-00129,2026-09-21T01:54:46Z,584,57314878XXXX,TRK-NB-07,UNMAPPED_TRUNK,2026-09-21T02:11:46Z,false
REJ-20260921-0021,RAW-20260921-TRK-NB-07-00021,2026-09-21T02:03:11Z,100,57339104XXXX,TRK-NB-07,UNMAPPED_TRUNK,2026-09-21T02:20:11Z,false
REJ-20260921-0320,RAW-20260921-TRK-NB-07-00320,2026-09-21T02:09:35Z,36,57331048XXXX,TRK-NB-07,UNMAPPED_TRUNK,2026-09-21T02:26:35Z,false
REJ-20260921-0251,RAW-20260921-TRK-NB-07-00251,2026-09-21T02:11:59Z,375,57392659XXXX,TRK-NB-07,UNMAPPED_TRUNK,2026-09-21T02:28:59Z,false
REJ-20260921-0048,RAW-20260921-TRK-NB-07-00048,2026-09-21T02:18:41Z,35,57398882XXXX,TRK-NB-07,UNMAPPED_TRUNK,2026-09-21T02:35:41Z,false
REJ-20260921-0206,RAW-20260921-TRK-NB-07-00206,2026-09-21T02:20:20Z,33,57301574XXXX,TRK-NB-07,UNMAPPED_TRUNK,2026-09-21T02:37:20Z,false
REJ-20260921-0308,RAW-20260921-TRK-NB-07-00308,2026-09-21T02:22:12Z,6,57331548XXXX,TRK-NB-07,UNMAPPED_TRUNK,2026-09-21T02:39:12Z,false
REJ-20260921-0396,RAW-20260921-TRK-NB-07-00396,2026-09-21T02:23:41Z,76,57376390XXXX,TRK-NB-07,UNMAPPED_TRUNK,2026-09-21T02:40:41Z,false
REJ-20260921-0324,RAW-20260921-TRK-NB-07-00324,2026-09-21T02:25:13Z,244,57349638XXXX,TRK-NB-07,UNMAPPED_TRUNK,2026-09-21T02:42:13Z,false
REJ-20260921-0025,RAW-20260921-TRK-NB-07-00025,2026-09-21T02:32:03Z,139,57347621XXXX,TRK-NB-07,UNMAPPED_TRUNK,2026-09-21T02:49:03Z,false
REJ-20260921-0380,RAW-20260921-TRK-NB-07-00380,2026-09-21T02:33:03Z,50,57319532XXXX,TRK-NB-07,UNMAPPED_TRUNK,2026-09-21T02:50:03Z,false
REJ-20260921-0278,RAW-20260921-TRK-NB-07-00278,2026-09-21T02:34:46Z,297,57320476XXXX,TRK-NB-07,UNMAPPED_TRUNK,2026-09-21T02:51:46Z,false
REJ-20260921-0132,RAW-20260921-TRK-NB-07-00132,2026-09-21T02:44:14Z,225,57331526XXXX,TRK-NB-07,UNMAPPED_TRUNK,2026-09-21T03:01:14Z,false
REJ-20260921-0173,RAW-20260921-TRK-NB-07-00173,2026-09-21T02:49:07Z,40,57397837XXXX,TRK-NB-07,UNMAPPED_TRUNK,2026-09-21T03:06:07Z,false
REJ-20260921-0153,RAW-20260921-TRK-NB-07-00153,2026-09-21T02:49:40Z,24,57336031XXXX,TRK-NB-07,UNMAPPED_TRUNK,2026-09-21T03:06:40Z,false
REJ-20260921-0220,RAW-20260921-TRK-NB-07-00220,2026-09-21T02:52:50Z,123,57394753XXXX,TRK-NB-07,UNMAPPED_TRUNK,2026-09-21T03:09:50Z,false
REJ-20260921-0382,RAW-20260921-TRK-NB-07-00382,2026-09-21T02:54:32Z,47,57377615XXXX,TRK-NB-07,UNMAPPED_TRUNK,2026-09-21T03:11:32Z,false
REJ-20260921-0137,RAW-20260921-TRK-NB-07-00137,2026-09-21T02:56:00Z,277,57372214XXXX,TRK-NB-07,UNMAPPED_TRUNK,2026-09-21T03:13:00Z,false
REJ-20260921-0076,RAW-20260921-TRK-NB-07-00076,2026-09-21T02:59:14Z,162,57328798XXXX,TRK-NB-07,UNMAPPED_TRUNK,2026-09-21T03:16:14Z,false
REJ-20260921-0313,RAW-20260921-TRK-NB-07-00313,2026-09-21T03:06:59Z,102,57384579XXXX,TRK-NB-07,UNMAPPED_TRUNK,2026-09-21T03:23:59Z,false
REJ-20260921-0182,RAW-20260921-TRK-NB-07-00182,2026-09-21T03:07:40Z,60,57339228XXXX,TRK-NB-07,UNMAPPED_TRUNK,2026-09-21T03:24:40Z,false
REJ-20260921-0166,RAW-20260921-TRK-NB-07-00166,2026-09-21T03:14:30Z,223,57339028XXXX,TRK-NB-07,UNMAPPED_TRUNK,2026-09-21T03:31:30Z,false
REJ-20260921-0226,RAW-20260921-TRK-NB-07-00226,2026-09-21T03:19:16Z,22,57365198XXXX,TRK-NB-07,UNMAPPED_TRUNK,2026-09-21T03:36:16Z,false
REJ-20260921-0060,RAW-20260921-TRK-NB-07-00060,2026-09-21T03:19:50Z,18,57397762XXXX,TRK-NB-07,UNMAPPED_TRUNK,2026-09-21T03:36:50Z,false
REJ-20260921-0363,RAW-20260921-TRK-NB-07-00363,2026-09-21T03:21:30Z,444,57347621XXXX,TRK-NB-07,UNMAPPED_TRUNK,2026-09-21T03:38:30Z,false
REJ-20260921-0128,RAW-20260921-TRK-NB-07-00128,2026-09-21T03:21:33Z,625,57329661XXXX,TRK-NB-07,UNMAPPED_TRUNK,2026-09-21T03:38:33Z,false
REJ-20260921-0388,RAW-20260921-TRK-NB-07-00388,2026-09-21T03:23:36Z,1251,57308791XXXX,TRK-NB-07,UNMAPPED_TRUNK,2026-09-21T03:40:36Z,false
REJ-20260921-0152,RAW-20260921-TRK-NB-07-00152,2026-09-21T03:24:22Z,21,57331166XXXX,TRK-NB-07,UNMAPPED_TRUNK,2026-09-21T03:41:22Z,false
REJ-20260921-0089,RAW-20260921-TRK-NB-07-00089,2026-09-21T03:28:38Z,88,57367255XXXX,TRK-NB-07,UNMAPPED_TRUNK,2026-09-21T03:45:38Z,false
REJ-20260921-0084,RAW-20260921-TRK-NB-07-00084,2026-09-21T03:39:46Z,10,57375132XXXX,TRK-NB-07,UNMAPPED_TRUNK,2026-09-21T03:56:46Z,false
REJ-20260921-0317,RAW-20260921-TRK-NB-07-00317,2026-09-21T03:42:22Z,153,57350774XXXX,TRK-NB-07,UNMAPPED_TRUNK,2026-09-21T03:59:22Z,false
REJ-20260921-0274,RAW-20260921-TRK-NB-07-00274,2026-09-21T03:42:51Z,190,57398517XXXX,TRK-NB-07,UNMAPPED_TRUNK,2026-09-21T03:59:51Z,false
REJ-20260921-0188,RAW-20260921-TRK-NB-07-00188,2026-09-21T03:56:39Z,103,57341844XXXX,TRK-NB-07,UNMAPPED_TRUNK,2026-09-21T04:13:39Z,false
REJ-20260921-0035,RAW-20260921-TRK-NB-07-00035,2026-09-21T04:04:48Z,49,57335640XXXX,TRK-NB-07,UNMAPPED_TRUNK,2026-09-21T04:21:48Z,false
REJ-20260921-0196,RAW-20260921-TRK-NB-07-00196,2026-09-21T04:06:51Z,153,57379182XXXX,TRK-NB-07,UNMAPPED_TRUNK,2026-09-21T04:23:51Z,false
REJ-20260921-0138,RAW-20260921-TRK-NB-07-00138,2026-09-21T04:10:32Z,10,57380367XXXX,TRK-NB-07,UNMAPPED_TRUNK,2026-09-21T04:27:32Z,false
REJ-20260921-0289,RAW-20260921-TRK-NB-07-00289,2026-09-21T04:13:12Z,72,57380856XXXX,TRK-NB-07,UNMAPPED_TRUNK,2026-09-21T04:30:12Z,false
REJ-20260921-0038,RAW-20260921-TRK-NB-07-00038,2026-09-21T04:14:09Z,3,57326802XXXX,TRK-NB-07,UNMAPPED_TRUNK,2026-09-21T04:31:09Z,false
REJ-20260921-0221,RAW-20260921-TRK-NB-07-00221,2026-09-21T04:17:36Z,17,57319267XXXX,TRK-NB-07,UNMAPPED_TRUNK,2026-09-21T04:34:36Z,false
REJ-20260921-0336,RAW-20260921-TRK-NB-07-00336,2026-09-21T04:19:46Z,42,57317625XXXX,TRK-NB-07,UNMAPPED_TRUNK,2026-09-21T04:36:46Z,false
REJ-20260921-0328,RAW-20260921-TRK-NB-07-00328,2026-09-21T04:24:01Z,41,57314110XXXX,TRK-NB-07,UNMAPPED_TRUNK,2026-09-21T04:41:01Z,false
REJ-20260921-0039,RAW-20260921-TRK-NB-07-00039,2026-09-21T04:29:49Z,23,57347103XXXX,TRK-NB-07,UNMAPPED_TRUNK,2026-09-21T04:46:49Z,false
REJ-20260921-0252,RAW-20260921-TRK-NB-07-00252,2026-09-21T04:35:40Z,42,57300376XXXX,TRK-NB-07,UNMAPPED_TRUNK,2026-09-21T04:52:40Z,false
REJ-20260921-0325,RAW-20260921-TRK-NB-07-00325,2026-09-21T04:38:33Z,36,57324950XXXX,TRK-NB-07,UNMAPPED_TRUNK,2026-09-21T04:55:33Z,false
REJ-20260921-0371,RAW-20260921-TRK-NB-07-00371,2026-09-21T04:39:09Z,50,57398534XXXX,TRK-NB-07,UNMAPPED_TRUNK,2026-09-21T04:56:09Z,false
REJ-20260921-0187,RAW-20260921-TRK-NB-07-00187,2026-09-21T04:39:46Z,246,57301124XXXX,TRK-NB-07,UNMAPPED_TRUNK,2026-09-21T04:56:46Z,false
REJ-20260921-0155,RAW-20260921-TRK-NB-07-00155,2026-09-21T04:43:34Z,155,57301074XXXX,TRK-NB-07,UNMAPPED_TRUNK,2026-09-21T05:00:34Z,false
REJ-20260921-0013,RAW-20260921-TRK-NB-07-00013,2026-09-21T04:43:57Z,53,57345003XXXX,TRK-NB-07,UNMAPPED_TRUNK,2026-09-21T05:00:57Z,false
REJ-20260921-0098,RAW-20260921-TRK-NB-07-00098,2026-09-21T04:52:37Z,43,57374066XXXX,TRK-NB-07,UNMAPPED_TRUNK,2026-09-21T05:09:37Z,false
REJ-20260921-0267,RAW-20260921-TRK-NB-07-00267,2026-09-21T04:55:20Z,49,57384228XXXX,TRK-NB-07,UNMAPPED_TRUNK,2026-09-21T05:12:20Z,false
REJ-20260921-0092,RAW-20260921-TRK-NB-07-00092,2026-09-21T04:57:39Z,140,57325329XXXX,TRK-NB-07,UNMAPPED_TRUNK,2026-09-21T05:14:39Z,false
REJ-20260921-0168,RAW-20260921-TRK-NB-07-00168,2026-09-21T05:05:04Z,53,57366665XXXX,TRK-NB-07,UNMAPPED_TRUNK,2026-09-21T05:22:04Z,false
REJ-20260921-0201,RAW-20260921-TRK-NB-07-00201,2026-09-21T05:07:40Z,41,57376309XXXX,TRK-NB-07,UNMAPPED_TRUNK,2026-09-21T05:24:40Z,false
REJ-20260921-0033,RAW-20260921-TRK-NB-07-00033,2026-09-21T05:12:34Z,14,57322789XXXX,TRK-NB-07,UNMAPPED_TRUNK,2026-09-21T05:29:34Z,false
REJ-20260921-0087,RAW-20260921-TRK-NB-07-00087,2026-09-21T05:13:47Z,64,57372686XXXX,TRK-NB-07,UNMAPPED_TRUNK,2026-09-21T05:30:47Z,false
REJ-20260921-0031,RAW-20260921-TRK-NB-07-00031,2026-09-21T05:16:04Z,55,57325109XXXX,TRK-NB-07,UNMAPPED_TRUNK,2026-09-21T05:33:04Z,false
REJ-20260921-0126,RAW-20260921-TRK-NB-07-00126,2026-09-21T05:16:34Z,314,57367520XXXX,TRK-NB-07,UNMAPPED_TRUNK,2026-09-21T05:33:34Z,false
REJ-20260921-0310,RAW-20260921-TRK-NB-07-00310,2026-09-21T05:21:35Z,160,57373345XXXX,TRK-NB-07,UNMAPPED_TRUNK,2026-09-21T05:38:35Z,false
REJ-20260921-0183,RAW-20260921-TRK-NB-07-00183,2026-09-21T05:22:55Z,610,57381798XXXX,TRK-NB-07,UNMAPPED_TRUNK,2026-09-21T05:39:55Z,false
REJ-20260921-0386,RAW-20260921-TRK-NB-07-00386,2026-09-21T05:23:54Z,21,57325309XXXX,TRK-NB-07,UNMAPPED_TRUNK,2026-09-21T05:40:54Z,false
REJ-20260921-0149,RAW-20260921-TRK-NB-07-00149,2026-09-21T05:27:28Z,155,57314848XXXX,TRK-NB-07,UNMAPPED_TRUNK,2026-09-21T05:44:28Z,false
REJ-20260921-0121,RAW-20260921-TRK-NB-07-00121,2026-09-21T05:30:10Z,42,57351583XXXX,TRK-NB-07,UNMAPPED_TRUNK,2026-09-21T05:47:10Z,false
REJ-20260921-0054,RAW-20260921-TRK-NB-07-00054,2026-09-21T05:34:20Z,123,57343082XXXX,TRK-NB-07,UNMAPPED_TRUNK,2026-09-21T05:51:20Z,false
REJ-20260921-0275,RAW-20260921-TRK-NB-07-00275,2026-09-21T05:36:15Z,510,57353098XXXX,TRK-NB-07,UNMAPPED_TRUNK,2026-09-21T05:53:15Z,false
REJ-20260921-0095,RAW-20260921-TRK-NB-07-00095,2026-09-21T05:37:20Z,21,57334597XXXX,TRK-NB-07,UNMAPPED_TRUNK,2026-09-21T05:54:20Z,false
REJ-20260921-0316,RAW-20260921-TRK-NB-07-00316,2026-09-21T05:41:32Z,486,57332162XXXX,TRK-NB-07,UNMAPPED_TRUNK,2026-09-21T05:58:32Z,false
REJ-20260921-0343,RAW-20260921-TRK-NB-07-00343,2026-09-21T05:43:55Z,118,57313734XXXX,TRK-NB-07,UNMAPPED_TRUNK,2026-09-21T06:00:55Z,false
REJ-20260921-0239,RAW-20260921-TRK-NB-07-00239,2026-09-21T05:48:56Z,232,57384184XXXX,TRK-NB-07,UNMAPPED_TRUNK,2026-09-21T06:05:56Z,false
REJ-20260921-0367,RAW-20260921-TRK-NB-07-00367,2026-09-21T05:49:18Z,115,57343228XXXX,TRK-NB-07,UNMAPPED_TRUNK,2026-09-21T06:06:18Z,false
REJ-20260921-0368,RAW-20260921-TRK-NB-07-00368,2026-09-21T05:51:03Z,34,57382355XXXX,TRK-NB-07,UNMAPPED_TRUNK,2026-09-21T06:08:03Z,false
REJ-20260921-0306,RAW-20260921-TRK-NB-07-00306,2026-09-21T05:51:44Z,41,57347930XXXX,TRK-NB-07,UNMAPPED_TRUNK,2026-09-21T06:08:44Z,false
REJ-20260921-0100,RAW-20260921-TRK-NB-07-00100,2026-09-21T06:01:39Z,61,57356700XXXX,TRK-NB-07,UNMAPPED_TRUNK,2026-09-21T06:18:39Z,false
REJ-20260921-0224,RAW-20260921-TRK-NB-07-00224,2026-09-21T06:01:46Z,62,57322567XXXX,TRK-NB-07,UNMAPPED_TRUNK,2026-09-21T06:18:46Z,false
REJ-20260921-0163,RAW-20260921-TRK-NB-07-00163,2026-09-21T06:05:56Z,25,57319279XXXX,TRK-NB-07,UNMAPPED_TRUNK,2026-09-21T06:22:56Z,false
REJ-20260921-0332,RAW-20260921-TRK-NB-07-00332,2026-09-21T06:10:41Z,206,57343226XXXX,TRK-NB-07,UNMAPPED_TRUNK,2026-09-21T06:27:41Z,false
REJ-20260921-0063,RAW-20260921-TRK-NB-07-00063,2026-09-21T06:17:34Z,2,57371328XXXX,TRK-NB-07,UNMAPPED_TRUNK,2026-09-21T06:34:34Z,false
REJ-20260921-0290,RAW-20260921-TRK-NB-07-00290,2026-09-21T06:18:08Z,85,57308890XXXX,TRK-NB-07,UNMAPPED_TRUNK,2026-09-21T06:35:08Z,false
REJ-20260921-0085,RAW-20260921-TRK-NB-07-00085,2026-09-21T06:18:14Z,484,57302077XXXX,TRK-NB-07,UNMAPPED_TRUNK,2026-09-21T06:35:14Z,false
REJ-20260921-0366,RAW-20260921-TRK-NB-07-00366,2026-09-21T06:19:02Z,32,57301486XXXX,TRK-NB-07,UNMAPPED_TRUNK,2026-09-21T06:36:02Z,false
REJ-20260921-0009,RAW-20260921-TRK-NB-07-00009,2026-09-21T06:22:11Z,30,57392175XXXX,TRK-NB-07,UNMAPPED_TRUNK,2026-09-21T06:39:11Z,false
REJ-20260921-0260,RAW-20260921-TRK-NB-07-00260,2026-09-21T06:29:17Z,207,57374435XXXX,TRK-NB-07,UNMAPPED_TRUNK,2026-09-21T06:46:17Z,false
REJ-20260921-0255,RAW-20260921-TRK-NB-07-00255,2026-09-21T06:30:16Z,102,57338249XXXX,TRK-NB-07,UNMAPPED_TRUNK,2026-09-21T06:47:16Z,false
REJ-20260921-0073,RAW-20260921-TRK-NB-07-00073,2026-09-21T06:30:19Z,51,57340404XXXX,TRK-NB-07,UNMAPPED_TRUNK,2026-09-21T06:47:19Z,false
REJ-20260921-0108,RAW-20260921-TRK-NB-07-00108,2026-09-21T06:32:07Z,137,57367373XXXX,TRK-NB-07,UNMAPPED_TRUNK,2026-09-21T06:49:07Z,false
REJ-20260921-0339,RAW-20260921-TRK-NB-07-00339,2026-09-21T06:32:31Z,1,57313940XXXX,TRK-NB-07,UNMAPPED_TRUNK,2026-09-21T06:49:31Z,false
REJ-20260921-0070,RAW-20260921-TRK-NB-07-00070,2026-09-21T06:33:04Z,304,57380739XXXX,TRK-NB-07,UNMAPPED_TRUNK,2026-09-21T06:50:04Z,false
REJ-20260921-0258,RAW-20260921-TRK-NB-07-00258,2026-09-21T06:37:00Z,618,57364628XXXX,TRK-NB-07,UNMAPPED_TRUNK,2026-09-21T06:54:00Z,false
REJ-20260921-0080,RAW-20260921-TRK-NB-07-00080,2026-09-21T06:42:00Z,105,57351213XXXX,TRK-NB-07,UNMAPPED_TRUNK,2026-09-21T06:59:00Z,false
REJ-20260921-0234,RAW-20260921-TRK-NB-07-00234,2026-09-21T06:43:25Z,79,57371403XXXX,TRK-NB-07,UNMAPPED_TRUNK,2026-09-21T07:00:25Z,false
REJ-20260921-0210,RAW-20260921-TRK-NB-07-00210,2026-09-21T06:48:56Z,388,57318156XXXX,TRK-NB-07,UNMAPPED_TRUNK,2026-09-21T07:05:56Z,false
REJ-20260921-0384,RAW-20260921-TRK-NB-07-00384,2026-09-21T06:55:45Z,37,57312118XXXX,TRK-NB-07,UNMAPPED_TRUNK,2026-09-21T07:12:45Z,false
REJ-20260921-0111,RAW-20260921-TRK-NB-07-00111,2026-09-21T06:56:33Z,399,57371814XXXX,TRK-NB-07,UNMAPPED_TRUNK,2026-09-21T07:13:33Z,false
REJ-20260921-0124,RAW-20260921-TRK-NB-07-00124,2026-09-21T07:00:38Z,92,57363418XXXX,TRK-NB-07,UNMAPPED_TRUNK,2026-09-21T07:17:38Z,false
REJ-20260921-0146,RAW-20260921-TRK-NB-07-00146,2026-09-21T07:03:16Z,451,57356252XXXX,TRK-NB-07,UNMAPPED_TRUNK,2026-09-21T07:20:16Z,false
REJ-20260921-0376,RAW-20260921-TRK-NB-07-00376,2026-09-21T07:04:00Z,300,57326346XXXX,TRK-NB-07,UNMAPPED_TRUNK,2026-09-21T07:21:00Z,false
REJ-20260921-0029,RAW-20260921-TRK-NB-07-00029,2026-09-21T07:04:07Z,382,57365741XXXX,TRK-NB-07,UNMAPPED_TRUNK,2026-09-21T07:21:07Z,false
REJ-20260921-0333,RAW-20260921-TRK-NB-07-00333,2026-09-21T07:06:11Z,299,57382525XXXX,TRK-NB-07,UNMAPPED_TRUNK,2026-09-21T07:23:11Z,false
REJ-20260921-0227,RAW-20260921-TRK-NB-07-00227,2026-09-21T07:07:37Z,252,57305048XXXX,TRK-NB-07,UNMAPPED_TRUNK,2026-09-21T07:24:37Z,false
REJ-20260921-0191,RAW-20260921-TRK-NB-07-00191,2026-09-21T07:08:54Z,82,57343947XXXX,TRK-NB-07,UNMAPPED_TRUNK,2026-09-21T07:25:54Z,false
REJ-20260921-0094,RAW-20260921-TRK-NB-07-00094,2026-09-21T07:14:21Z,83,57358985XXXX,TRK-NB-07,UNMAPPED_TRUNK,2026-09-21T07:31:21Z,false
REJ-20260921-0144,RAW-20260921-TRK-NB-07-00144,2026-09-21T07:23:45Z,54,57395354XXXX,TRK-NB-07,UNMAPPED_TRUNK,2026-09-21T07:40:45Z,false
REJ-20260921-0069,RAW-20260921-TRK-NB-07-00069,2026-09-21T07:24:11Z,18,57394926XXXX,TRK-NB-07,UNMAPPED_TRUNK,2026-09-21T07:41:11Z,false
REJ-20260921-0238,RAW-20260921-TRK-NB-07-00238,2026-09-21T07:26:19Z,50,57335474XXXX,TRK-NB-07,UNMAPPED_TRUNK,2026-09-21T07:43:19Z,false
REJ-20260921-0346,RAW-20260921-TRK-NB-07-00346,2026-09-21T07:26:40Z,18,57342771XXXX,TRK-NB-07,UNMAPPED_TRUNK,2026-09-21T07:43:40Z,false
REJ-20260921-0197,RAW-20260921-TRK-NB-07-00197,2026-09-21T07:34:36Z,411,57331008XXXX,TRK-NB-07,UNMAPPED_TRUNK,2026-09-21T07:51:36Z,false
REJ-20260921-0212,RAW-20260921-TRK-NB-07-00212,2026-09-21T07:38:11Z,91,57387921XXXX,TRK-NB-07,UNMAPPED_TRUNK,2026-09-21T07:55:11Z,false
REJ-20260921-0037,RAW-20260921-TRK-NB-07-00037,2026-09-21T07:38:38Z,71,57393832XXXX,TRK-NB-07,UNMAPPED_TRUNK,2026-09-21T07:55:38Z,false
REJ-20260921-0008,RAW-20260921-TRK-NB-07-00008,2026-09-21T07:45:16Z,54,57385451XXXX,TRK-NB-07,UNMAPPED_TRUNK,2026-09-21T08:02:16Z,false
REJ-20260921-0254,RAW-20260921-TRK-NB-07-00254,2026-09-21T07:48:59Z,424,57368547XXXX,TRK-NB-07,UNMAPPED_TRUNK,2026-09-21T08:05:59Z,false
REJ-20260921-0181,RAW-20260921-TRK-NB-07-00181,2026-09-21T07:52:07Z,43,57351289XXXX,TRK-NB-07,UNMAPPED_TRUNK,2026-09-21T08:09:07Z,false
REJ-20260921-0122,RAW-20260921-TRK-NB-07-00122,2026-09-21T07:54:48Z,45,57306845XXXX,TRK-NB-07,UNMAPPED_TRUNK,2026-09-21T08:11:48Z,false
REJ-20260921-0344,RAW-20260921-TRK-NB-07-00344,2026-09-21T07:57:35Z,17,57387699XXXX,TRK-NB-07,UNMAPPED_TRUNK,2026-09-21T08:14:35Z,false
REJ-20260921-0027,RAW-20260921-TRK-NB-07-00027,2026-09-21T07:58:39Z,492,57368019XXXX,TRK-NB-07,UNMAPPED_TRUNK,2026-09-21T08:15:39Z,false
REJ-20260921-0083,RAW-20260921-TRK-NB-07-00083,2026-09-21T08:02:48Z,1090,57369817XXXX,TRK-NB-07,UNMAPPED_TRUNK,2026-09-21T08:19:48Z,false
REJ-20260921-0209,RAW-20260921-TRK-NB-07-00209,2026-09-21T08:12:21Z,112,57343565XXXX,TRK-NB-07,UNMAPPED_TRUNK,2026-09-21T08:29:21Z,false
REJ-20260921-0057,RAW-20260921-TRK-NB-07-00057,2026-09-21T08:18:39Z,163,57350757XXXX,TRK-NB-07,UNMAPPED_TRUNK,2026-09-21T08:35:39Z,false
REJ-20260921-0010,RAW-20260921-TRK-NB-07-00010,2026-09-21T08:29:15Z,95,57322348XXXX,TRK-NB-07,UNMAPPED_TRUNK,2026-09-21T08:46:15Z,false
REJ-20260921-0390,RAW-20260921-TRK-NB-07-00390,2026-09-21T08:29:51Z,57,57397757XXXX,TRK-NB-07,UNMAPPED_TRUNK,2026-09-21T08:46:51Z,false
REJ-20260921-0288,RAW-20260921-TRK-NB-07-00288,2026-09-21T08:31:27Z,99,57384738XXXX,TRK-NB-07,UNMAPPED_TRUNK,2026-09-21T08:48:27Z,false
REJ-20260921-0256,RAW-20260921-TRK-NB-07-00256,2026-09-21T08:40:25Z,10,57321369XXXX,TRK-NB-07,UNMAPPED_TRUNK,2026-09-21T08:57:25Z,false
REJ-20260921-0379,RAW-20260921-TRK-NB-07-00379,2026-09-21T08:43:41Z,27,57394367XXXX,TRK-NB-07,UNMAPPED_TRUNK,2026-09-21T09:00:41Z,false
REJ-20260921-0353,RAW-20260921-TRK-NB-07-00353,2026-09-21T08:45:17Z,619,57328960XXXX,TRK-NB-07,UNMAPPED_TRUNK,2026-09-21T09:02:17Z,false
REJ-20260921-0361,RAW-20260921-TRK-NB-07-00361,2026-09-21T08:50:07Z,54,57333572XXXX,TRK-NB-07,UNMAPPED_TRUNK,2026-09-21T09:07:07Z,false
REJ-20260921-0164,RAW-20260921-TRK-NB-07-00164,2026-09-21T08:54:52Z,6,57354485XXXX,TRK-NB-07,UNMAPPED_TRUNK,2026-09-21T09:11:52Z,false
REJ-20260921-0059,RAW-20260921-TRK-NB-07-00059,2026-09-21T08:55:13Z,29,57366171XXXX,TRK-NB-07,UNMAPPED_TRUNK,2026-09-21T09:12:13Z,false
REJ-20260921-0228,RAW-20260921-TRK-NB-07-00228,2026-09-21T08:55:36Z,318,57329272XXXX,TRK-NB-07,UNMAPPED_TRUNK,2026-09-21T09:12:36Z,false
REJ-20260921-0225,RAW-20260921-TRK-NB-07-00225,2026-09-21T09:04:21Z,52,57396119XXXX,TRK-NB-07,UNMAPPED_TRUNK,2026-09-21T09:21:21Z,false
REJ-20260921-0203,RAW-20260921-TRK-NB-07-00203,2026-09-21T09:05:44Z,468,57379058XXXX,TRK-NB-07,UNMAPPED_TRUNK,2026-09-21T09:22:44Z,false
REJ-20260921-0071,RAW-20260921-TRK-NB-07-00071,2026-09-21T09:10:36Z,54,57321825XXXX,TRK-NB-07,UNMAPPED_TRUNK,2026-09-21T09:27:36Z,false
REJ-20260921-0016,RAW-20260921-TRK-NB-07-00016,2026-09-21T09:16:27Z,421,57398283XXXX,TRK-NB-07,UNMAPPED_TRUNK,2026-09-21T09:33:27Z,false
REJ-20260921-0276,RAW-20260921-TRK-NB-07-00276,2026-09-21T09:23:23Z,38,57394428XXXX,TRK-NB-07,UNMAPPED_TRUNK,2026-09-21T09:40:23Z,false
REJ-20260921-0271,RAW-20260921-TRK-NB-07-00271,2026-09-21T09:25:59Z,14,57313548XXXX,TRK-NB-07,UNMAPPED_TRUNK,2026-09-21T09:42:59Z,false
REJ-20260921-0240,RAW-20260921-TRK-NB-07-00240,2026-09-21T09:33:36Z,9,57308864XXXX,TRK-NB-07,UNMAPPED_TRUNK,2026-09-21T09:50:36Z,false
REJ-20260921-0018,RAW-20260921-TRK-NB-07-00018,2026-09-21T09:34:46Z,20,57336281XXXX,TRK-NB-07,UNMAPPED_TRUNK,2026-09-21T09:51:46Z,false
REJ-20260921-0215,RAW-20260921-TRK-NB-07-00215,2026-09-21T09:48:59Z,79,57385486XXXX,TRK-NB-07,UNMAPPED_TRUNK,2026-09-21T10:05:59Z,false
REJ-20260921-0400,RAW-20260921-TRK-NB-07-00400,2026-09-21T09:52:49Z,12,57362252XXXX,TRK-NB-07,UNMAPPED_TRUNK,2026-09-21T10:09:49Z,false
REJ-20260921-0257,RAW-20260921-TRK-NB-07-00257,2026-09-21T09:53:54Z,81,57369673XXXX,TRK-NB-07,UNMAPPED_TRUNK,2026-09-21T10:10:54Z,false
REJ-20260921-0264,RAW-20260921-TRK-NB-07-00264,2026-09-21T09:58:53Z,38,57382246XXXX,TRK-NB-07,UNMAPPED_TRUNK,2026-09-21T10:15:53Z,false
REJ-20260921-0359,RAW-20260921-TRK-NB-07-00359,2026-09-21T10:10:36Z,15,57321044XXXX,TRK-NB-07,UNMAPPED_TRUNK,2026-09-21T10:27:36Z,false
REJ-20260921-0378,RAW-20260921-TRK-NB-07-00378,2026-09-21T10:11:58Z,48,57383688XXXX,TRK-NB-07,UNMAPPED_TRUNK,2026-09-21T10:28:58Z,false
REJ-20260921-0075,RAW-20260921-TRK-NB-07-00075,2026-09-21T10:14:01Z,36,57347253XXXX,TRK-NB-07,UNMAPPED_TRUNK,2026-09-21T10:31:01Z,false
REJ-20260921-0096,RAW-20260921-TRK-NB-07-00096,2026-09-21T10:15:39Z,165,57340319XXXX,TRK-NB-07,UNMAPPED_TRUNK,2026-09-21T10:32:39Z,false
REJ-20260921-0312,RAW-20260921-TRK-NB-07-00312,2026-09-21T10:18:17Z,1368,57366705XXXX,TRK-NB-07,UNMAPPED_TRUNK,2026-09-21T10:35:17Z,false
REJ-20260921-0175,RAW-20260921-TRK-NB-07-00175,2026-09-21T10:23:11Z,289,57333832XXXX,TRK-NB-07,UNMAPPED_TRUNK,2026-09-21T10:40:11Z,false
REJ-20260921-0375,RAW-20260921-TRK-NB-07-00375,2026-09-21T10:27:46Z,16,57374735XXXX,TRK-NB-07,UNMAPPED_TRUNK,2026-09-21T10:44:46Z,false
REJ-20260921-0322,RAW-20260921-TRK-NB-07-00322,2026-09-21T10:27:49Z,29,57396628XXXX,TRK-NB-07,UNMAPPED_TRUNK,2026-09-21T10:44:49Z,false
REJ-20260921-0330,RAW-20260921-TRK-NB-07-00330,2026-09-21T10:32:15Z,122,57392500XXXX,TRK-NB-07,UNMAPPED_TRUNK,2026-09-21T10:49:15Z,false
REJ-20260921-0394,RAW-20260921-TRK-NB-07-00394,2026-09-21T10:35:14Z,65,57329865XXXX,TRK-NB-07,UNMAPPED_TRUNK,2026-09-21T10:52:14Z,false
REJ-20260921-0032,RAW-20260921-TRK-NB-07-00032,2026-09-21T10:44:20Z,51,57317688XXXX,TRK-NB-07,UNMAPPED_TRUNK,2026-09-21T11:01:20Z,false
REJ-20260921-0338,RAW-20260921-TRK-NB-07-00338,2026-09-21T10:44:21Z,168,57387607XXXX,TRK-NB-07,UNMAPPED_TRUNK,2026-09-21T11:01:21Z,false
REJ-20260921-0364,RAW-20260921-TRK-NB-07-00364,2026-09-21T10:46:47Z,25,57309838XXXX,TRK-NB-07,UNMAPPED_TRUNK,2026-09-21T11:03:47Z,false
REJ-20260921-0171,RAW-20260921-TRK-NB-07-00171,2026-09-21T10:58:00Z,11,57393105XXXX,TRK-NB-07,UNMAPPED_TRUNK,2026-09-21T11:15:00Z,false
REJ-20260921-0318,RAW-20260921-TRK-NB-07-00318,2026-09-21T11:00:29Z,47,57340146XXXX,TRK-NB-07,UNMAPPED_TRUNK,2026-09-21T11:17:29Z,false
REJ-20260921-0115,RAW-20260921-TRK-NB-07-00115,2026-09-21T11:03:32Z,121,57358008XXXX,TRK-NB-07,UNMAPPED_TRUNK,2026-09-21T11:20:32Z,false
REJ-20260921-0110,RAW-20260921-TRK-NB-07-00110,2026-09-21T11:08:07Z,139,57356224XXXX,TRK-NB-07,UNMAPPED_TRUNK,2026-09-21T11:25:07Z,false
REJ-20260921-0040,RAW-20260921-TRK-NB-07-00040,2026-09-21T11:09:46Z,333,57334327XXXX,TRK-NB-07,UNMAPPED_TRUNK,2026-09-21T11:26:46Z,false
REJ-20260921-0291,RAW-20260921-TRK-NB-07-00291,2026-09-21T11:11:54Z,53,57362066XXXX,TRK-NB-07,UNMAPPED_TRUNK,2026-09-21T11:28:54Z,false
REJ-20260921-D017,RAW-20260921-TRK-NB-03-DUP017,2026-09-21T11:23:33Z,167,57307457XXXX,TRK-NB-03,DUPLICATE,2026-09-21T11:40:33Z,false
REJ-20260921-0067,RAW-20260921-TRK-NB-07-00067,2026-09-21T11:29:56Z,199,57389397XXXX,TRK-NB-07,UNMAPPED_TRUNK,2026-09-21T11:46:56Z,false
REJ-20260921-0044,RAW-20260921-TRK-NB-07-00044,2026-09-21T11:31:11Z,19,57386949XXXX,TRK-NB-07,UNMAPPED_TRUNK,2026-09-21T11:48:11Z,false
REJ-20260921-0345,RAW-20260921-TRK-NB-07-00345,2026-09-21T11:31:38Z,218,57313316XXXX,TRK-NB-07,UNMAPPED_TRUNK,2026-09-21T11:48:38Z,false
REJ-20260921-0385,RAW-20260921-TRK-NB-07-00385,2026-09-21T11:32:48Z,327,57393030XXXX,TRK-NB-07,UNMAPPED_TRUNK,2026-09-21T11:49:48Z,false
REJ-20260921-0140,RAW-20260921-TRK-NB-07-00140,2026-09-21T11:34:53Z,356,57389011XXXX,TRK-NB-07,UNMAPPED_TRUNK,2026-09-21T11:51:53Z,false
REJ-20260921-0046,RAW-20260921-TRK-NB-07-00046,2026-09-21T11:37:08Z,3,57333727XXXX,TRK-NB-07,UNMAPPED_TRUNK,2026-09-21T11:54:08Z,false
REJ-20260921-0109,RAW-20260921-TRK-NB-07-00109,2026-09-21T11:37:32Z,892,57334345XXXX,TRK-NB-07,UNMAPPED_TRUNK,2026-09-21T11:54:32Z,false
REJ-20260921-0347,RAW-20260921-TRK-NB-07-00347,2026-09-21T11:41:34Z,6,57393479XXXX,TRK-NB-07,UNMAPPED_TRUNK,2026-09-21T11:58:34Z,false
REJ-20260921-0293,RAW-20260921-TRK-NB-07-00293,2026-09-21T11:41:55Z,47,57398280XXXX,TRK-NB-07,UNMAPPED_TRUNK,2026-09-21T11:58:55Z,false
REJ-20260921-0356,RAW-20260921-TRK-NB-07-00356,2026-09-21T11:49:10Z,40,57373088XXXX,TRK-NB-07,UNMAPPED_TRUNK,2026-09-21T12:06:10Z,false
REJ-20260921-0017,RAW-20260921-TRK-NB-07-00017,2026-09-21T11:54:02Z,111,57333303XXXX,TRK-NB-07,UNMAPPED_TRUNK,2026-09-21T12:11:02Z,false
REJ-20260921-0355,RAW-20260921-TRK-NB-07-00355,2026-09-21T11:56:45Z,16,57364232XXXX,TRK-NB-07,UNMAPPED_TRUNK,2026-09-21T12:13:45Z,false
REJ-20260921-0034,RAW-20260921-TRK-NB-07-00034,2026-09-21T11:58:05Z,44,57325416XXXX,TRK-NB-07,UNMAPPED_TRUNK,2026-09-21T12:15:05Z,false
REJ-20260921-0158,RAW-20260921-TRK-NB-07-00158,2026-09-21T11:59:11Z,98,57339396XXXX,TRK-NB-07,UNMAPPED_TRUNK,2026-09-21T12:16:11Z,false
REJ-20260921-0272,RAW-20260921-TRK-NB-07-00272,2026-09-21T12:00:37Z,98,57318402XXXX,TRK-NB-07,UNMAPPED_TRUNK,2026-09-21T12:17:37Z,false
REJ-20260921-0231,RAW-20260921-TRK-NB-07-00231,2026-09-21T12:00:46Z,22,57386766XXXX,TRK-NB-07,UNMAPPED_TRUNK,2026-09-21T12:17:46Z,false
REJ-20260921-0058,RAW-20260921-TRK-NB-07-00058,2026-09-21T12:02:20Z,461,57309261XXXX,TRK-NB-07,UNMAPPED_TRUNK,2026-09-21T12:19:20Z,false
REJ-20260921-0360,RAW-20260921-TRK-NB-07-00360,2026-09-21T12:04:04Z,74,57329364XXXX,TRK-NB-07,UNMAPPED_TRUNK,2026-09-21T12:21:04Z,false
REJ-20260921-0319,RAW-20260921-TRK-NB-07-00319,2026-09-21T12:05:11Z,21,57386441XXXX,TRK-NB-07,UNMAPPED_TRUNK,2026-09-21T12:22:11Z,false
REJ-20260921-0270,RAW-20260921-TRK-NB-07-00270,2026-09-21T12:08:05Z,360,57384808XXXX,TRK-NB-07,UNMAPPED_TRUNK,2026-09-21T12:25:05Z,false
REJ-20260921-0074,RAW-20260921-TRK-NB-07-00074,2026-09-21T12:11:13Z,57,57369472XXXX,TRK-NB-07,UNMAPPED_TRUNK,2026-09-21T12:28:13Z,false
REJ-20260921-0285,RAW-20260921-TRK-NB-07-00285,2026-09-21T12:12:07Z,211,57338165XXXX,TRK-NB-07,UNMAPPED_TRUNK,2026-09-21T12:29:07Z,false
REJ-20260921-0282,RAW-20260921-TRK-NB-07-00282,2026-09-21T12:27:12Z,161,57398060XXXX,TRK-NB-07,UNMAPPED_TRUNK,2026-09-21T12:44:12Z,false
REJ-20260921-0185,RAW-20260921-TRK-NB-07-00185,2026-09-21T12:32:15Z,9,57386021XXXX,TRK-NB-07,UNMAPPED_TRUNK,2026-09-21T12:49:15Z,false
REJ-20260921-0119,RAW-20260921-TRK-NB-07-00119,2026-09-21T12:41:35Z,1,57364999XXXX,TRK-NB-07,UNMAPPED_TRUNK,2026-09-21T12:58:35Z,false
REJ-20260921-0020,RAW-20260921-TRK-NB-07-00020,2026-09-21T12:43:32Z,100,57331932XXXX,TRK-NB-07,UNMAPPED_TRUNK,2026-09-21T13:00:32Z,false
REJ-20260921-0125,RAW-20260921-TRK-NB-07-00125,2026-09-21T12:58:21Z,24,57391890XXXX,TRK-NB-07,UNMAPPED_TRUNK,2026-09-21T13:15:21Z,false
REJ-20260921-0370,RAW-20260921-TRK-NB-07-00370,2026-09-21T12:59:05Z,74,57363752XXXX,TRK-NB-07,UNMAPPED_TRUNK,2026-09-21T13:16:05Z,false
REJ-20260921-0266,RAW-20260921-TRK-NB-07-00266,2026-09-21T12:59:24Z,22,57356333XXXX,TRK-NB-07,UNMAPPED_TRUNK,2026-09-21T13:16:24Z,false
REJ-20260921-0217,RAW-20260921-TRK-NB-07-00217,2026-09-21T13:05:09Z,41,57396889XXXX,TRK-NB-07,UNMAPPED_TRUNK,2026-09-21T13:22:09Z,false
REJ-20260921-0245,RAW-20260921-TRK-NB-07-00245,2026-09-21T13:05:51Z,1,57306504XXXX,TRK-NB-07,UNMAPPED_TRUNK,2026-09-21T13:22:51Z,false
REJ-20260921-0340,RAW-20260921-TRK-NB-07-00340,2026-09-21T13:06:05Z,132,57317907XXXX,TRK-NB-07,UNMAPPED_TRUNK,2026-09-21T13:23:05Z,false
REJ-20260921-0145,RAW-20260921-TRK-NB-07-00145,2026-09-21T13:09:33Z,185,57318750XXXX,TRK-NB-07,UNMAPPED_TRUNK,2026-09-21T13:26:33Z,false
REJ-20260921-0120,RAW-20260921-TRK-NB-07-00120,2026-09-21T13:09:45Z,140,57340375XXXX,TRK-NB-07,UNMAPPED_TRUNK,2026-09-21T13:26:45Z,false
REJ-20260921-0311,RAW-20260921-TRK-NB-07-00311,2026-09-21T13:15:03Z,19,57372361XXXX,TRK-NB-07,UNMAPPED_TRUNK,2026-09-21T13:32:03Z,false
REJ-20260921-0283,RAW-20260921-TRK-NB-07-00283,2026-09-21T13:15:21Z,89,57317041XXXX,TRK-NB-07,UNMAPPED_TRUNK,2026-09-21T13:32:21Z,false
REJ-20260921-0198,RAW-20260921-TRK-NB-07-00198,2026-09-21T13:17:09Z,16,57317575XXXX,TRK-NB-07,UNMAPPED_TRUNK,2026-09-21T13:34:09Z,false
REJ-20260921-0230,RAW-20260921-TRK-NB-07-00230,2026-09-21T13:26:50Z,128,57369235XXXX,TRK-NB-07,UNMAPPED_TRUNK,2026-09-21T13:43:50Z,false
REJ-20260921-0062,RAW-20260921-TRK-NB-07-00062,2026-09-21T13:40:25Z,63,57326446XXXX,TRK-NB-07,UNMAPPED_TRUNK,2026-09-21T13:57:25Z,false
REJ-20260921-0015,RAW-20260921-TRK-NB-07-00015,2026-09-21T13:46:55Z,50,57343598XXXX,TRK-NB-07,UNMAPPED_TRUNK,2026-09-21T14:03:55Z,false
REJ-20260921-0261,RAW-20260921-TRK-NB-07-00261,2026-09-21T13:50:45Z,447,57303402XXXX,TRK-NB-07,UNMAPPED_TRUNK,2026-09-21T14:07:45Z,false
REJ-20260921-0236,RAW-20260921-TRK-NB-07-00236,2026-09-21T13:53:20Z,55,57377590XXXX,TRK-NB-07,UNMAPPED_TRUNK,2026-09-21T14:10:20Z,false
REJ-20260921-0139,RAW-20260921-TRK-NB-07-00139,2026-09-21T13:58:35Z,22,57323843XXXX,TRK-NB-07,UNMAPPED_TRUNK,2026-09-21T14:15:35Z,false
REJ-20260921-0077,RAW-20260921-TRK-NB-07-00077,2026-09-21T14:02:16Z,44,57330893XXXX,TRK-NB-07,UNMAPPED_TRUNK,2026-09-21T14:19:16Z,false
REJ-20260921-0383,RAW-20260921-TRK-NB-07-00383,2026-09-21T14:08:58Z,133,57334478XXXX,TRK-NB-07,UNMAPPED_TRUNK,2026-09-21T14:25:58Z,false
REJ-20260921-0190,RAW-20260921-TRK-NB-07-00190,2026-09-21T14:19:21Z,18,57336612XXXX,TRK-NB-07,UNMAPPED_TRUNK,2026-09-21T14:36:21Z,false
REJ-20260921-0047,RAW-20260921-TRK-NB-07-00047,2026-09-21T14:21:45Z,37,57354662XXXX,TRK-NB-07,UNMAPPED_TRUNK,2026-09-21T14:38:45Z,false
REJ-20260921-0081,RAW-20260921-TRK-NB-07-00081,2026-09-21T14:21:55Z,368,57309122XXXX,TRK-NB-07,UNMAPPED_TRUNK,2026-09-21T14:38:55Z,false
REJ-20260921-0068,RAW-20260921-TRK-NB-07-00068,2026-09-21T14:33:34Z,164,57347719XXXX,TRK-NB-07,UNMAPPED_TRUNK,2026-09-21T14:50:34Z,false
REJ-20260921-0207,RAW-20260921-TRK-NB-07-00207,2026-09-21T14:36:34Z,25,57366901XXXX,TRK-NB-07,UNMAPPED_TRUNK,2026-09-21T14:53:34Z,false
REJ-20260921-0269,RAW-20260921-TRK-NB-07-00269,2026-09-21T14:37:34Z,61,57326947XXXX,TRK-NB-07,UNMAPPED_TRUNK,2026-09-21T14:54:34Z,false
REJ-20260921-0242,RAW-20260921-TRK-NB-07-00242,2026-09-21T14:44:57Z,113,57300593XXXX,TRK-NB-07,UNMAPPED_TRUNK,2026-09-21T15:01:57Z,false
REJ-20260921-0202,RAW-20260921-TRK-NB-07-00202,2026-09-21T14:47:52Z,135,57315700XXXX,TRK-NB-07,UNMAPPED_TRUNK,2026-09-21T15:04:52Z,false
REJ-20260921-0314,RAW-20260921-TRK-NB-07-00314,2026-09-21T14:49:59Z,39,57380204XXXX,TRK-NB-07,UNMAPPED_TRUNK,2026-09-21T15:06:59Z,false
REJ-20260921-0023,RAW-20260921-TRK-NB-07-00023,2026-09-21T14:53:38Z,18,57345458XXXX,TRK-NB-07,UNMAPPED_TRUNK,2026-09-21T15:10:38Z,false
REJ-20260921-0127,RAW-20260921-TRK-NB-07-00127,2026-09-21T14:59:15Z,146,57319291XXXX,TRK-NB-07,UNMAPPED_TRUNK,2026-09-21T15:16:15Z,false
REJ-20260921-0123,RAW-20260921-TRK-NB-07-00123,2026-09-21T15:01:22Z,24,57373933XXXX,TRK-NB-07,UNMAPPED_TRUNK,2026-09-21T15:18:22Z,false
REJ-20260921-0102,RAW-20260921-TRK-NB-07-00102,2026-09-21T15:03:04Z,40,57383915XXXX,TRK-NB-07,UNMAPPED_TRUNK,2026-09-21T15:20:04Z,false
REJ-20260921-0049,RAW-20260921-TRK-NB-07-00049,2026-09-21T15:07:19Z,7,57376720XXXX,TRK-NB-07,UNMAPPED_TRUNK,2026-09-21T15:24:19Z,false
REJ-20260921-0315,RAW-20260921-TRK-NB-07-00315,2026-09-21T15:08:36Z,805,57365778XXXX,TRK-NB-07,UNMAPPED_TRUNK,2026-09-21T15:25:36Z,false
REJ-20260921-0392,RAW-20260921-TRK-NB-07-00392,2026-09-21T15:11:47Z,101,57386072XXXX,TRK-NB-07,UNMAPPED_TRUNK,2026-09-21T15:28:47Z,false
REJ-20260921-0142,RAW-20260921-TRK-NB-07-00142,2026-09-21T15:13:33Z,39,57359702XXXX,TRK-NB-07,UNMAPPED_TRUNK,2026-09-21T15:30:33Z,false
REJ-20260921-0053,RAW-20260921-TRK-NB-07-00053,2026-09-21T15:25:17Z,98,57366504XXXX,TRK-NB-07,UNMAPPED_TRUNK,2026-09-21T15:42:17Z,false
REJ-20260921-0030,RAW-20260921-TRK-NB-07-00030,2026-09-21T15:31:34Z,50,57303761XXXX,TRK-NB-07,UNMAPPED_TRUNK,2026-09-21T15:48:34Z,false
REJ-20260921-0214,RAW-20260921-TRK-NB-07-00214,2026-09-21T15:34:40Z,834,57350589XXXX,TRK-NB-07,UNMAPPED_TRUNK,2026-09-21T15:51:40Z,false
REJ-20260921-0150,RAW-20260921-TRK-NB-07-00150,2026-09-21T15:39:26Z,173,57354187XXXX,TRK-NB-07,UNMAPPED_TRUNK,2026-09-21T15:56:26Z,false
REJ-20260921-0052,RAW-20260921-TRK-NB-07-00052,2026-09-21T15:39:49Z,11,57345416XXXX,TRK-NB-07,UNMAPPED_TRUNK,2026-09-21T15:56:49Z,false
REJ-20260921-0194,RAW-20260921-TRK-NB-07-00194,2026-09-21T15:40:09Z,42,57337485XXXX,TRK-NB-07,UNMAPPED_TRUNK,2026-09-21T15:57:09Z,false
REJ-20260921-0116,RAW-20260921-TRK-NB-07-00116,2026-09-21T15:41:19Z,31,57322693XXXX,TRK-NB-07,UNMAPPED_TRUNK,2026-09-21T15:58:19Z,false
REJ-20260921-0259,RAW-20260921-TRK-NB-07-00259,2026-09-21T15:41:31Z,4,57354109XXXX,TRK-NB-07,UNMAPPED_TRUNK,2026-09-21T15:58:31Z,false
REJ-20260921-0002,RAW-20260921-TRK-NB-07-00002,2026-09-21T15:42:53Z,74,57378264XXXX,TRK-NB-07,UNMAPPED_TRUNK,2026-09-21T15:59:53Z,false
REJ-20260921-0130,RAW-20260921-TRK-NB-07-00130,2026-09-21T15:43:18Z,35,57363658XXXX,TRK-NB-07,UNMAPPED_TRUNK,2026-09-21T16:00:18Z,false
REJ-20260921-0279,RAW-20260921-TRK-NB-07-00279,2026-09-21T15:49:42Z,451,57345960XXXX,TRK-NB-07,UNMAPPED_TRUNK,2026-09-21T16:06:42Z,false
REJ-20260921-0161,RAW-20260921-TRK-NB-07-00161,2026-09-21T15:56:08Z,129,57328928XXXX,TRK-NB-07,UNMAPPED_TRUNK,2026-09-21T16:13:08Z,false
REJ-20260921-0001,RAW-20260921-TRK-NB-07-00001,2026-09-21T15:56:29Z,229,57349525XXXX,TRK-NB-07,UNMAPPED_TRUNK,2026-09-21T16:13:29Z,false
REJ-20260921-0292,RAW-20260921-TRK-NB-07-00292,2026-09-21T15:59:54Z,131,57376100XXXX,TRK-NB-07,UNMAPPED_TRUNK,2026-09-21T16:16:54Z,false
REJ-20260921-0097,RAW-20260921-TRK-NB-07-00097,2026-09-21T16:03:32Z,55,57336226XXXX,TRK-NB-07,UNMAPPED_TRUNK,2026-09-21T16:20:32Z,false
REJ-20260921-0066,RAW-20260921-TRK-NB-07-00066,2026-09-21T16:04:00Z,281,57353560XXXX,TRK-NB-07,UNMAPPED_TRUNK,2026-09-21T16:21:00Z,false
REJ-20260921-0303,RAW-20260921-TRK-NB-07-00303,2026-09-21T16:04:31Z,34,57364788XXXX,TRK-NB-07,UNMAPPED_TRUNK,2026-09-21T16:21:31Z,false
REJ-20260921-0323,RAW-20260921-TRK-NB-07-00323,2026-09-21T16:05:46Z,112,57355103XXXX,TRK-NB-07,UNMAPPED_TRUNK,2026-09-21T16:22:46Z,false
REJ-20260921-0174,RAW-20260921-TRK-NB-07-00174,2026-09-21T16:06:58Z,202,57323703XXXX,TRK-NB-07,UNMAPPED_TRUNK,2026-09-21T16:23:58Z,false
REJ-20260921-0331,RAW-20260921-TRK-NB-07-00331,2026-09-21T16:07:40Z,36,57355808XXXX,TRK-NB-07,UNMAPPED_TRUNK,2026-09-21T16:24:40Z,false
REJ-20260921-0307,RAW-20260921-TRK-NB-07-00307,2026-09-21T16:10:18Z,11,57375993XXXX,TRK-NB-07,UNMAPPED_TRUNK,2026-09-21T16:27:18Z,false
REJ-20260921-0350,RAW-20260921-TRK-NB-07-00350,2026-09-21T16:12:34Z,415,57399854XXXX,TRK-NB-07,UNMAPPED_TRUNK,2026-09-21T16:29:34Z,false
REJ-20260921-0051,RAW-20260921-TRK-NB-07-00051,2026-09-21T16:12:49Z,179,57330275XXXX,TRK-NB-07,UNMAPPED_TRUNK,2026-09-21T16:29:49Z,false
REJ-20260921-0337,RAW-20260921-TRK-NB-07-00337,2026-09-21T16:15:08Z,55,57332112XXXX,TRK-NB-07,UNMAPPED_TRUNK,2026-09-21T16:32:08Z,false
REJ-20260921-0091,RAW-20260921-TRK-NB-07-00091,2026-09-21T16:27:18Z,89,57392977XXXX,TRK-NB-07,UNMAPPED_TRUNK,2026-09-21T16:44:18Z,false
REJ-20260921-D018,RAW-20260921-TRK-NB-02-DUP018,2026-09-21T16:29:30Z,32,52137252XXXX,TRK-NB-02,DUPLICATE,2026-09-21T16:46:30Z,false
REJ-20260921-0342,RAW-20260921-TRK-NB-07-00342,2026-09-21T16:35:49Z,60,57324713XXXX,TRK-NB-07,UNMAPPED_TRUNK,2026-09-21T16:52:49Z,false
REJ-20260921-0281,RAW-20260921-TRK-NB-07-00281,2026-09-21T16:39:12Z,46,57384124XXXX,TRK-NB-07,UNMAPPED_TRUNK,2026-09-21T16:56:12Z,false
REJ-20260921-0177,RAW-20260921-TRK-NB-07-00177,2026-09-21T16:42:07Z,358,57332795XXXX,TRK-NB-07,UNMAPPED_TRUNK,2026-09-21T16:59:07Z,false
REJ-20260921-0154,RAW-20260921-TRK-NB-07-00154,2026-09-21T16:53:21Z,16,57388478XXXX,TRK-NB-07,UNMAPPED_TRUNK,2026-09-21T17:10:21Z,false
REJ-20260921-0280,RAW-20260921-TRK-NB-07-00280,2026-09-21T16:53:41Z,50,57356675XXXX,TRK-NB-07,UNMAPPED_TRUNK,2026-09-21T17:10:41Z,false
REJ-20260921-0321,RAW-20260921-TRK-NB-07-00321,2026-09-21T17:00:03Z,275,57391352XXXX,TRK-NB-07,UNMAPPED_TRUNK,2026-09-21T17:17:03Z,false
REJ-20260921-0284,RAW-20260921-TRK-NB-07-00284,2026-09-21T17:04:16Z,139,57378539XXXX,TRK-NB-07,UNMAPPED_TRUNK,2026-09-21T17:21:16Z,false
REJ-20260921-0101,RAW-20260921-TRK-NB-07-00101,2026-09-21T17:05:47Z,112,57305944XXXX,TRK-NB-07,UNMAPPED_TRUNK,2026-09-21T17:22:47Z,false
REJ-20260921-0304,RAW-20260921-TRK-NB-07-00304,2026-09-21T17:07:31Z,53,57364527XXXX,TRK-NB-07,UNMAPPED_TRUNK,2026-09-21T17:24:31Z,false
REJ-20260921-0391,RAW-20260921-TRK-NB-07-00391,2026-09-21T17:16:47Z,156,57323802XXXX,TRK-NB-07,UNMAPPED_TRUNK,2026-09-21T17:33:47Z,false
REJ-20260921-0180,RAW-20260921-TRK-NB-07-00180,2026-09-21T17:17:10Z,35,57346990XXXX,TRK-NB-07,UNMAPPED_TRUNK,2026-09-21T17:34:10Z,false
REJ-20260921-0349,RAW-20260921-TRK-NB-07-00349,2026-09-21T17:18:23Z,152,57347280XXXX,TRK-NB-07,UNMAPPED_TRUNK,2026-09-21T17:35:23Z,false
REJ-20260921-0204,RAW-20260921-TRK-NB-07-00204,2026-09-21T17:22:27Z,69,57326592XXXX,TRK-NB-07,UNMAPPED_TRUNK,2026-09-21T17:39:27Z,false
REJ-20260921-0393,RAW-20260921-TRK-NB-07-00393,2026-09-21T17:31:22Z,1263,57316272XXXX,TRK-NB-07,UNMAPPED_TRUNK,2026-09-21T17:48:22Z,false
REJ-20260921-0186,RAW-20260921-TRK-NB-07-00186,2026-09-21T17:40:03Z,379,57386956XXXX,TRK-NB-07,UNMAPPED_TRUNK,2026-09-21T17:57:03Z,false
REJ-20260921-0036,RAW-20260921-TRK-NB-07-00036,2026-09-21T17:44:23Z,434,57319072XXXX,TRK-NB-07,UNMAPPED_TRUNK,2026-09-21T18:01:23Z,false
REJ-20260921-0369,RAW-20260921-TRK-NB-07-00369,2026-09-21T17:45:01Z,17,57368797XXXX,TRK-NB-07,UNMAPPED_TRUNK,2026-09-21T18:02:01Z,false
REJ-20260921-0354,RAW-20260921-TRK-NB-07-00354,2026-09-21T17:53:03Z,558,57302502XXXX,TRK-NB-07,UNMAPPED_TRUNK,2026-09-21T18:10:03Z,false
REJ-20260921-0222,RAW-20260921-TRK-NB-07-00222,2026-09-21T17:59:41Z,62,57332678XXXX,TRK-NB-07,UNMAPPED_TRUNK,2026-09-21T18:16:41Z,false
REJ-20260921-0159,RAW-20260921-TRK-NB-07-00159,2026-09-21T18:00:15Z,52,57310662XXXX,TRK-NB-07,UNMAPPED_TRUNK,2026-09-21T18:17:15Z,false
REJ-20260921-0147,RAW-20260921-TRK-NB-07-00147,2026-09-21T18:02:42Z,46,57373653XXXX,TRK-NB-07,UNMAPPED_TRUNK,2026-09-21T18:19:42Z,false
REJ-20260921-0387,RAW-20260921-TRK-NB-07-00387,2026-09-21T18:08:44Z,95,57307290XXXX,TRK-NB-07,UNMAPPED_TRUNK,2026-09-21T18:25:44Z,false
REJ-20260921-0381,RAW-20260921-TRK-NB-07-00381,2026-09-21T18:17:06Z,130,57371884XXXX,TRK-NB-07,UNMAPPED_TRUNK,2026-09-21T18:34:06Z,false
REJ-20260921-0117,RAW-20260921-TRK-NB-07-00117,2026-09-21T18:22:47Z,652,57334505XXXX,TRK-NB-07,UNMAPPED_TRUNK,2026-09-21T18:39:47Z,false
REJ-20260921-0395,RAW-20260921-TRK-NB-07-00395,2026-09-21T18:27:31Z,446,57394176XXXX,TRK-NB-07,UNMAPPED_TRUNK,2026-09-21T18:44:31Z,false
REJ-20260921-0237,RAW-20260921-TRK-NB-07-00237,2026-09-21T18:46:05Z,11,57339890XXXX,TRK-NB-07,UNMAPPED_TRUNK,2026-09-21T19:03:05Z,false
REJ-20260921-0357,RAW-20260921-TRK-NB-07-00357,2026-09-21T18:49:22Z,233,57349282XXXX,TRK-NB-07,UNMAPPED_TRUNK,2026-09-21T19:06:22Z,false
REJ-20260921-0223,RAW-20260921-TRK-NB-07-00223,2026-09-21T18:49:27Z,9,57353600XXXX,TRK-NB-07,UNMAPPED_TRUNK,2026-09-21T19:06:27Z,false
REJ-20260921-0233,RAW-20260921-TRK-NB-07-00233,2026-09-21T18:54:37Z,230,57333634XXXX,TRK-NB-07,UNMAPPED_TRUNK,2026-09-21T19:11:37Z,false
REJ-20260921-0193,RAW-20260921-TRK-NB-07-00193,2026-09-21T18:55:10Z,54,57316076XXXX,TRK-NB-07,UNMAPPED_TRUNK,2026-09-21T19:12:10Z,false
REJ-20260921-0243,RAW-20260921-TRK-NB-07-00243,2026-09-21T18:55:49Z,217,57349349XXXX,TRK-NB-07,UNMAPPED_TRUNK,2026-09-21T19:12:49Z,false
REJ-20260921-0302,RAW-20260921-TRK-NB-07-00302,2026-09-21T19:02:59Z,69,57303338XXXX,TRK-NB-07,UNMAPPED_TRUNK,2026-09-21T19:19:59Z,false
REJ-20260921-0265,RAW-20260921-TRK-NB-07-00265,2026-09-21T19:05:28Z,116,57301375XXXX,TRK-NB-07,UNMAPPED_TRUNK,2026-09-21T19:22:28Z,false
REJ-20260921-0299,RAW-20260921-TRK-NB-07-00299,2026-09-21T19:06:41Z,41,57320296XXXX,TRK-NB-07,UNMAPPED_TRUNK,2026-09-21T19:23:41Z,false
REJ-20260921-0165,RAW-20260921-TRK-NB-07-00165,2026-09-21T19:08:13Z,160,57341754XXXX,TRK-NB-07,UNMAPPED_TRUNK,2026-09-21T19:25:13Z,false
REJ-20260921-0295,RAW-20260921-TRK-NB-07-00295,2026-09-21T19:15:09Z,99,57344675XXXX,TRK-NB-07,UNMAPPED_TRUNK,2026-09-21T19:32:09Z,false
REJ-20260921-0118,RAW-20260921-TRK-NB-07-00118,2026-09-21T19:20:09Z,117,57359655XXXX,TRK-NB-07,UNMAPPED_TRUNK,2026-09-21T19:37:09Z,false
REJ-20260921-0133,RAW-20260921-TRK-NB-07-00133,2026-09-21T19:21:07Z,5,57304550XXXX,TRK-NB-07,UNMAPPED_TRUNK,2026-09-21T19:38:07Z,false
REJ-20260921-0249,RAW-20260921-TRK-NB-07-00249,2026-09-21T19:23:13Z,21,57354106XXXX,TRK-NB-07,UNMAPPED_TRUNK,2026-09-21T19:40:13Z,false
REJ-20260921-0169,RAW-20260921-TRK-NB-07-00169,2026-09-21T19:25:59Z,244,57359291XXXX,TRK-NB-07,UNMAPPED_TRUNK,2026-09-21T19:42:59Z,false
REJ-20260921-0208,RAW-20260921-TRK-NB-07-00208,2026-09-21T19:26:27Z,324,57397255XXXX,TRK-NB-07,UNMAPPED_TRUNK,2026-09-21T19:43:27Z,false
REJ-20260921-0327,RAW-20260921-TRK-NB-07-00327,2026-09-21T19:32:47Z,24,57397630XXXX,TRK-NB-07,UNMAPPED_TRUNK,2026-09-21T19:49:47Z,false
REJ-20260921-0050,RAW-20260921-TRK-NB-07-00050,2026-09-21T19:34:48Z,146,57378506XXXX,TRK-NB-07,UNMAPPED_TRUNK,2026-09-21T19:51:48Z,false
REJ-20260921-0373,RAW-20260921-TRK-NB-07-00373,2026-09-21T19:40:27Z,164,57325973XXXX,TRK-NB-07,UNMAPPED_TRUNK,2026-09-21T19:57:27Z,false
REJ-20260921-0024,RAW-20260921-TRK-NB-07-00024,2026-09-21T19:44:25Z,417,57350069XXXX,TRK-NB-07,UNMAPPED_TRUNK,2026-09-21T20:01:25Z,false
REJ-20260921-0229,RAW-20260921-TRK-NB-07-00229,2026-09-21T19:49:03Z,546,57314671XXXX,TRK-NB-07,UNMAPPED_TRUNK,2026-09-21T20:06:03Z,false
REJ-20260921-0143,RAW-20260921-TRK-NB-07-00143,2026-09-21T19:52:16Z,10,57332245XXXX,TRK-NB-07,UNMAPPED_TRUNK,2026-09-21T20:09:16Z,false
REJ-20260921-0019,RAW-20260921-TRK-NB-07-00019,2026-09-21T20:04:24Z,197,57336314XXXX,TRK-NB-07,UNMAPPED_TRUNK,2026-09-21T20:21:24Z,false
REJ-20260921-0005,RAW-20260921-TRK-NB-07-00005,2026-09-21T20:09:35Z,36,57383512XXXX,TRK-NB-07,UNMAPPED_TRUNK,2026-09-21T20:26:35Z,false
REJ-20260921-0195,RAW-20260921-TRK-NB-07-00195,2026-09-21T20:13:45Z,94,57326943XXXX,TRK-NB-07,UNMAPPED_TRUNK,2026-09-21T20:30:45Z,false
REJ-20260921-0372,RAW-20260921-TRK-NB-07-00372,2026-09-21T20:19:23Z,31,57373556XXXX,TRK-NB-07,UNMAPPED_TRUNK,2026-09-21T20:36:23Z,false
REJ-20260921-0247,RAW-20260921-TRK-NB-07-00247,2026-09-21T20:19:31Z,40,57390287XXXX,TRK-NB-07,UNMAPPED_TRUNK,2026-09-21T20:36:31Z,false
REJ-20260921-0167,RAW-20260921-TRK-NB-07-00167,2026-09-21T20:20:42Z,42,57354091XXXX,TRK-NB-07,UNMAPPED_TRUNK,2026-09-21T20:37:42Z,false
REJ-20260921-0041,RAW-20260921-TRK-NB-07-00041,2026-09-21T20:21:28Z,27,57376395XXXX,TRK-NB-07,UNMAPPED_TRUNK,2026-09-21T20:38:28Z,false
REJ-20260921-0141,RAW-20260921-TRK-NB-07-00141,2026-09-21T20:33:05Z,14,57326653XXXX,TRK-NB-07,UNMAPPED_TRUNK,2026-09-21T20:50:05Z,false
REJ-20260921-0042,RAW-20260921-TRK-NB-07-00042,2026-09-21T20:35:40Z,78,57345807XXXX,TRK-NB-07,UNMAPPED_TRUNK,2026-09-21T20:52:40Z,false
REJ-20260921-0351,RAW-20260921-TRK-NB-07-00351,2026-09-21T20:39:05Z,10,57381073XXXX,TRK-NB-07,UNMAPPED_TRUNK,2026-09-21T20:56:05Z,false
REJ-20260921-0082,RAW-20260921-TRK-NB-07-00082,2026-09-21T20:41:47Z,308,57339205XXXX,TRK-NB-07,UNMAPPED_TRUNK,2026-09-21T20:58:47Z,false
REJ-20260921-0162,RAW-20260921-TRK-NB-07-00162,2026-09-21T20:44:47Z,113,57347937XXXX,TRK-NB-07,UNMAPPED_TRUNK,2026-09-21T21:01:47Z,false
REJ-20260921-0218,RAW-20260921-TRK-NB-07-00218,2026-09-21T20:48:01Z,2,57319362XXXX,TRK-NB-07,UNMAPPED_TRUNK,2026-09-21T21:05:01Z,false
REJ-20260921-0205,RAW-20260921-TRK-NB-07-00205,2026-09-21T20:51:50Z,709,57303111XXXX,TRK-NB-07,UNMAPPED_TRUNK,2026-09-21T21:08:50Z,false
REJ-20260921-0348,RAW-20260921-TRK-NB-07-00348,2026-09-21T20:52:48Z,33,57303292XXXX,TRK-NB-07,UNMAPPED_TRUNK,2026-09-21T21:09:48Z,false
REJ-20260921-0235,RAW-20260921-TRK-NB-07-00235,2026-09-21T20:54:33Z,180,57316790XXXX,TRK-NB-07,UNMAPPED_TRUNK,2026-09-21T21:11:33Z,false
REJ-20260921-0086,RAW-20260921-TRK-NB-07-00086,2026-09-21T21:02:31Z,144,57381782XXXX,TRK-NB-07,UNMAPPED_TRUNK,2026-09-21T21:19:31Z,false
REJ-20260921-0106,RAW-20260921-TRK-NB-07-00106,2026-09-21T21:09:54Z,11,57315714XXXX,TRK-NB-07,UNMAPPED_TRUNK,2026-09-21T21:26:54Z,false
REJ-20260921-0184,RAW-20260921-TRK-NB-07-00184,2026-09-21T21:12:37Z,227,57330367XXXX,TRK-NB-07,UNMAPPED_TRUNK,2026-09-21T21:29:37Z,false
REJ-20260921-0263,RAW-20260921-TRK-NB-07-00263,2026-09-21T21:20:24Z,47,57331583XXXX,TRK-NB-07,UNMAPPED_TRUNK,2026-09-21T21:37:24Z,false
REJ-20260921-0334,RAW-20260921-TRK-NB-07-00334,2026-09-21T21:20:34Z,19,57302977XXXX,TRK-NB-07,UNMAPPED_TRUNK,2026-09-21T21:37:34Z,false
REJ-20260921-0305,RAW-20260921-TRK-NB-07-00305,2026-09-21T21:22:13Z,56,57386855XXXX,TRK-NB-07,UNMAPPED_TRUNK,2026-09-21T21:39:13Z,false
REJ-20260921-0250,RAW-20260921-TRK-NB-07-00250,2026-09-21T21:23:14Z,45,57362939XXXX,TRK-NB-07,UNMAPPED_TRUNK,2026-09-21T21:40:14Z,false
REJ-20260921-0079,RAW-20260921-TRK-NB-07-00079,2026-09-21T21:36:46Z,2,57385720XXXX,TRK-NB-07,UNMAPPED_TRUNK,2026-09-21T21:53:46Z,false
REJ-20260921-0326,RAW-20260921-TRK-NB-07-00326,2026-09-21T21:46:55Z,21,57383857XXXX,TRK-NB-07,UNMAPPED_TRUNK,2026-09-21T22:03:55Z,false
REJ-20260921-0362,RAW-20260921-TRK-NB-07-00362,2026-09-21T21:48:34Z,1096,57300245XXXX,TRK-NB-07,UNMAPPED_TRUNK,2026-09-21T22:05:34Z,false
REJ-20260921-0156,RAW-20260921-TRK-NB-07-00156,2026-09-21T21:50:13Z,281,57309448XXXX,TRK-NB-07,UNMAPPED_TRUNK,2026-09-21T22:07:13Z,false
REJ-20260921-0055,RAW-20260921-TRK-NB-07-00055,2026-09-21T21:50:30Z,36,57326469XXXX,TRK-NB-07,UNMAPPED_TRUNK,2026-09-21T22:07:30Z,false
REJ-20260921-0301,RAW-20260921-TRK-NB-07-00301,2026-09-21T21:51:25Z,98,57316023XXXX,TRK-NB-07,UNMAPPED_TRUNK,2026-09-21T22:08:25Z,false
REJ-20260921-0341,RAW-20260921-TRK-NB-07-00341,2026-09-21T21:51:26Z,5,57303734XXXX,TRK-NB-07,UNMAPPED_TRUNK,2026-09-21T22:08:26Z,false
REJ-20260921-0011,RAW-20260921-TRK-NB-07-00011,2026-09-21T21:56:02Z,40,57392988XXXX,TRK-NB-07,UNMAPPED_TRUNK,2026-09-21T22:13:02Z,false
REJ-20260921-0113,RAW-20260921-TRK-NB-07-00113,2026-09-21T21:58:37Z,42,57356173XXXX,TRK-NB-07,UNMAPPED_TRUNK,2026-09-21T22:15:37Z,false
REJ-20260921-0007,RAW-20260921-TRK-NB-07-00007,2026-09-21T22:00:23Z,63,57395202XXXX,TRK-NB-07,UNMAPPED_TRUNK,2026-09-21T22:17:23Z,false
REJ-20260921-0352,RAW-20260921-TRK-NB-07-00352,2026-09-21T22:02:04Z,615,57392898XXXX,TRK-NB-07,UNMAPPED_TRUNK,2026-09-21T22:19:04Z,false
REJ-20260921-0065,RAW-20260921-TRK-NB-07-00065,2026-09-21T22:03:31Z,147,57313596XXXX,TRK-NB-07,UNMAPPED_TRUNK,2026-09-21T22:20:31Z,false
REJ-20260921-0056,RAW-20260921-TRK-NB-07-00056,2026-09-21T22:03:41Z,3,57361303XXXX,TRK-NB-07,UNMAPPED_TRUNK,2026-09-21T22:20:41Z,false
REJ-20260921-0300,RAW-20260921-TRK-NB-07-00300,2026-09-21T22:06:11Z,457,57390083XXXX,TRK-NB-07,UNMAPPED_TRUNK,2026-09-21T22:23:11Z,false
REJ-20260921-0103,RAW-20260921-TRK-NB-07-00103,2026-09-21T22:15:07Z,68,57364989XXXX,TRK-NB-07,UNMAPPED_TRUNK,2026-09-21T22:32:07Z,false
REJ-20260921-Z030,RAW-20260921-TRK-NB-05-Z030,2026-09-21T22:17:06Z,0,50253084XXXX,TRK-NB-05,ZERO_DURATION,2026-09-21T22:34:06Z,false
REJ-20260921-0022,RAW-20260921-TRK-NB-07-00022,2026-09-21T22:19:25Z,216,57397760XXXX,TRK-NB-07,UNMAPPED_TRUNK,2026-09-21T22:36:25Z,false
REJ-20260921-0298,RAW-20260921-TRK-NB-07-00298,2026-09-21T22:19:41Z,163,57349304XXXX,TRK-NB-07,UNMAPPED_TRUNK,2026-09-21T22:36:41Z,false
REJ-20260921-0286,RAW-20260921-TRK-NB-07-00286,2026-09-21T22:24:21Z,70,57365877XXXX,TRK-NB-07,UNMAPPED_TRUNK,2026-09-21T22:41:21Z,false
REJ-20260921-0248,RAW-20260921-TRK-NB-07-00248,2026-09-21T22:30:56Z,3,57352813XXXX,TRK-NB-07,UNMAPPED_TRUNK,2026-09-21T22:47:56Z,false
REJ-20260921-0114,RAW-20260921-TRK-NB-07-00114,2026-09-21T22:30:59Z,28,57320778XXXX,TRK-NB-07,UNMAPPED_TRUNK,2026-09-21T22:47:59Z,false
REJ-20260921-0294,RAW-20260921-TRK-NB-07-00294,2026-09-21T22:34:44Z,78,57311552XXXX,TRK-NB-07,UNMAPPED_TRUNK,2026-09-21T22:51:44Z,false
REJ-20260921-0268,RAW-20260921-TRK-NB-07-00268,2026-09-21T22:35:48Z,178,57369266XXXX,TRK-NB-07,UNMAPPED_TRUNK,2026-09-21T22:52:48Z,false
REJ-20260921-0134,RAW-20260921-TRK-NB-07-00134,2026-09-21T22:41:01Z,19,57348888XXXX,TRK-NB-07,UNMAPPED_TRUNK,2026-09-21T22:58:01Z,false
REJ-20260921-0213,RAW-20260921-TRK-NB-07-00213,2026-09-21T22:44:12Z,26,57349257XXXX,TRK-NB-07,UNMAPPED_TRUNK,2026-09-21T23:01:12Z,false
REJ-20260921-0078,RAW-20260921-TRK-NB-07-00078,2026-09-21T22:45:55Z,11,57367301XXXX,TRK-NB-07,UNMAPPED_TRUNK,2026-09-21T23:02:55Z,false
REJ-20260921-0179,RAW-20260921-TRK-NB-07-00179,2026-09-21T22:49:27Z,395,57317984XXXX,TRK-NB-07,UNMAPPED_TRUNK,2026-09-21T23:06:27Z,false
REJ-20260921-0136,RAW-20260921-TRK-NB-07-00136,2026-09-21T22:49:38Z,42,57355162XXXX,TRK-NB-07,UNMAPPED_TRUNK,2026-09-21T23:06:38Z,false
REJ-20260921-0157,RAW-20260921-TRK-NB-07-00157,2026-09-21T22:52:47Z,66,57333705XXXX,TRK-NB-07,UNMAPPED_TRUNK,2026-09-21T23:09:47Z,false
REJ-20260921-0093,RAW-20260921-TRK-NB-07-00093,2026-09-21T22:57:16Z,40,57378305XXXX,TRK-NB-07,UNMAPPED_TRUNK,2026-09-21T23:14:16Z,false
REJ-20260921-0397,RAW-20260921-TRK-NB-07-00397,2026-09-21T22:57:41Z,171,57312030XXXX,TRK-NB-07,UNMAPPED_TRUNK,2026-09-21T23:14:41Z,false
REJ-20260921-0176,RAW-20260921-TRK-NB-07-00176,2026-09-21T22:58:07Z,1694,57322500XXXX,TRK-NB-07,UNMAPPED_TRUNK,2026-09-21T23:15:07Z,false
REJ-20260921-0287,RAW-20260921-TRK-NB-07-00287,2026-09-21T23:03:14Z,116,57387838XXXX,TRK-NB-07,UNMAPPED_TRUNK,2026-09-21T23:20:14Z,false
REJ-20260921-0061,RAW-20260921-TRK-NB-07-00061,2026-09-21T23:04:44Z,61,57347822XXXX,TRK-NB-07,UNMAPPED_TRUNK,2026-09-21T23:21:44Z,false
REJ-20260921-0160,RAW-20260921-TRK-NB-07-00160,2026-09-21T23:05:27Z,53,57391135XXXX,TRK-NB-07,UNMAPPED_TRUNK,2026-09-21T23:22:27Z,false
REJ-20260921-0112,RAW-20260921-TRK-NB-07-00112,2026-09-21T23:07:06Z,210,57380008XXXX,TRK-NB-07,UNMAPPED_TRUNK,2026-09-21T23:24:06Z,false
REJ-20260921-0072,RAW-20260921-TRK-NB-07-00072,2026-09-21T23:08:27Z,4,57375167XXXX,TRK-NB-07,UNMAPPED_TRUNK,2026-09-21T23:25:27Z,false
REJ-20260921-0099,RAW-20260921-TRK-NB-07-00099,2026-09-21T23:19:05Z,492,57385653XXXX,TRK-NB-07,UNMAPPED_TRUNK,2026-09-21T23:36:05Z,false
REJ-20260921-0241,RAW-20260921-TRK-NB-07-00241,2026-09-21T23:22:38Z,198,57383741XXXX,TRK-NB-07,UNMAPPED_TRUNK,2026-09-21T23:39:38Z,false
REJ-20260921-0262,RAW-20260921-TRK-NB-07-00262,2026-09-21T23:22:50Z,34,57362681XXXX,TRK-NB-07,UNMAPPED_TRUNK,2026-09-21T23:39:50Z,false
REJ-20260921-0374,RAW-20260921-TRK-NB-07-00374,2026-09-21T23:34:07Z,50,57376002XXXX,TRK-NB-07,UNMAPPED_TRUNK,2026-09-21T23:51:07Z,false
REJ-20260921-0219,RAW-20260921-TRK-NB-07-00219,2026-09-21T23:37:27Z,15,57302552XXXX,TRK-NB-07,UNMAPPED_TRUNK,2026-09-21T23:54:27Z,false
REJ-20260921-0105,RAW-20260921-TRK-NB-07-00105,2026-09-21T23:40:39Z,224,57313422XXXX,TRK-NB-07,UNMAPPED_TRUNK,2026-09-21T23:57:39Z,false
REJ-20260921-0107,RAW-20260921-TRK-NB-07-00107,2026-09-21T23:43:36Z,247,57359115XXXX,TRK-NB-07,UNMAPPED_TRUNK,2026-09-22T00:00:36Z,false
REJ-20260921-0104,RAW-20260921-TRK-NB-07-00104,2026-09-21T23:45:58Z,61,57341353XXXX,TRK-NB-07,UNMAPPED_TRUNK,2026-09-22T00:02:58Z,false
REJ-20260921-0006,RAW-20260921-TRK-NB-07-00006,2026-09-21T23:49:12Z,34,57329132XXXX,TRK-NB-07,UNMAPPED_TRUNK,2026-09-22T00:06:12Z,false
REJ-20260921-0199,RAW-20260921-TRK-NB-07-00199,2026-09-21T23:53:13Z,414,57362883XXXX,TRK-NB-07,UNMAPPED_TRUNK,2026-09-22T00:10:13Z,false
REJ-20260921-0003,RAW-20260921-TRK-NB-07-00003,2026-09-21T23:55:16Z,24,57390676XXXX,TRK-NB-07,UNMAPPED_TRUNK,2026-09-22T00:12:16Z,false
REJ-20260921-0377,RAW-20260921-TRK-NB-07-00377,2026-09-21T23:56:58Z,102,57339415XXXX,TRK-NB-07,UNMAPPED_TRUNK,2026-09-22T00:13:58Z,false
REJ-20260922-0765,RAW-20260922-TRK-NB-07-00765,2026-09-22T00:00:50Z,275,57338003XXXX,TRK-NB-07,UNMAPPED_TRUNK,2026-09-22T00:17:50Z,false
REJ-20260922-0510,RAW-20260922-TRK-NB-07-00510,2026-09-22T00:02:59Z,36,57348669XXXX,TRK-NB-07,UNMAPPED_TRUNK,2026-09-22T00:19:59Z,false
REJ-20260922-0607,RAW-20260922-TRK-NB-07-00607,2026-09-22T00:08:37Z,29,57384968XXXX,TRK-NB-07,UNMAPPED_TRUNK,2026-09-22T00:25:37Z,false
REJ-20260922-0782,RAW-20260922-TRK-NB-07-00782,2026-09-22T00:17:56Z,167,57306293XXXX,TRK-NB-07,UNMAPPED_TRUNK,2026-09-22T00:34:56Z,false
REJ-20260922-0572,RAW-20260922-TRK-NB-07-00572,2026-09-22T00:20:27Z,92,57331561XXXX,TRK-NB-07,UNMAPPED_TRUNK,2026-09-22T00:37:27Z,false
REJ-20260922-0473,RAW-20260922-TRK-NB-07-00473,2026-09-22T00:22:39Z,51,57351425XXXX,TRK-NB-07,UNMAPPED_TRUNK,2026-09-22T00:39:39Z,false
REJ-20260922-0422,RAW-20260922-TRK-NB-07-00422,2026-09-22T00:32:04Z,142,57372552XXXX,TRK-NB-07,UNMAPPED_TRUNK,2026-09-22T00:49:04Z,false
REJ-20260922-0405,RAW-20260922-TRK-NB-07-00405,2026-09-22T00:33:55Z,600,57346594XXXX,TRK-NB-07,UNMAPPED_TRUNK,2026-09-22T00:50:55Z,false
REJ-20260922-0720,RAW-20260922-TRK-NB-07-00720,2026-09-22T00:36:15Z,117,57385047XXXX,TRK-NB-07,UNMAPPED_TRUNK,2026-09-22T00:53:15Z,false
REJ-20260922-0783,RAW-20260922-TRK-NB-07-00783,2026-09-22T00:45:14Z,64,57373545XXXX,TRK-NB-07,UNMAPPED_TRUNK,2026-09-22T01:02:14Z,false
REJ-20260922-0534,RAW-20260922-TRK-NB-07-00534,2026-09-22T00:56:37Z,311,57316097XXXX,TRK-NB-07,UNMAPPED_TRUNK,2026-09-22T01:13:37Z,false
REJ-20260922-0597,RAW-20260922-TRK-NB-07-00597,2026-09-22T01:05:49Z,37,57307909XXXX,TRK-NB-07,UNMAPPED_TRUNK,2026-09-22T01:22:49Z,false
REJ-20260922-0687,RAW-20260922-TRK-NB-07-00687,2026-09-22T01:11:31Z,113,57331914XXXX,TRK-NB-07,UNMAPPED_TRUNK,2026-09-22T01:28:31Z,false
REJ-20260922-0769,RAW-20260922-TRK-NB-07-00769,2026-09-22T01:16:33Z,160,57349675XXXX,TRK-NB-07,UNMAPPED_TRUNK,2026-09-22T01:33:33Z,false
REJ-20260922-0492,RAW-20260922-TRK-NB-07-00492,2026-09-22T01:18:32Z,9,57330129XXXX,TRK-NB-07,UNMAPPED_TRUNK,2026-09-22T01:35:32Z,false
REJ-20260922-0695,RAW-20260922-TRK-NB-07-00695,2026-09-22T01:20:35Z,8,57304424XXXX,TRK-NB-07,UNMAPPED_TRUNK,2026-09-22T01:37:35Z,false
REJ-20260922-0697,RAW-20260922-TRK-NB-07-00697,2026-09-22T01:21:49Z,474,57388440XXXX,TRK-NB-07,UNMAPPED_TRUNK,2026-09-22T01:38:49Z,false
REJ-20260922-0441,RAW-20260922-TRK-NB-07-00441,2026-09-22T01:27:46Z,80,57368028XXXX,TRK-NB-07,UNMAPPED_TRUNK,2026-09-22T01:44:46Z,false
REJ-20260922-0592,RAW-20260922-TRK-NB-07-00592,2026-09-22T01:39:36Z,34,57303860XXXX,TRK-NB-07,UNMAPPED_TRUNK,2026-09-22T01:56:36Z,false
REJ-20260922-0561,RAW-20260922-TRK-NB-07-00561,2026-09-22T01:40:11Z,131,57348854XXXX,TRK-NB-07,UNMAPPED_TRUNK,2026-09-22T01:57:11Z,false
REJ-20260922-0439,RAW-20260922-TRK-NB-07-00439,2026-09-22T01:42:58Z,180,57308715XXXX,TRK-NB-07,UNMAPPED_TRUNK,2026-09-22T01:59:58Z,false
REJ-20260922-0428,RAW-20260922-TRK-NB-07-00428,2026-09-22T01:43:52Z,168,57363048XXXX,TRK-NB-07,UNMAPPED_TRUNK,2026-09-22T02:00:52Z,false
REJ-20260922-0667,RAW-20260922-TRK-NB-07-00667,2026-09-22T01:44:50Z,1083,57314196XXXX,TRK-NB-07,UNMAPPED_TRUNK,2026-09-22T02:01:50Z,false
REJ-20260922-0556,RAW-20260922-TRK-NB-07-00556,2026-09-22T01:56:41Z,219,57343844XXXX,TRK-NB-07,UNMAPPED_TRUNK,2026-09-22T02:13:41Z,false
REJ-20260922-0706,RAW-20260922-TRK-NB-07-00706,2026-09-22T01:57:10Z,31,57352953XXXX,TRK-NB-07,UNMAPPED_TRUNK,2026-09-22T02:14:10Z,false
REJ-20260922-0688,RAW-20260922-TRK-NB-07-00688,2026-09-22T01:57:25Z,21,57381571XXXX,TRK-NB-07,UNMAPPED_TRUNK,2026-09-22T02:14:25Z,false
REJ-20260922-0681,RAW-20260922-TRK-NB-07-00681,2026-09-22T01:59:39Z,6,57333112XXXX,TRK-NB-07,UNMAPPED_TRUNK,2026-09-22T02:16:39Z,false
REJ-20260922-0698,RAW-20260922-TRK-NB-07-00698,2026-09-22T02:04:59Z,22,57370463XXXX,TRK-NB-07,UNMAPPED_TRUNK,2026-09-22T02:21:59Z,false
REJ-20260922-0455,RAW-20260922-TRK-NB-07-00455,2026-09-22T02:10:40Z,96,57342960XXXX,TRK-NB-07,UNMAPPED_TRUNK,2026-09-22T02:27:40Z,false
REJ-20260922-0432,RAW-20260922-TRK-NB-07-00432,2026-09-22T02:15:22Z,412,57380343XXXX,TRK-NB-07,UNMAPPED_TRUNK,2026-09-22T02:32:22Z,false
REJ-20260922-D019,RAW-20260922-TRK-NB-05-DUP019,2026-09-22T02:18:27Z,113,50253862XXXX,TRK-NB-05,DUPLICATE,2026-09-22T02:35:27Z,false
REJ-20260922-0642,RAW-20260922-TRK-NB-07-00642,2026-09-22T02:22:00Z,140,57353843XXXX,TRK-NB-07,UNMAPPED_TRUNK,2026-09-22T02:39:00Z,false
REJ-20260922-0774,RAW-20260922-TRK-NB-07-00774,2026-09-22T02:24:06Z,275,57329512XXXX,TRK-NB-07,UNMAPPED_TRUNK,2026-09-22T02:41:06Z,false
REJ-20260922-0625,RAW-20260922-TRK-NB-07-00625,2026-09-22T02:25:38Z,21,57358376XXXX,TRK-NB-07,UNMAPPED_TRUNK,2026-09-22T02:42:38Z,false
REJ-20260922-0448,RAW-20260922-TRK-NB-07-00448,2026-09-22T02:27:10Z,134,57309206XXXX,TRK-NB-07,UNMAPPED_TRUNK,2026-09-22T02:44:10Z,false
REJ-20260922-0582,RAW-20260922-TRK-NB-07-00582,2026-09-22T02:27:45Z,13,57356942XXXX,TRK-NB-07,UNMAPPED_TRUNK,2026-09-22T02:44:45Z,false
REJ-20260922-0523,RAW-20260922-TRK-NB-07-00523,2026-09-22T02:33:35Z,302,57334031XXXX,TRK-NB-07,UNMAPPED_TRUNK,2026-09-22T02:50:35Z,false
REJ-20260922-0691,RAW-20260922-TRK-NB-07-00691,2026-09-22T02:33:52Z,46,57353419XXXX,TRK-NB-07,UNMAPPED_TRUNK,2026-09-22T02:50:52Z,false
REJ-20260922-0573,RAW-20260922-TRK-NB-07-00573,2026-09-22T02:35:06Z,179,57366644XXXX,TRK-NB-07,UNMAPPED_TRUNK,2026-09-22T02:52:06Z,false
REJ-20260922-0643,RAW-20260922-TRK-NB-07-00643,2026-09-22T02:37:11Z,53,57397340XXXX,TRK-NB-07,UNMAPPED_TRUNK,2026-09-22T02:54:11Z,false
REJ-20260922-0453,RAW-20260922-TRK-NB-07-00453,2026-09-22T02:38:35Z,62,57382896XXXX,TRK-NB-07,UNMAPPED_TRUNK,2026-09-22T02:55:35Z,false
REJ-20260922-0466,RAW-20260922-TRK-NB-07-00466,2026-09-22T02:38:56Z,385,57355148XXXX,TRK-NB-07,UNMAPPED_TRUNK,2026-09-22T02:55:56Z,false
REJ-20260922-0791,RAW-20260922-TRK-NB-07-00791,2026-09-22T02:42:32Z,154,57364370XXXX,TRK-NB-07,UNMAPPED_TRUNK,2026-09-22T02:59:32Z,false
REJ-20260922-0796,RAW-20260922-TRK-NB-07-00796,2026-09-22T02:50:20Z,23,57335487XXXX,TRK-NB-07,UNMAPPED_TRUNK,2026-09-22T03:07:20Z,false
REJ-20260922-0559,RAW-20260922-TRK-NB-07-00559,2026-09-22T02:54:55Z,7,57342806XXXX,TRK-NB-07,UNMAPPED_TRUNK,2026-09-22T03:11:55Z,false
REJ-20260922-Z007,RAW-20260922-TRK-NB-05-Z007,2026-09-22T02:56:50Z,0,50252180XXXX,TRK-NB-05,ZERO_DURATION,2026-09-22T03:13:50Z,false
REJ-20260922-0501,RAW-20260922-TRK-NB-07-00501,2026-09-22T03:01:03Z,15,57370175XXXX,TRK-NB-07,UNMAPPED_TRUNK,2026-09-22T03:18:03Z,false
REJ-20260922-0766,RAW-20260922-TRK-NB-07-00766,2026-09-22T03:10:45Z,97,57304366XXXX,TRK-NB-07,UNMAPPED_TRUNK,2026-09-22T03:27:45Z,false
REJ-20260922-0468,RAW-20260922-TRK-NB-07-00468,2026-09-22T03:16:40Z,14,57377718XXXX,TRK-NB-07,UNMAPPED_TRUNK,2026-09-22T03:33:40Z,false
REJ-20260922-0549,RAW-20260922-TRK-NB-07-00549,2026-09-22T03:22:56Z,163,57318199XXXX,TRK-NB-07,UNMAPPED_TRUNK,2026-09-22T03:39:56Z,false
REJ-20260922-0532,RAW-20260922-TRK-NB-07-00532,2026-09-22T03:29:19Z,205,57367114XXXX,TRK-NB-07,UNMAPPED_TRUNK,2026-09-22T03:46:19Z,false
REJ-20260922-0506,RAW-20260922-TRK-NB-07-00506,2026-09-22T03:29:55Z,24,57343141XXXX,TRK-NB-07,UNMAPPED_TRUNK,2026-09-22T03:46:55Z,false
REJ-20260922-0709,RAW-20260922-TRK-NB-07-00709,2026-09-22T03:30:21Z,37,57366089XXXX,TRK-NB-07,UNMAPPED_TRUNK,2026-09-22T03:47:21Z,false
REJ-20260922-0740,RAW-20260922-TRK-NB-07-00740,2026-09-22T03:38:55Z,414,57302811XXXX,TRK-NB-07,UNMAPPED_TRUNK,2026-09-22T03:55:55Z,false
REJ-20260922-0458,RAW-20260922-TRK-NB-07-00458,2026-09-22T03:44:11Z,43,57335101XXXX,TRK-NB-07,UNMAPPED_TRUNK,2026-09-22T04:01:11Z,false
REJ-20260922-0553,RAW-20260922-TRK-NB-07-00553,2026-09-22T03:53:36Z,32,57317961XXXX,TRK-NB-07,UNMAPPED_TRUNK,2026-09-22T04:10:36Z,false
REJ-20260922-0442,RAW-20260922-TRK-NB-07-00442,2026-09-22T03:53:53Z,280,57334619XXXX,TRK-NB-07,UNMAPPED_TRUNK,2026-09-22T04:10:53Z,false
REJ-20260922-0472,RAW-20260922-TRK-NB-07-00472,2026-09-22T03:54:40Z,50,57326187XXXX,TRK-NB-07,UNMAPPED_TRUNK,2026-09-22T04:11:40Z,false
REJ-20260922-0656,RAW-20260922-TRK-NB-07-00656,2026-09-22T03:59:44Z,13,57302850XXXX,TRK-NB-07,UNMAPPED_TRUNK,2026-09-22T04:16:44Z,false
REJ-20260922-0759,RAW-20260922-TRK-NB-07-00759,2026-09-22T04:01:59Z,147,57327242XXXX,TRK-NB-07,UNMAPPED_TRUNK,2026-09-22T04:18:59Z,false
REJ-20260922-0497,RAW-20260922-TRK-NB-07-00497,2026-09-22T04:03:11Z,108,57324807XXXX,TRK-NB-07,UNMAPPED_TRUNK,2026-09-22T04:20:11Z,false
REJ-20260922-0752,RAW-20260922-TRK-NB-07-00752,2026-09-22T04:11:02Z,991,57333255XXXX,TRK-NB-07,UNMAPPED_TRUNK,2026-09-22T04:28:02Z,false
REJ-20260922-0636,RAW-20260922-TRK-NB-07-00636,2026-09-22T04:11:05Z,637,57359468XXXX,TRK-NB-07,UNMAPPED_TRUNK,2026-09-22T04:28:05Z,false
REJ-20260922-0583,RAW-20260922-TRK-NB-07-00583,2026-09-22T04:21:07Z,310,57348156XXXX,TRK-NB-07,UNMAPPED_TRUNK,2026-09-22T04:38:07Z,false
REJ-20260922-0648,RAW-20260922-TRK-NB-07-00648,2026-09-22T04:22:24Z,56,57392738XXXX,TRK-NB-07,UNMAPPED_TRUNK,2026-09-22T04:39:24Z,false
REJ-20260922-0459,RAW-20260922-TRK-NB-07-00459,2026-09-22T04:24:19Z,61,57355606XXXX,TRK-NB-07,UNMAPPED_TRUNK,2026-09-22T04:41:19Z,false
REJ-20260922-0616,RAW-20260922-TRK-NB-07-00616,2026-09-22T04:32:16Z,26,57393944XXXX,TRK-NB-07,UNMAPPED_TRUNK,2026-09-22T04:49:16Z,false
REJ-20260922-0640,RAW-20260922-TRK-NB-07-00640,2026-09-22T04:34:47Z,101,57359626XXXX,TRK-NB-07,UNMAPPED_TRUNK,2026-09-22T04:51:47Z,false
REJ-20260922-0547,RAW-20260922-TRK-NB-07-00547,2026-09-22T04:38:27Z,4,57375034XXXX,TRK-NB-07,UNMAPPED_TRUNK,2026-09-22T04:55:27Z,false
REJ-20260922-0646,RAW-20260922-TRK-NB-07-00646,2026-09-22T04:46:48Z,109,57387627XXXX,TRK-NB-07,UNMAPPED_TRUNK,2026-09-22T05:03:48Z,false
REJ-20260922-0537,RAW-20260922-TRK-NB-07-00537,2026-09-22T04:48:44Z,85,57307855XXXX,TRK-NB-07,UNMAPPED_TRUNK,2026-09-22T05:05:44Z,false
REJ-20260922-0601,RAW-20260922-TRK-NB-07-00601,2026-09-22T04:51:07Z,56,57315646XXXX,TRK-NB-07,UNMAPPED_TRUNK,2026-09-22T05:08:07Z,false
REJ-20260922-0526,RAW-20260922-TRK-NB-07-00526,2026-09-22T04:51:27Z,534,57396500XXXX,TRK-NB-07,UNMAPPED_TRUNK,2026-09-22T05:08:27Z,false
REJ-20260922-0496,RAW-20260922-TRK-NB-07-00496,2026-09-22T04:56:53Z,78,57339413XXXX,TRK-NB-07,UNMAPPED_TRUNK,2026-09-22T05:13:53Z,false
REJ-20260922-0587,RAW-20260922-TRK-NB-07-00587,2026-09-22T04:57:05Z,37,57372589XXXX,TRK-NB-07,UNMAPPED_TRUNK,2026-09-22T05:14:05Z,false
REJ-20260922-0543,RAW-20260922-TRK-NB-07-00543,2026-09-22T05:10:17Z,44,57375466XXXX,TRK-NB-07,UNMAPPED_TRUNK,2026-09-22T05:27:17Z,false
REJ-20260922-0793,RAW-20260922-TRK-NB-07-00793,2026-09-22T05:11:49Z,27,57358408XXXX,TRK-NB-07,UNMAPPED_TRUNK,2026-09-22T05:28:49Z,false
REJ-20260922-0483,RAW-20260922-TRK-NB-07-00483,2026-09-22T05:13:02Z,3,57327215XXXX,TRK-NB-07,UNMAPPED_TRUNK,2026-09-22T05:30:02Z,false
REJ-20260922-0507,RAW-20260922-TRK-NB-07-00507,2026-09-22T05:17:47Z,76,57369154XXXX,TRK-NB-07,UNMAPPED_TRUNK,2026-09-22T05:34:47Z,false
REJ-20260922-0626,RAW-20260922-TRK-NB-07-00626,2026-09-22T05:20:08Z,315,57351247XXXX,TRK-NB-07,UNMAPPED_TRUNK,2026-09-22T05:37:08Z,false
REJ-20260922-0633,RAW-20260922-TRK-NB-07-00633,2026-09-22T05:21:43Z,31,57383715XXXX,TRK-NB-07,UNMAPPED_TRUNK,2026-09-22T05:38:43Z,false
REJ-20260922-0571,RAW-20260922-TRK-NB-07-00571,2026-09-22T05:25:51Z,1,57342887XXXX,TRK-NB-07,UNMAPPED_TRUNK,2026-09-22T05:42:51Z,false
REJ-20260922-0680,RAW-20260922-TRK-NB-07-00680,2026-09-22T05:27:42Z,392,57369134XXXX,TRK-NB-07,UNMAPPED_TRUNK,2026-09-22T05:44:42Z,false
REJ-20260922-0598,RAW-20260922-TRK-NB-07-00598,2026-09-22T05:28:30Z,58,57302490XXXX,TRK-NB-07,UNMAPPED_TRUNK,2026-09-22T05:45:30Z,false
REJ-20260922-0658,RAW-20260922-TRK-NB-07-00658,2026-09-22T05:28:48Z,133,57374673XXXX,TRK-NB-07,UNMAPPED_TRUNK,2026-09-22T05:45:48Z,false
REJ-20260922-0464,RAW-20260922-TRK-NB-07-00464,2026-09-22T05:31:57Z,20,57373868XXXX,TRK-NB-07,UNMAPPED_TRUNK,2026-09-22T05:48:57Z,false
REJ-20260922-0686,RAW-20260922-TRK-NB-07-00686,2026-09-22T05:38:06Z,372,57391558XXXX,TRK-NB-07,UNMAPPED_TRUNK,2026-09-22T05:55:06Z,false
REJ-20260922-0599,RAW-20260922-TRK-NB-07-00599,2026-09-22T05:45:54Z,222,57328794XXXX,TRK-NB-07,UNMAPPED_TRUNK,2026-09-22T06:02:54Z,false
REJ-20260922-0430,RAW-20260922-TRK-NB-07-00430,2026-09-22T05:46:13Z,17,57394296XXXX,TRK-NB-07,UNMAPPED_TRUNK,2026-09-22T06:03:13Z,false
REJ-20260922-0634,RAW-20260922-TRK-NB-07-00634,2026-09-22T05:49:52Z,99,57325671XXXX,TRK-NB-07,UNMAPPED_TRUNK,2026-09-22T06:06:52Z,false
REJ-20260922-0615,RAW-20260922-TRK-NB-07-00615,2026-09-22T05:52:22Z,117,57306839XXXX,TRK-NB-07,UNMAPPED_TRUNK,2026-09-22T06:09:22Z,false
REJ-20260922-0546,RAW-20260922-TRK-NB-07-00546,2026-09-22T05:52:48Z,258,57347032XXXX,TRK-NB-07,UNMAPPED_TRUNK,2026-09-22T06:09:48Z,false
REJ-20260922-0490,RAW-20260922-TRK-NB-07-00490,2026-09-22T05:54:17Z,49,57326465XXXX,TRK-NB-07,UNMAPPED_TRUNK,2026-09-22T06:11:17Z,false
REJ-20260922-0591,RAW-20260922-TRK-NB-07-00591,2026-09-22T05:55:31Z,102,57326361XXXX,TRK-NB-07,UNMAPPED_TRUNK,2026-09-22T06:12:31Z,false
REJ-20260922-0732,RAW-20260922-TRK-NB-07-00732,2026-09-22T06:02:03Z,58,57344921XXXX,TRK-NB-07,UNMAPPED_TRUNK,2026-09-22T06:19:03Z,false
REJ-20260922-0579,RAW-20260922-TRK-NB-07-00579,2026-09-22T06:06:12Z,129,57354373XXXX,TRK-NB-07,UNMAPPED_TRUNK,2026-09-22T06:23:12Z,false
REJ-20260922-0711,RAW-20260922-TRK-NB-07-00711,2026-09-22T06:12:30Z,37,57393587XXXX,TRK-NB-07,UNMAPPED_TRUNK,2026-09-22T06:29:30Z,false
REJ-20260922-0613,RAW-20260922-TRK-NB-07-00613,2026-09-22T06:17:37Z,45,57347852XXXX,TRK-NB-07,UNMAPPED_TRUNK,2026-09-22T06:34:37Z,false
REJ-20260922-0480,RAW-20260922-TRK-NB-07-00480,2026-09-22T06:19:33Z,131,57328921XXXX,TRK-NB-07,UNMAPPED_TRUNK,2026-09-22T06:36:33Z,false
REJ-20260922-0565,RAW-20260922-TRK-NB-07-00565,2026-09-22T06:22:45Z,51,57307071XXXX,TRK-NB-07,UNMAPPED_TRUNK,2026-09-22T06:39:45Z,false
REJ-20260922-0771,RAW-20260922-TRK-NB-07-00771,2026-09-22T06:23:53Z,12,57390811XXXX,TRK-NB-07,UNMAPPED_TRUNK,2026-09-22T06:40:53Z,false
REJ-20260922-0654,RAW-20260922-TRK-NB-07-00654,2026-09-22T06:47:08Z,73,57310154XXXX,TRK-NB-07,UNMAPPED_TRUNK,2026-09-22T07:04:08Z,false
REJ-20260922-0558,RAW-20260922-TRK-NB-07-00558,2026-09-22T06:52:43Z,111,57325823XXXX,TRK-NB-07,UNMAPPED_TRUNK,2026-09-22T07:09:43Z,false
REJ-20260922-0716,RAW-20260922-TRK-NB-07-00716,2026-09-22T06:55:48Z,32,57354234XXXX,TRK-NB-07,UNMAPPED_TRUNK,2026-09-22T07:12:48Z,false
REJ-20260922-0621,RAW-20260922-TRK-NB-07-00621,2026-09-22T07:00:12Z,16,57344760XXXX,TRK-NB-07,UNMAPPED_TRUNK,2026-09-22T07:17:12Z,false
REJ-20260922-0739,RAW-20260922-TRK-NB-07-00739,2026-09-22T07:11:03Z,41,57388397XXXX,TRK-NB-07,UNMAPPED_TRUNK,2026-09-22T07:28:03Z,false
REJ-20260922-0481,RAW-20260922-TRK-NB-07-00481,2026-09-22T07:13:20Z,1,57305090XXXX,TRK-NB-07,UNMAPPED_TRUNK,2026-09-22T07:30:20Z,false
REJ-20260922-0748,RAW-20260922-TRK-NB-07-00748,2026-09-22T07:16:14Z,52,57339175XXXX,TRK-NB-07,UNMAPPED_TRUNK,2026-09-22T07:33:14Z,false
REJ-20260922-0499,RAW-20260922-TRK-NB-07-00499,2026-09-22T07:22:16Z,67,57338309XXXX,TRK-NB-07,UNMAPPED_TRUNK,2026-09-22T07:39:16Z,false
REJ-20260922-0679,RAW-20260922-TRK-NB-07-00679,2026-09-22T07:25:51Z,14,57317724XXXX,TRK-NB-07,UNMAPPED_TRUNK,2026-09-22T07:42:51Z,false
REJ-20260922-0692,RAW-20260922-TRK-NB-07-00692,2026-09-22T07:26:34Z,236,57395219XXXX,TRK-NB-07,UNMAPPED_TRUNK,2026-09-22T07:43:34Z,false
REJ-20260922-0530,RAW-20260922-TRK-NB-07-00530,2026-09-22T07:26:35Z,215,57303797XXXX,TRK-NB-07,UNMAPPED_TRUNK,2026-09-22T07:43:35Z,false
REJ-20260922-0429,RAW-20260922-TRK-NB-07-00429,2026-09-22T07:27:47Z,116,57313397XXXX,TRK-NB-07,UNMAPPED_TRUNK,2026-09-22T07:44:47Z,false
REJ-20260922-0533,RAW-20260922-TRK-NB-07-00533,2026-09-22T07:29:46Z,121,57313624XXXX,TRK-NB-07,UNMAPPED_TRUNK,2026-09-22T07:46:46Z,false
REJ-20260922-0772,RAW-20260922-TRK-NB-07-00772,2026-09-22T07:33:03Z,261,57311385XXXX,TRK-NB-07,UNMAPPED_TRUNK,2026-09-22T07:50:03Z,false
REJ-20260922-0735,RAW-20260922-TRK-NB-07-00735,2026-09-22T07:33:06Z,206,57317746XXXX,TRK-NB-07,UNMAPPED_TRUNK,2026-09-22T07:50:06Z,false
REJ-20260922-0570,RAW-20260922-TRK-NB-07-00570,2026-09-22T07:35:13Z,33,57322003XXXX,TRK-NB-07,UNMAPPED_TRUNK,2026-09-22T07:52:13Z,false
REJ-20260922-0797,RAW-20260922-TRK-NB-07-00797,2026-09-22T07:52:15Z,14,57310219XXXX,TRK-NB-07,UNMAPPED_TRUNK,2026-09-22T08:09:15Z,false
REJ-20260922-0502,RAW-20260922-TRK-NB-07-00502,2026-09-22T07:56:34Z,843,57326460XXXX,TRK-NB-07,UNMAPPED_TRUNK,2026-09-22T08:13:34Z,false
REJ-20260922-0703,RAW-20260922-TRK-NB-07-00703,2026-09-22T07:59:22Z,97,57374022XXXX,TRK-NB-07,UNMAPPED_TRUNK,2026-09-22T08:16:22Z,false
REJ-20260922-0494,RAW-20260922-TRK-NB-07-00494,2026-09-22T08:03:22Z,14,57387779XXXX,TRK-NB-07,UNMAPPED_TRUNK,2026-09-22T08:20:22Z,false
REJ-20260922-0567,RAW-20260922-TRK-NB-07-00567,2026-09-22T08:06:53Z,172,57358695XXXX,TRK-NB-07,UNMAPPED_TRUNK,2026-09-22T08:23:53Z,false
REJ-20260922-0728,RAW-20260922-TRK-NB-07-00728,2026-09-22T08:07:54Z,211,57314254XXXX,TRK-NB-07,UNMAPPED_TRUNK,2026-09-22T08:24:54Z,false
REJ-20260922-0696,RAW-20260922-TRK-NB-07-00696,2026-09-22T08:12:47Z,103,57353940XXXX,TRK-NB-07,UNMAPPED_TRUNK,2026-09-22T08:29:47Z,false
REJ-20260922-0674,RAW-20260922-TRK-NB-07-00674,2026-09-22T08:16:54Z,44,57357517XXXX,TRK-NB-07,UNMAPPED_TRUNK,2026-09-22T08:33:54Z,false
REJ-20260922-0664,RAW-20260922-TRK-NB-07-00664,2026-09-22T08:17:58Z,97,57318435XXXX,TRK-NB-07,UNMAPPED_TRUNK,2026-09-22T08:34:58Z,false
REJ-20260922-0437,RAW-20260922-TRK-NB-07-00437,2026-09-22T08:18:23Z,38,57365007XXXX,TRK-NB-07,UNMAPPED_TRUNK,2026-09-22T08:35:23Z,false
REJ-20260922-0699,RAW-20260922-TRK-NB-07-00699,2026-09-22T08:23:23Z,6,57349311XXXX,TRK-NB-07,UNMAPPED_TRUNK,2026-09-22T08:40:23Z,false
REJ-20260922-Z056,RAW-20260922-TRK-NB-01-Z056,2026-09-22T08:23:54Z,0,52192860XXXX,TRK-NB-01,ZERO_DURATION,2026-09-22T08:40:54Z,false
REJ-20260922-0776,RAW-20260922-TRK-NB-07-00776,2026-09-22T08:24:34Z,337,57392036XXXX,TRK-NB-07,UNMAPPED_TRUNK,2026-09-22T08:41:34Z,false
REJ-20260922-0465,RAW-20260922-TRK-NB-07-00465,2026-09-22T08:25:15Z,90,57323515XXXX,TRK-NB-07,UNMAPPED_TRUNK,2026-09-22T08:42:15Z,false
REJ-20260922-0542,RAW-20260922-TRK-NB-07-00542,2026-09-22T08:28:39Z,391,57333675XXXX,TRK-NB-07,UNMAPPED_TRUNK,2026-09-22T08:45:39Z,false
REJ-20260922-0631,RAW-20260922-TRK-NB-07-00631,2026-09-22T08:35:58Z,55,57379299XXXX,TRK-NB-07,UNMAPPED_TRUNK,2026-09-22T08:52:58Z,false
REJ-20260922-0659,RAW-20260922-TRK-NB-07-00659,2026-09-22T08:36:04Z,484,57360991XXXX,TRK-NB-07,UNMAPPED_TRUNK,2026-09-22T08:53:04Z,false
REJ-20260922-0751,RAW-20260922-TRK-NB-07-00751,2026-09-22T08:36:57Z,45,57364607XXXX,TRK-NB-07,UNMAPPED_TRUNK,2026-09-22T08:53:57Z,false
REJ-20260922-0785,RAW-20260922-TRK-NB-07-00785,2026-09-22T08:38:42Z,192,57395529XXXX,TRK-NB-07,UNMAPPED_TRUNK,2026-09-22T08:55:42Z,false
REJ-20260922-0671,RAW-20260922-TRK-NB-07-00671,2026-09-22T08:39:05Z,37,57344188XXXX,TRK-NB-07,UNMAPPED_TRUNK,2026-09-22T08:56:05Z,false
REJ-20260922-0663,RAW-20260922-TRK-NB-07-00663,2026-09-22T08:39:41Z,8,57359181XXXX,TRK-NB-07,UNMAPPED_TRUNK,2026-09-22T08:56:41Z,false
REJ-20260922-0668,RAW-20260922-TRK-NB-07-00668,2026-09-22T08:43:28Z,857,57397036XXXX,TRK-NB-07,UNMAPPED_TRUNK,2026-09-22T09:00:28Z,false
REJ-20260922-0435,RAW-20260922-TRK-NB-07-00435,2026-09-22T08:43:57Z,121,57322894XXXX,TRK-NB-07,UNMAPPED_TRUNK,2026-09-22T09:00:57Z,false
REJ-20260922-0655,RAW-20260922-TRK-NB-07-00655,2026-09-22T08:44:45Z,148,57323810XXXX,TRK-NB-07,UNMAPPED_TRUNK,2026-09-22T09:01:45Z,false
REJ-20260922-0408,RAW-20260922-TRK-NB-07-00408,2026-09-22T08:50:51Z,43,57397182XXXX,TRK-NB-07,UNMAPPED_TRUNK,2026-09-22T09:07:51Z,false
REJ-20260922-0449,RAW-20260922-TRK-NB-07-00449,2026-09-22T08:54:07Z,1155,57363781XXXX,TRK-NB-07,UNMAPPED_TRUNK,2026-09-22T09:11:07Z,false
REJ-20260922-0746,RAW-20260922-TRK-NB-07-00746,2026-09-22T08:56:05Z,709,57309511XXXX,TRK-NB-07,UNMAPPED_TRUNK,2026-09-22T09:13:05Z,false
REJ-20260922-0790,RAW-20260922-TRK-NB-07-00790,2026-09-22T09:03:04Z,112,57351929XXXX,TRK-NB-07,UNMAPPED_TRUNK,2026-09-22T09:20:04Z,false
REJ-20260922-0593,RAW-20260922-TRK-NB-07-00593,2026-09-22T09:06:13Z,8,57334716XXXX,TRK-NB-07,UNMAPPED_TRUNK,2026-09-22T09:23:13Z,false
REJ-20260922-0775,RAW-20260922-TRK-NB-07-00775,2026-09-22T09:06:33Z,27,57323617XXXX,TRK-NB-07,UNMAPPED_TRUNK,2026-09-22T09:23:33Z,false
REJ-20260922-0434,RAW-20260922-TRK-NB-07-00434,2026-09-22T09:08:06Z,6,57349350XXXX,TRK-NB-07,UNMAPPED_TRUNK,2026-09-22T09:25:06Z,false
REJ-20260922-0600,RAW-20260922-TRK-NB-07-00600,2026-09-22T09:08:14Z,43,57348597XXXX,TRK-NB-07,UNMAPPED_TRUNK,2026-09-22T09:25:14Z,false
REJ-20260922-0624,RAW-20260922-TRK-NB-07-00624,2026-09-22T09:19:14Z,45,57319098XXXX,TRK-NB-07,UNMAPPED_TRUNK,2026-09-22T09:36:14Z,false
REJ-20260922-0529,RAW-20260922-TRK-NB-07-00529,2026-09-22T09:20:28Z,58,57303598XXXX,TRK-NB-07,UNMAPPED_TRUNK,2026-09-22T09:37:28Z,false
REJ-20260922-0737,RAW-20260922-TRK-NB-07-00737,2026-09-22T09:26:26Z,168,57387116XXXX,TRK-NB-07,UNMAPPED_TRUNK,2026-09-22T09:43:26Z,false
REJ-20260922-0451,RAW-20260922-TRK-NB-07-00451,2026-09-22T09:29:15Z,101,57330811XXXX,TRK-NB-07,UNMAPPED_TRUNK,2026-09-22T09:46:15Z,false
REJ-20260922-0629,RAW-20260922-TRK-NB-07-00629,2026-09-22T09:32:18Z,76,57391333XXXX,TRK-NB-07,UNMAPPED_TRUNK,2026-09-22T09:49:18Z,false
REJ-20260922-0753,RAW-20260922-TRK-NB-07-00753,2026-09-22T09:43:31Z,173,57301014XXXX,TRK-NB-07,UNMAPPED_TRUNK,2026-09-22T10:00:31Z,false
REJ-20260922-0734,RAW-20260922-TRK-NB-07-00734,2026-09-22T09:44:40Z,79,57319361XXXX,TRK-NB-07,UNMAPPED_TRUNK,2026-09-22T10:01:40Z,false
REJ-20260922-0554,RAW-20260922-TRK-NB-07-00554,2026-09-22T09:48:42Z,238,57383271XXXX,TRK-NB-07,UNMAPPED_TRUNK,2026-09-22T10:05:42Z,false
REJ-20260922-0412,RAW-20260922-TRK-NB-07-00412,2026-09-22T09:52:31Z,43,57351313XXXX,TRK-NB-07,UNMAPPED_TRUNK,2026-09-22T10:09:31Z,false
REJ-20260922-0729,RAW-20260922-TRK-NB-07-00729,2026-09-22T09:55:54Z,407,57378778XXXX,TRK-NB-07,UNMAPPED_TRUNK,2026-09-22T10:12:54Z,false
REJ-20260922-0705,RAW-20260922-TRK-NB-07-00705,2026-09-22T09:57:35Z,568,57334080XXXX,TRK-NB-07,UNMAPPED_TRUNK,2026-09-22T10:14:35Z,false
REJ-20260922-0438,RAW-20260922-TRK-NB-07-00438,2026-09-22T10:02:33Z,267,57397379XXXX,TRK-NB-07,UNMAPPED_TRUNK,2026-09-22T10:19:33Z,false
REJ-20260922-0787,RAW-20260922-TRK-NB-07-00787,2026-09-22T10:02:53Z,75,57355972XXXX,TRK-NB-07,UNMAPPED_TRUNK,2026-09-22T10:19:53Z,false
REJ-20260922-0528,RAW-20260922-TRK-NB-07-00528,2026-09-22T10:06:19Z,45,57363945XXXX,TRK-NB-07,UNMAPPED_TRUNK,2026-09-22T10:23:19Z,false
REJ-20260922-0762,RAW-20260922-TRK-NB-07-00762,2026-09-22T10:07:06Z,61,57309953XXXX,TRK-NB-07,UNMAPPED_TRUNK,2026-09-22T10:24:06Z,false
REJ-20260922-0403,RAW-20260922-TRK-NB-07-00403,2026-09-22T10:09:19Z,167,57354023XXXX,TRK-NB-07,UNMAPPED_TRUNK,2026-09-22T10:26:19Z,false
REJ-20260922-0407,RAW-20260922-TRK-NB-07-00407,2026-09-22T10:14:20Z,40,57394478XXXX,TRK-NB-07,UNMAPPED_TRUNK,2026-09-22T10:31:20Z,false
REJ-20260922-0446,RAW-20260922-TRK-NB-07-00446,2026-09-22T10:17:03Z,1,57311175XXXX,TRK-NB-07,UNMAPPED_TRUNK,2026-09-22T10:34:03Z,false
REJ-20260922-0644,RAW-20260922-TRK-NB-07-00644,2026-09-22T10:18:34Z,128,57368830XXXX,TRK-NB-07,UNMAPPED_TRUNK,2026-09-22T10:35:34Z,false
REJ-20260922-0524,RAW-20260922-TRK-NB-07-00524,2026-09-22T10:22:10Z,72,57339941XXXX,TRK-NB-07,UNMAPPED_TRUNK,2026-09-22T10:39:10Z,false
REJ-20260922-0770,RAW-20260922-TRK-NB-07-00770,2026-09-22T10:23:13Z,40,57352735XXXX,TRK-NB-07,UNMAPPED_TRUNK,2026-09-22T10:40:13Z,false
REJ-20260922-0555,RAW-20260922-TRK-NB-07-00555,2026-09-22T10:24:29Z,501,57380912XXXX,TRK-NB-07,UNMAPPED_TRUNK,2026-09-22T10:41:29Z,false
REJ-20260922-0493,RAW-20260922-TRK-NB-07-00493,2026-09-22T10:26:32Z,1,57373452XXXX,TRK-NB-07,UNMAPPED_TRUNK,2026-09-22T10:43:32Z,false
REJ-20260922-0476,RAW-20260922-TRK-NB-07-00476,2026-09-22T10:33:03Z,134,57334239XXXX,TRK-NB-07,UNMAPPED_TRUNK,2026-09-22T10:50:03Z,false
REJ-20260922-0653,RAW-20260922-TRK-NB-07-00653,2026-09-22T10:33:54Z,260,57368377XXXX,TRK-NB-07,UNMAPPED_TRUNK,2026-09-22T10:50:54Z,false
REJ-20260922-0447,RAW-20260922-TRK-NB-07-00447,2026-09-22T10:37:18Z,114,57321500XXXX,TRK-NB-07,UNMAPPED_TRUNK,2026-09-22T10:54:18Z,false
REJ-20260922-0721,RAW-20260922-TRK-NB-07-00721,2026-09-22T10:41:34Z,27,57381408XXXX,TRK-NB-07,UNMAPPED_TRUNK,2026-09-22T10:58:34Z,false
REJ-20260922-0527,RAW-20260922-TRK-NB-07-00527,2026-09-22T10:45:56Z,49,57321652XXXX,TRK-NB-07,UNMAPPED_TRUNK,2026-09-22T11:02:56Z,false
REJ-20260922-0788,RAW-20260922-TRK-NB-07-00788,2026-09-22T10:49:35Z,59,57336525XXXX,TRK-NB-07,UNMAPPED_TRUNK,2026-09-22T11:06:35Z,false
REJ-20260922-0623,RAW-20260922-TRK-NB-07-00623,2026-09-22T10:50:19Z,253,57306460XXXX,TRK-NB-07,UNMAPPED_TRUNK,2026-09-22T11:07:19Z,false
REJ-20260922-0557,RAW-20260922-TRK-NB-07-00557,2026-09-22T10:53:45Z,82,57357471XXXX,TRK-NB-07,UNMAPPED_TRUNK,2026-09-22T11:10:45Z,false
REJ-20260922-0722,RAW-20260922-TRK-NB-07-00722,2026-09-22T10:56:09Z,112,57352362XXXX,TRK-NB-07,UNMAPPED_TRUNK,2026-09-22T11:13:09Z,false
REJ-20260922-0773,RAW-20260922-TRK-NB-07-00773,2026-09-22T10:57:52Z,121,57360875XXXX,TRK-NB-07,UNMAPPED_TRUNK,2026-09-22T11:14:52Z,false
REJ-20260922-0589,RAW-20260922-TRK-NB-07-00589,2026-09-22T11:02:59Z,212,57349068XXXX,TRK-NB-07,UNMAPPED_TRUNK,2026-09-22T11:19:59Z,false
REJ-20260922-0463,RAW-20260922-TRK-NB-07-00463,2026-09-22T11:05:50Z,150,57337006XXXX,TRK-NB-07,UNMAPPED_TRUNK,2026-09-22T11:22:50Z,false
REJ-20260922-0714,RAW-20260922-TRK-NB-07-00714,2026-09-22T11:08:01Z,468,57383308XXXX,TRK-NB-07,UNMAPPED_TRUNK,2026-09-22T11:25:01Z,false
REJ-20260922-0638,RAW-20260922-TRK-NB-07-00638,2026-09-22T11:10:57Z,67,57343564XXXX,TRK-NB-07,UNMAPPED_TRUNK,2026-09-22T11:27:57Z,false
REJ-20260922-0789,RAW-20260922-TRK-NB-07-00789,2026-09-22T11:18:38Z,86,57376353XXXX,TRK-NB-07,UNMAPPED_TRUNK,2026-09-22T11:35:38Z,false
REJ-20260922-0755,RAW-20260922-TRK-NB-07-00755,2026-09-22T11:22:34Z,82,57397116XXXX,TRK-NB-07,UNMAPPED_TRUNK,2026-09-22T11:39:34Z,false
REJ-20260922-0651,RAW-20260922-TRK-NB-07-00651,2026-09-22T11:27:41Z,29,57382225XXXX,TRK-NB-07,UNMAPPED_TRUNK,2026-09-22T11:44:41Z,false
REJ-20260922-0417,RAW-20260922-TRK-NB-07-00417,2026-09-22T11:28:49Z,40,57394800XXXX,TRK-NB-07,UNMAPPED_TRUNK,2026-09-22T11:45:49Z,false
REJ-20260922-0452,RAW-20260922-TRK-NB-07-00452,2026-09-22T11:32:32Z,51,57372978XXXX,TRK-NB-07,UNMAPPED_TRUNK,2026-09-22T11:49:32Z,false
REJ-20260922-0503,RAW-20260922-TRK-NB-07-00503,2026-09-22T11:42:52Z,134,57325770XXXX,TRK-NB-07,UNMAPPED_TRUNK,2026-09-22T11:59:52Z,false
REJ-20260922-0484,RAW-20260922-TRK-NB-07-00484,2026-09-22T11:50:53Z,8,57320906XXXX,TRK-NB-07,UNMAPPED_TRUNK,2026-09-22T12:07:53Z,false
REJ-20260922-0563,RAW-20260922-TRK-NB-07-00563,2026-09-22T11:51:52Z,223,57312112XXXX,TRK-NB-07,UNMAPPED_TRUNK,2026-09-22T12:08:52Z,false
REJ-20260922-0574,RAW-20260922-TRK-NB-07-00574,2026-09-22T11:52:33Z,100,57334911XXXX,TRK-NB-07,UNMAPPED_TRUNK,2026-09-22T12:09:33Z,false
REJ-20260922-0560,RAW-20260922-TRK-NB-07-00560,2026-09-22T12:02:53Z,188,57358413XXXX,TRK-NB-07,UNMAPPED_TRUNK,2026-09-22T12:19:53Z,false
REJ-20260922-0521,RAW-20260922-TRK-NB-07-00521,2026-09-22T12:12:01Z,3,57352690XXXX,TRK-NB-07,UNMAPPED_TRUNK,2026-09-22T12:29:01Z,false
REJ-20260922-0578,RAW-20260922-TRK-NB-07-00578,2026-09-22T12:12:49Z,39,57358795XXXX,TRK-NB-07,UNMAPPED_TRUNK,2026-09-22T12:29:49Z,false
REJ-20260922-0767,RAW-20260922-TRK-NB-07-00767,2026-09-22T12:20:35Z,168,57397922XXXX,TRK-NB-07,UNMAPPED_TRUNK,2026-09-22T12:37:35Z,false
REJ-20260922-0660,RAW-20260922-TRK-NB-07-00660,2026-09-22T12:22:40Z,95,57386120XXXX,TRK-NB-07,UNMAPPED_TRUNK,2026-09-22T12:39:40Z,false
REJ-20260922-0581,RAW-20260922-TRK-NB-07-00581,2026-09-22T12:28:35Z,98,57323064XXXX,TRK-NB-07,UNMAPPED_TRUNK,2026-09-22T12:45:35Z,false
REJ-20260922-0479,RAW-20260922-TRK-NB-07-00479,2026-09-22T12:34:40Z,236,57352081XXXX,TRK-NB-07,UNMAPPED_TRUNK,2026-09-22T12:51:40Z,false
REJ-20260922-0799,RAW-20260922-TRK-NB-07-00799,2026-09-22T12:39:29Z,303,57330915XXXX,TRK-NB-07,UNMAPPED_TRUNK,2026-09-22T12:56:29Z,false
REJ-20260922-0741,RAW-20260922-TRK-NB-07-00741,2026-09-22T12:42:41Z,258,57370227XXXX,TRK-NB-07,UNMAPPED_TRUNK,2026-09-22T12:59:41Z,false
REJ-20260922-0786,RAW-20260922-TRK-NB-07-00786,2026-09-22T12:42:55Z,28,57385626XXXX,TRK-NB-07,UNMAPPED_TRUNK,2026-09-22T12:59:55Z,false
REJ-20260922-0478,RAW-20260922-TRK-NB-07-00478,2026-09-22T12:50:33Z,50,57384890XXXX,TRK-NB-07,UNMAPPED_TRUNK,2026-09-22T13:07:33Z,false
REJ-20260922-0562,RAW-20260922-TRK-NB-07-00562,2026-09-22T12:50:56Z,65,57360013XXXX,TRK-NB-07,UNMAPPED_TRUNK,2026-09-22T13:07:56Z,false
REJ-20260922-0522,RAW-20260922-TRK-NB-07-00522,2026-09-22T12:56:32Z,101,57311193XXXX,TRK-NB-07,UNMAPPED_TRUNK,2026-09-22T13:13:32Z,false
REJ-20260922-0780,RAW-20260922-TRK-NB-07-00780,2026-09-22T13:09:11Z,22,57379790XXXX,TRK-NB-07,UNMAPPED_TRUNK,2026-09-22T13:26:11Z,false
REJ-20260922-0718,RAW-20260922-TRK-NB-07-00718,2026-09-22T13:09:29Z,387,57381200XXXX,TRK-NB-07,UNMAPPED_TRUNK,2026-09-22T13:26:29Z,false
REJ-20260922-0500,RAW-20260922-TRK-NB-07-00500,2026-09-22T13:09:46Z,40,57322946XXXX,TRK-NB-07,UNMAPPED_TRUNK,2026-09-22T13:26:46Z,false
REJ-20260922-0575,RAW-20260922-TRK-NB-07-00575,2026-09-22T13:10:22Z,361,57371243XXXX,TRK-NB-07,UNMAPPED_TRUNK,2026-09-22T13:27:22Z,false
REJ-20260922-0421,RAW-20260922-TRK-NB-07-00421,2026-09-22T13:12:47Z,86,57357249XXXX,TRK-NB-07,UNMAPPED_TRUNK,2026-09-22T13:29:47Z,false
REJ-20260922-0470,RAW-20260922-TRK-NB-07-00470,2026-09-22T13:14:14Z,53,57381314XXXX,TRK-NB-07,UNMAPPED_TRUNK,2026-09-22T13:31:14Z,false
REJ-20260922-0419,RAW-20260922-TRK-NB-07-00419,2026-09-22T13:18:29Z,19,57376343XXXX,TRK-NB-07,UNMAPPED_TRUNK,2026-09-22T13:35:29Z,false
REJ-20260922-0684,RAW-20260922-TRK-NB-07-00684,2026-09-22T13:25:36Z,182,57365965XXXX,TRK-NB-07,UNMAPPED_TRUNK,2026-09-22T13:42:36Z,false
REJ-20260922-0673,RAW-20260922-TRK-NB-07-00673,2026-09-22T13:32:05Z,18,57311129XXXX,TRK-NB-07,UNMAPPED_TRUNK,2026-09-22T13:49:05Z,false
REJ-20260922-0717,RAW-20260922-TRK-NB-07-00717,2026-09-22T13:39:18Z,43,57319141XXXX,TRK-NB-07,UNMAPPED_TRUNK,2026-09-22T13:56:18Z,false
REJ-20260922-0682,RAW-20260922-TRK-NB-07-00682,2026-09-22T13:42:38Z,817,57303287XXXX,TRK-NB-07,UNMAPPED_TRUNK,2026-09-22T13:59:38Z,false
REJ-20260922-0622,RAW-20260922-TRK-NB-07-00622,2026-09-22T13:43:32Z,294,57350539XXXX,TRK-NB-07,UNMAPPED_TRUNK,2026-09-22T14:00:32Z,false
REJ-20260922-0585,RAW-20260922-TRK-NB-07-00585,2026-09-22T13:47:09Z,87,57333878XXXX,TRK-NB-07,UNMAPPED_TRUNK,2026-09-22T14:04:09Z,false
REJ-20260922-0411,RAW-20260922-TRK-NB-07-00411,2026-09-22T13:51:00Z,10,57354903XXXX,TRK-NB-07,UNMAPPED_TRUNK,2026-09-22T14:08:00Z,false
REJ-20260922-0606,RAW-20260922-TRK-NB-07-00606,2026-09-22T13:54:13Z,59,57324073XXXX,TRK-NB-07,UNMAPPED_TRUNK,2026-09-22T14:11:13Z,false
REJ-20260922-0584,RAW-20260922-TRK-NB-07-00584,2026-09-22T13:54:36Z,36,57340953XXXX,TRK-NB-07,UNMAPPED_TRUNK,2026-09-22T14:11:36Z,false
REJ-20260922-0744,RAW-20260922-TRK-NB-07-00744,2026-09-22T13:55:25Z,56,57361125XXXX,TRK-NB-07,UNMAPPED_TRUNK,2026-09-22T14:12:25Z,false
REJ-20260922-0757,RAW-20260922-TRK-NB-07-00757,2026-09-22T13:55:58Z,53,57340645XXXX,TRK-NB-07,UNMAPPED_TRUNK,2026-09-22T14:12:58Z,false
REJ-20260922-0724,RAW-20260922-TRK-NB-07-00724,2026-09-22T13:57:48Z,60,57380127XXXX,TRK-NB-07,UNMAPPED_TRUNK,2026-09-22T14:14:48Z,false
REJ-20260922-0444,RAW-20260922-TRK-NB-07-00444,2026-09-22T14:05:08Z,50,57331324XXXX,TRK-NB-07,UNMAPPED_TRUNK,2026-09-22T14:22:08Z,false
REJ-20260922-0712,RAW-20260922-TRK-NB-07-00712,2026-09-22T14:07:56Z,262,57371890XXXX,TRK-NB-07,UNMAPPED_TRUNK,2026-09-22T14:24:56Z,false
REJ-20260922-0595,RAW-20260922-TRK-NB-07-00595,2026-09-22T14:10:24Z,61,57363517XXXX,TRK-NB-07,UNMAPPED_TRUNK,2026-09-22T14:27:24Z,false
REJ-20260922-0689,RAW-20260922-TRK-NB-07-00689,2026-09-22T14:23:56Z,50,57353975XXXX,TRK-NB-07,UNMAPPED_TRUNK,2026-09-22T14:40:56Z,false
REJ-20260922-0485,RAW-20260922-TRK-NB-07-00485,2026-09-22T14:25:18Z,62,57371813XXXX,TRK-NB-07,UNMAPPED_TRUNK,2026-09-22T14:42:18Z,false
REJ-20260922-0511,RAW-20260922-TRK-NB-07-00511,2026-09-22T14:29:28Z,144,57374753XXXX,TRK-NB-07,UNMAPPED_TRUNK,2026-09-22T14:46:28Z,false
REJ-20260922-0690,RAW-20260922-TRK-NB-07-00690,2026-09-22T14:30:33Z,61,57338627XXXX,TRK-NB-07,UNMAPPED_TRUNK,2026-09-22T14:47:33Z,false
REJ-20260922-0471,RAW-20260922-TRK-NB-07-00471,2026-09-22T14:33:46Z,42,57350859XXXX,TRK-NB-07,UNMAPPED_TRUNK,2026-09-22T14:50:46Z,false
REJ-20260922-0639,RAW-20260922-TRK-NB-07-00639,2026-09-22T14:35:00Z,20,57321192XXXX,TRK-NB-07,UNMAPPED_TRUNK,2026-09-22T14:52:00Z,false
REJ-20260922-0544,RAW-20260922-TRK-NB-07-00544,2026-09-22T14:35:08Z,40,57381727XXXX,TRK-NB-07,UNMAPPED_TRUNK,2026-09-22T14:52:08Z,false
REJ-20260922-0630,RAW-20260922-TRK-NB-07-00630,2026-09-22T14:39:05Z,42,57383200XXXX,TRK-NB-07,UNMAPPED_TRUNK,2026-09-22T14:56:05Z,false
REJ-20260922-0749,RAW-20260922-TRK-NB-07-00749,2026-09-22T14:39:40Z,266,57317208XXXX,TRK-NB-07,UNMAPPED_TRUNK,2026-09-22T14:56:40Z,false
REJ-20260922-0649,RAW-20260922-TRK-NB-07-00649,2026-09-22T14:44:34Z,9,57301632XXXX,TRK-NB-07,UNMAPPED_TRUNK,2026-09-22T15:01:34Z,false
REJ-20260922-0635,RAW-20260922-TRK-NB-07-00635,2026-09-22T14:45:25Z,40,57365571XXXX,TRK-NB-07,UNMAPPED_TRUNK,2026-09-22T15:02:25Z,false
REJ-20260922-0609,RAW-20260922-TRK-NB-07-00609,2026-09-22T14:54:22Z,674,57320518XXXX,TRK-NB-07,UNMAPPED_TRUNK,2026-09-22T15:11:22Z,false
REJ-20260922-0777,RAW-20260922-TRK-NB-07-00777,2026-09-22T15:00:33Z,13,57393793XXXX,TRK-NB-07,UNMAPPED_TRUNK,2026-09-22T15:17:33Z,false
REJ-20260922-0665,RAW-20260922-TRK-NB-07-00665,2026-09-22T15:00:44Z,100,57348095XXXX,TRK-NB-07,UNMAPPED_TRUNK,2026-09-22T15:17:44Z,false
REJ-20260922-0509,RAW-20260922-TRK-NB-07-00509,2026-09-22T15:05:58Z,42,57374616XXXX,TRK-NB-07,UNMAPPED_TRUNK,2026-09-22T15:22:58Z,false
REJ-20260922-0602,RAW-20260922-TRK-NB-07-00602,2026-09-22T15:07:31Z,151,57302232XXXX,TRK-NB-07,UNMAPPED_TRUNK,2026-09-22T15:24:31Z,false
REJ-20260922-0516,RAW-20260922-TRK-NB-07-00516,2026-09-22T15:09:25Z,162,57359143XXXX,TRK-NB-07,UNMAPPED_TRUNK,2026-09-22T15:26:25Z,false
REJ-20260922-0672,RAW-20260922-TRK-NB-07-00672,2026-09-22T15:10:25Z,1659,57303500XXXX,TRK-NB-07,UNMAPPED_TRUNK,2026-09-22T15:27:25Z,false
REJ-20260922-0416,RAW-20260922-TRK-NB-07-00416,2026-09-22T15:11:18Z,14,57389473XXXX,TRK-NB-07,UNMAPPED_TRUNK,2026-09-22T15:28:18Z,false
REJ-20260922-0632,RAW-20260922-TRK-NB-07-00632,2026-09-22T15:12:54Z,54,57371530XXXX,TRK-NB-07,UNMAPPED_TRUNK,2026-09-22T15:29:54Z,false
REJ-20260922-0764,RAW-20260922-TRK-NB-07-00764,2026-09-22T15:18:46Z,25,57303312XXXX,TRK-NB-07,UNMAPPED_TRUNK,2026-09-22T15:35:46Z,false
REJ-20260922-0425,RAW-20260922-TRK-NB-07-00425,2026-09-22T15:22:01Z,42,57313323XXXX,TRK-NB-07,UNMAPPED_TRUNK,2026-09-22T15:39:01Z,false
REJ-20260922-0489,RAW-20260922-TRK-NB-07-00489,2026-09-22T15:26:21Z,42,57302680XXXX,TRK-NB-07,UNMAPPED_TRUNK,2026-09-22T15:43:21Z,false
REJ-20260922-0588,RAW-20260922-TRK-NB-07-00588,2026-09-22T15:30:04Z,11,57343403XXXX,TRK-NB-07,UNMAPPED_TRUNK,2026-09-22T15:47:04Z,false
REJ-20260922-0610,RAW-20260922-TRK-NB-07-00610,2026-09-22T15:33:16Z,26,57335999XXXX,TRK-NB-07,UNMAPPED_TRUNK,2026-09-22T15:50:16Z,false
REJ-20260922-0531,RAW-20260922-TRK-NB-07-00531,2026-09-22T15:35:52Z,346,57352306XXXX,TRK-NB-07,UNMAPPED_TRUNK,2026-09-22T15:52:52Z,false
REJ-20260922-0760,RAW-20260922-TRK-NB-07-00760,2026-09-22T15:38:26Z,410,57331833XXXX,TRK-NB-07,UNMAPPED_TRUNK,2026-09-22T15:55:26Z,false
REJ-20260922-0423,RAW-20260922-TRK-NB-07-00423,2026-09-22T15:47:33Z,53,57315041XXXX,TRK-NB-07,UNMAPPED_TRUNK,2026-09-22T16:04:33Z,false
REJ-20260922-0482,RAW-20260922-TRK-NB-07-00482,2026-09-22T15:50:31Z,30,57399376XXXX,TRK-NB-07,UNMAPPED_TRUNK,2026-09-22T16:07:31Z,false
REJ-20260922-0414,RAW-20260922-TRK-NB-07-00414,2026-09-22T15:53:37Z,747,57396974XXXX,TRK-NB-07,UNMAPPED_TRUNK,2026-09-22T16:10:37Z,false
REJ-20260922-0486,RAW-20260922-TRK-NB-07-00486,2026-09-22T15:57:13Z,43,57399758XXXX,TRK-NB-07,UNMAPPED_TRUNK,2026-09-22T16:14:13Z,false
REJ-20260922-0594,RAW-20260922-TRK-NB-07-00594,2026-09-22T16:05:31Z,44,57303613XXXX,TRK-NB-07,UNMAPPED_TRUNK,2026-09-22T16:22:31Z,false
REJ-20260922-0566,RAW-20260922-TRK-NB-07-00566,2026-09-22T16:10:03Z,30,57369379XXXX,TRK-NB-07,UNMAPPED_TRUNK,2026-09-22T16:27:03Z,false
REJ-20260922-0477,RAW-20260922-TRK-NB-07-00477,2026-09-22T16:10:34Z,10,57373996XXXX,TRK-NB-07,UNMAPPED_TRUNK,2026-09-22T16:27:34Z,false
REJ-20260922-0586,RAW-20260922-TRK-NB-07-00586,2026-09-22T16:11:09Z,55,57332312XXXX,TRK-NB-07,UNMAPPED_TRUNK,2026-09-22T16:28:09Z,false
REJ-20260922-0619,RAW-20260922-TRK-NB-07-00619,2026-09-22T16:13:26Z,58,57336811XXXX,TRK-NB-07,UNMAPPED_TRUNK,2026-09-22T16:30:26Z,false
REJ-20260922-0436,RAW-20260922-TRK-NB-07-00436,2026-09-22T16:13:39Z,200,57316925XXXX,TRK-NB-07,UNMAPPED_TRUNK,2026-09-22T16:30:39Z,false
REJ-20260922-0723,RAW-20260922-TRK-NB-07-00723,2026-09-22T16:14:59Z,67,57382191XXXX,TRK-NB-07,UNMAPPED_TRUNK,2026-09-22T16:31:59Z,false
REJ-20260922-0781,RAW-20260922-TRK-NB-07-00781,2026-09-22T16:19:16Z,50,57360065XXXX,TRK-NB-07,UNMAPPED_TRUNK,2026-09-22T16:36:16Z,false
REJ-20260922-0545,RAW-20260922-TRK-NB-07-00545,2026-09-22T16:19:58Z,258,57392445XXXX,TRK-NB-07,UNMAPPED_TRUNK,2026-09-22T16:36:58Z,false
REJ-20260922-0756,RAW-20260922-TRK-NB-07-00756,2026-09-22T16:20:48Z,60,57302232XXXX,TRK-NB-07,UNMAPPED_TRUNK,2026-09-22T16:37:48Z,false
REJ-20260922-0541,RAW-20260922-TRK-NB-07-00541,2026-09-22T16:24:03Z,42,57317294XXXX,TRK-NB-07,UNMAPPED_TRUNK,2026-09-22T16:41:03Z,false
REJ-20260922-0525,RAW-20260922-TRK-NB-07-00525,2026-09-22T16:28:42Z,37,57316381XXXX,TRK-NB-07,UNMAPPED_TRUNK,2026-09-22T16:45:42Z,false
REJ-20260922-0614,RAW-20260922-TRK-NB-07-00614,2026-09-22T16:32:30Z,22,57359343XXXX,TRK-NB-07,UNMAPPED_TRUNK,2026-09-22T16:49:30Z,false
REJ-20260922-0657,RAW-20260922-TRK-NB-07-00657,2026-09-22T16:34:05Z,43,57383524XXXX,TRK-NB-07,UNMAPPED_TRUNK,2026-09-22T16:51:05Z,false
REJ-20260922-0518,RAW-20260922-TRK-NB-07-00518,2026-09-22T16:34:09Z,466,57383057XXXX,TRK-NB-07,UNMAPPED_TRUNK,2026-09-22T16:51:09Z,false
REJ-20260922-0577,RAW-20260922-TRK-NB-07-00577,2026-09-22T16:34:30Z,405,57367927XXXX,TRK-NB-07,UNMAPPED_TRUNK,2026-09-22T16:51:30Z,false
REJ-20260922-0669,RAW-20260922-TRK-NB-07-00669,2026-09-22T16:37:55Z,56,57316530XXXX,TRK-NB-07,UNMAPPED_TRUNK,2026-09-22T16:54:55Z,false
REJ-20260922-0730,RAW-20260922-TRK-NB-07-00730,2026-09-22T16:40:03Z,81,57373806XXXX,TRK-NB-07,UNMAPPED_TRUNK,2026-09-22T16:57:03Z,false
REJ-20260922-0519,RAW-20260922-TRK-NB-07-00519,2026-09-22T16:40:37Z,515,57338495XXXX,TRK-NB-07,UNMAPPED_TRUNK,2026-09-22T16:57:37Z,false
REJ-20260922-0726,RAW-20260922-TRK-NB-07-00726,2026-09-22T17:01:54Z,30,57394920XXXX,TRK-NB-07,UNMAPPED_TRUNK,2026-09-22T17:18:54Z,false
REJ-20260922-0733,RAW-20260922-TRK-NB-07-00733,2026-09-22T17:03:44Z,299,57314200XXXX,TRK-NB-07,UNMAPPED_TRUNK,2026-09-22T17:20:44Z,false
REJ-20260922-0409,RAW-20260922-TRK-NB-07-00409,2026-09-22T17:03:47Z,26,57352682XXXX,TRK-NB-07,UNMAPPED_TRUNK,2026-09-22T17:20:47Z,false
REJ-20260922-0568,RAW-20260922-TRK-NB-07-00568,2026-09-22T17:04:17Z,286,57341166XXXX,TRK-NB-07,UNMAPPED_TRUNK,2026-09-22T17:21:17Z,false
REJ-20260922-0611,RAW-20260922-TRK-NB-07-00611,2026-09-22T17:08:05Z,428,57341845XXXX,TRK-NB-07,UNMAPPED_TRUNK,2026-09-22T17:25:05Z,false
REJ-20260922-0795,RAW-20260922-TRK-NB-07-00795,2026-09-22T17:17:46Z,19,57308826XXXX,TRK-NB-07,UNMAPPED_TRUNK,2026-09-22T17:34:46Z,false
REJ-20260922-0536,RAW-20260922-TRK-NB-07-00536,2026-09-22T17:18:26Z,157,57333915XXXX,TRK-NB-07,UNMAPPED_TRUNK,2026-09-22T17:35:26Z,false
REJ-20260922-0457,RAW-20260922-TRK-NB-07-00457,2026-09-22T17:19:42Z,12,57306842XXXX,TRK-NB-07,UNMAPPED_TRUNK,2026-09-22T17:36:42Z,false
REJ-20260922-0462,RAW-20260922-TRK-NB-07-00462,2026-09-22T17:20:06Z,408,57384087XXXX,TRK-NB-07,UNMAPPED_TRUNK,2026-09-22T17:37:06Z,false
REJ-20260922-0754,RAW-20260922-TRK-NB-07-00754,2026-09-22T17:22:39Z,54,57377523XXXX,TRK-NB-07,UNMAPPED_TRUNK,2026-09-22T17:39:39Z,false
REJ-20260922-0641,RAW-20260922-TRK-NB-07-00641,2026-09-22T17:23:29Z,94,57305077XXXX,TRK-NB-07,UNMAPPED_TRUNK,2026-09-22T17:40:29Z,false
REJ-20260922-0612,RAW-20260922-TRK-NB-07-00612,2026-09-22T17:23:35Z,102,57331956XXXX,TRK-NB-07,UNMAPPED_TRUNK,2026-09-22T17:40:35Z,false
REJ-20260922-0535,RAW-20260922-TRK-NB-07-00535,2026-09-22T17:31:30Z,8,57355344XXXX,TRK-NB-07,UNMAPPED_TRUNK,2026-09-22T17:48:30Z,false
REJ-20260922-0433,RAW-20260922-TRK-NB-07-00433,2026-09-22T17:31:33Z,425,57356664XXXX,TRK-NB-07,UNMAPPED_TRUNK,2026-09-22T17:48:33Z,false
REJ-20260922-0488,RAW-20260922-TRK-NB-07-00488,2026-09-22T17:33:15Z,30,57304105XXXX,TRK-NB-07,UNMAPPED_TRUNK,2026-09-22T17:50:15Z,false
REJ-20260922-0551,RAW-20260922-TRK-NB-07-00551,2026-09-22T17:34:26Z,301,57383794XXXX,TRK-NB-07,UNMAPPED_TRUNK,2026-09-22T17:51:26Z,false
REJ-20260922-0779,RAW-20260922-TRK-NB-07-00779,2026-09-22T17:34:46Z,107,57368274XXXX,TRK-NB-07,UNMAPPED_TRUNK,2026-09-22T17:51:46Z,false
REJ-20260922-0675,RAW-20260922-TRK-NB-07-00675,2026-09-22T17:35:36Z,97,57361681XXXX,TRK-NB-07,UNMAPPED_TRUNK,2026-09-22T17:52:36Z,false
REJ-20260922-0800,RAW-20260922-TRK-NB-07-00800,2026-09-22T17:36:54Z,72,57333244XXXX,TRK-NB-07,UNMAPPED_TRUNK,2026-09-22T17:53:54Z,false
REJ-20260922-0540,RAW-20260922-TRK-NB-07-00540,2026-09-22T17:47:08Z,1,57358306XXXX,TRK-NB-07,UNMAPPED_TRUNK,2026-09-22T18:04:08Z,false
REJ-20260922-0456,RAW-20260922-TRK-NB-07-00456,2026-09-22T17:48:02Z,16,57362610XXXX,TRK-NB-07,UNMAPPED_TRUNK,2026-09-22T18:05:02Z,false
REJ-20260922-0700,RAW-20260922-TRK-NB-07-00700,2026-09-22T17:48:29Z,233,57396023XXXX,TRK-NB-07,UNMAPPED_TRUNK,2026-09-22T18:05:29Z,false
REJ-20260922-0618,RAW-20260922-TRK-NB-07-00618,2026-09-22T18:05:55Z,246,57309256XXXX,TRK-NB-07,UNMAPPED_TRUNK,2026-09-22T18:22:55Z,false
REJ-20260922-0440,RAW-20260922-TRK-NB-07-00440,2026-09-22T18:13:33Z,165,57346325XXXX,TRK-NB-07,UNMAPPED_TRUNK,2026-09-22T18:30:33Z,false
REJ-20260922-0431,RAW-20260922-TRK-NB-07-00431,2026-09-22T18:20:13Z,92,57393960XXXX,TRK-NB-07,UNMAPPED_TRUNK,2026-09-22T18:37:13Z,false
REJ-20260922-0426,RAW-20260922-TRK-NB-07-00426,2026-09-22T18:28:40Z,74,57324757XXXX,TRK-NB-07,UNMAPPED_TRUNK,2026-09-22T18:45:40Z,false
REJ-20260922-0683,RAW-20260922-TRK-NB-07-00683,2026-09-22T18:33:53Z,317,57349759XXXX,TRK-NB-07,UNMAPPED_TRUNK,2026-09-22T18:50:53Z,false
REJ-20260922-0604,RAW-20260922-TRK-NB-07-00604,2026-09-22T18:36:16Z,66,57375830XXXX,TRK-NB-07,UNMAPPED_TRUNK,2026-09-22T18:53:16Z,false
REJ-20260922-0552,RAW-20260922-TRK-NB-07-00552,2026-09-22T18:39:24Z,35,57394500XXXX,TRK-NB-07,UNMAPPED_TRUNK,2026-09-22T18:56:24Z,false
REJ-20260922-0661,RAW-20260922-TRK-NB-07-00661,2026-09-22T18:39:57Z,198,57364074XXXX,TRK-NB-07,UNMAPPED_TRUNK,2026-09-22T18:56:57Z,false
REJ-20260922-0693,RAW-20260922-TRK-NB-07-00693,2026-09-22T18:42:40Z,61,57378536XXXX,TRK-NB-07,UNMAPPED_TRUNK,2026-09-22T18:59:40Z,false
REJ-20260922-0548,RAW-20260922-TRK-NB-07-00548,2026-09-22T18:42:49Z,14,57320501XXXX,TRK-NB-07,UNMAPPED_TRUNK,2026-09-22T18:59:49Z,false
REJ-20260922-0627,RAW-20260922-TRK-NB-07-00627,2026-09-22T18:43:14Z,14,57339816XXXX,TRK-NB-07,UNMAPPED_TRUNK,2026-09-22T19:00:14Z,false
REJ-20260922-0402,RAW-20260922-TRK-NB-07-00402,2026-09-22T18:46:19Z,19,57348313XXXX,TRK-NB-07,UNMAPPED_TRUNK,2026-09-22T19:03:19Z,false
REJ-20260922-0564,RAW-20260922-TRK-NB-07-00564,2026-09-22T18:48:44Z,50,57322517XXXX,TRK-NB-07,UNMAPPED_TRUNK,2026-09-22T19:05:44Z,false
REJ-20260922-0702,RAW-20260922-TRK-NB-07-00702,2026-09-22T18:50:09Z,20,57338000XXXX,TRK-NB-07,UNMAPPED_TRUNK,2026-09-22T19:07:09Z,false
REJ-20260922-0677,RAW-20260922-TRK-NB-07-00677,2026-09-22T18:53:21Z,33,57330863XXXX,TRK-NB-07,UNMAPPED_TRUNK,2026-09-22T19:10:21Z,false
REJ-20260922-0469,RAW-20260922-TRK-NB-07-00469,2026-09-22T19:07:18Z,38,57334234XXXX,TRK-NB-07,UNMAPPED_TRUNK,2026-09-22T19:24:18Z,false
REJ-20260922-0590,RAW-20260922-TRK-NB-07-00590,2026-09-22T19:09:33Z,60,57318303XXXX,TRK-NB-07,UNMAPPED_TRUNK,2026-09-22T19:26:33Z,false
REJ-20260922-0704,RAW-20260922-TRK-NB-07-00704,2026-09-22T19:25:08Z,114,57302207XXXX,TRK-NB-07,UNMAPPED_TRUNK,2026-09-22T19:42:08Z,false
REJ-20260922-0515,RAW-20260922-TRK-NB-07-00515,2026-09-22T19:30:28Z,211,57387383XXXX,TRK-NB-07,UNMAPPED_TRUNK,2026-09-22T19:47:28Z,false
REJ-20260922-0710,RAW-20260922-TRK-NB-07-00710,2026-09-22T19:30:33Z,30,57320856XXXX,TRK-NB-07,UNMAPPED_TRUNK,2026-09-22T19:47:33Z,false
REJ-20260922-0637,RAW-20260922-TRK-NB-07-00637,2026-09-22T19:32:02Z,11,57365825XXXX,TRK-NB-07,UNMAPPED_TRUNK,2026-09-22T19:49:02Z,false
REJ-20260922-0676,RAW-20260922-TRK-NB-07-00676,2026-09-22T19:34:25Z,526,57322589XXXX,TRK-NB-07,UNMAPPED_TRUNK,2026-09-22T19:51:25Z,false
REJ-20260922-0401,RAW-20260922-TRK-NB-07-00401,2026-09-22T19:35:09Z,1614,57332324XXXX,TRK-NB-07,UNMAPPED_TRUNK,2026-09-22T19:52:09Z,false
REJ-20260922-0685,RAW-20260922-TRK-NB-07-00685,2026-09-22T19:44:42Z,158,57375315XXXX,TRK-NB-07,UNMAPPED_TRUNK,2026-09-22T20:01:42Z,false
REJ-20260922-0514,RAW-20260922-TRK-NB-07-00514,2026-09-22T19:45:55Z,104,57319336XXXX,TRK-NB-07,UNMAPPED_TRUNK,2026-09-22T20:02:55Z,false
REJ-20260922-0707,RAW-20260922-TRK-NB-07-00707,2026-09-22T19:46:07Z,49,57364236XXXX,TRK-NB-07,UNMAPPED_TRUNK,2026-09-22T20:03:07Z,false
REJ-20260922-0596,RAW-20260922-TRK-NB-07-00596,2026-09-22T19:50:36Z,108,57387859XXXX,TRK-NB-07,UNMAPPED_TRUNK,2026-09-22T20:07:36Z,false
REJ-20260922-0517,RAW-20260922-TRK-NB-07-00517,2026-09-22T19:53:34Z,53,57337296XXXX,TRK-NB-07,UNMAPPED_TRUNK,2026-09-22T20:10:34Z,false
REJ-20260922-0647,RAW-20260922-TRK-NB-07-00647,2026-09-22T19:53:43Z,181,57304236XXXX,TRK-NB-07,UNMAPPED_TRUNK,2026-09-22T20:10:43Z,false
REJ-20260922-0505,RAW-20260922-TRK-NB-07-00505,2026-09-22T19:59:30Z,49,57369611XXXX,TRK-NB-07,UNMAPPED_TRUNK,2026-09-22T20:16:30Z,false
REJ-20260922-0410,RAW-20260922-TRK-NB-07-00410,2026-09-22T20:10:38Z,222,57313585XXXX,TRK-NB-07,UNMAPPED_TRUNK,2026-09-22T20:27:38Z,false
REJ-20260922-0445,RAW-20260922-TRK-NB-07-00445,2026-09-22T20:11:20Z,51,57377274XXXX,TRK-NB-07,UNMAPPED_TRUNK,2026-09-22T20:28:20Z,false
REJ-20260922-0538,RAW-20260922-TRK-NB-07-00538,2026-09-22T20:16:06Z,777,57335606XXXX,TRK-NB-07,UNMAPPED_TRUNK,2026-09-22T20:33:06Z,false
REJ-20260922-0650,RAW-20260922-TRK-NB-07-00650,2026-09-22T20:21:39Z,62,57311458XXXX,TRK-NB-07,UNMAPPED_TRUNK,2026-09-22T20:38:39Z,false
REJ-20260922-0763,RAW-20260922-TRK-NB-07-00763,2026-09-22T20:22:28Z,8,57363411XXXX,TRK-NB-07,UNMAPPED_TRUNK,2026-09-22T20:39:28Z,false
REJ-20260922-0512,RAW-20260922-TRK-NB-07-00512,2026-09-22T20:27:46Z,380,57313968XXXX,TRK-NB-07,UNMAPPED_TRUNK,2026-09-22T20:44:46Z,false
REJ-20260922-0713,RAW-20260922-TRK-NB-07-00713,2026-09-22T20:31:24Z,486,57397951XXXX,TRK-NB-07,UNMAPPED_TRUNK,2026-09-22T20:48:24Z,false
REJ-20260922-0424,RAW-20260922-TRK-NB-07-00424,2026-09-22T20:42:35Z,50,57334057XXXX,TRK-NB-07,UNMAPPED_TRUNK,2026-09-22T20:59:35Z,false
REJ-20260922-0418,RAW-20260922-TRK-NB-07-00418,2026-09-22T20:45:24Z,24,57332000XXXX,TRK-NB-07,UNMAPPED_TRUNK,2026-09-22T21:02:24Z,false
REJ-20260922-0550,RAW-20260922-TRK-NB-07-00550,2026-09-22T20:48:38Z,26,57363300XXXX,TRK-NB-07,UNMAPPED_TRUNK,2026-09-22T21:05:38Z,false
REJ-20260922-0415,RAW-20260922-TRK-NB-07-00415,2026-09-22T20:50:36Z,250,57319657XXXX,TRK-NB-07,UNMAPPED_TRUNK,2026-09-22T21:07:36Z,false
REJ-20260922-0719,RAW-20260922-TRK-NB-07-00719,2026-09-22T20:53:09Z,105,57344545XXXX,TRK-NB-07,UNMAPPED_TRUNK,2026-09-22T21:10:09Z,false
REJ-20260922-0645,RAW-20260922-TRK-NB-07-00645,2026-09-22T20:54:15Z,13,57329349XXXX,TRK-NB-07,UNMAPPED_TRUNK,2026-09-22T21:11:15Z,false
REJ-20260922-0460,RAW-20260922-TRK-NB-07-00460,2026-09-22T20:55:08Z,79,57332654XXXX,TRK-NB-07,UNMAPPED_TRUNK,2026-09-22T21:12:08Z,false
REJ-20260922-0580,RAW-20260922-TRK-NB-07-00580,2026-09-22T20:59:56Z,25,57351972XXXX,TRK-NB-07,UNMAPPED_TRUNK,2026-09-22T21:16:56Z,false
REJ-20260922-0427,RAW-20260922-TRK-NB-07-00427,2026-09-22T21:00:18Z,68,57364579XXXX,TRK-NB-07,UNMAPPED_TRUNK,2026-09-22T21:17:18Z,false
REJ-20260922-0413,RAW-20260922-TRK-NB-07-00413,2026-09-22T21:07:04Z,62,57364440XXXX,TRK-NB-07,UNMAPPED_TRUNK,2026-09-22T21:24:04Z,false
REJ-20260922-0491,RAW-20260922-TRK-NB-07-00491,2026-09-22T21:09:47Z,7,57380358XXXX,TRK-NB-07,UNMAPPED_TRUNK,2026-09-22T21:26:47Z,false
REJ-20260922-0504,RAW-20260922-TRK-NB-07-00504,2026-09-22T21:15:45Z,192,57366665XXXX,TRK-NB-07,UNMAPPED_TRUNK,2026-09-22T21:32:45Z,false
REJ-20260922-0745,RAW-20260922-TRK-NB-07-00745,2026-09-22T21:21:45Z,15,57311444XXXX,TRK-NB-07,UNMAPPED_TRUNK,2026-09-22T21:38:45Z,false
REJ-20260922-0750,RAW-20260922-TRK-NB-07-00750,2026-09-22T21:25:09Z,102,57313529XXXX,TRK-NB-07,UNMAPPED_TRUNK,2026-09-22T21:42:09Z,false
REJ-20260922-0454,RAW-20260922-TRK-NB-07-00454,2026-09-22T21:28:53Z,27,57305582XXXX,TRK-NB-07,UNMAPPED_TRUNK,2026-09-22T21:45:53Z,false
REJ-20260922-0569,RAW-20260922-TRK-NB-07-00569,2026-09-22T21:31:56Z,57,57358038XXXX,TRK-NB-07,UNMAPPED_TRUNK,2026-09-22T21:48:56Z,false
REJ-20260922-0475,RAW-20260922-TRK-NB-07-00475,2026-09-22T21:33:10Z,54,57363737XXXX,TRK-NB-07,UNMAPPED_TRUNK,2026-09-22T21:50:10Z,false
REJ-20260922-0605,RAW-20260922-TRK-NB-07-00605,2026-09-22T21:34:44Z,257,57345574XXXX,TRK-NB-07,UNMAPPED_TRUNK,2026-09-22T21:51:44Z,false
REJ-20260922-0608,RAW-20260922-TRK-NB-07-00608,2026-09-22T21:38:03Z,35,57333333XXXX,TRK-NB-07,UNMAPPED_TRUNK,2026-09-22T21:55:03Z,false
REJ-20260922-0539,RAW-20260922-TRK-NB-07-00539,2026-09-22T21:38:19Z,381,57301702XXXX,TRK-NB-07,UNMAPPED_TRUNK,2026-09-22T21:55:19Z,false
REJ-20260922-0576,RAW-20260922-TRK-NB-07-00576,2026-09-22T21:38:37Z,105,57305344XXXX,TRK-NB-07,UNMAPPED_TRUNK,2026-09-22T21:55:37Z,false
REJ-20260922-0701,RAW-20260922-TRK-NB-07-00701,2026-09-22T21:39:24Z,7,57346883XXXX,TRK-NB-07,UNMAPPED_TRUNK,2026-09-22T21:56:24Z,false
REJ-20260922-0508,RAW-20260922-TRK-NB-07-00508,2026-09-22T21:46:26Z,63,57308338XXXX,TRK-NB-07,UNMAPPED_TRUNK,2026-09-22T22:03:26Z,false
REJ-20260922-0715,RAW-20260922-TRK-NB-07-00715,2026-09-22T21:54:18Z,28,57336533XXXX,TRK-NB-07,UNMAPPED_TRUNK,2026-09-22T22:11:18Z,false
REJ-20260922-0761,RAW-20260922-TRK-NB-07-00761,2026-09-22T21:58:44Z,130,57344614XXXX,TRK-NB-07,UNMAPPED_TRUNK,2026-09-22T22:15:44Z,false
REJ-20260922-0747,RAW-20260922-TRK-NB-07-00747,2026-09-22T22:03:51Z,1145,57319158XXXX,TRK-NB-07,UNMAPPED_TRUNK,2026-09-22T22:20:51Z,false
REJ-20260922-0495,RAW-20260922-TRK-NB-07-00495,2026-09-22T22:04:44Z,8,57374222XXXX,TRK-NB-07,UNMAPPED_TRUNK,2026-09-22T22:21:44Z,false
REJ-20260922-0617,RAW-20260922-TRK-NB-07-00617,2026-09-22T22:05:08Z,434,57316455XXXX,TRK-NB-07,UNMAPPED_TRUNK,2026-09-22T22:22:08Z,false
REJ-20260922-0758,RAW-20260922-TRK-NB-07-00758,2026-09-22T22:05:48Z,60,57316075XXXX,TRK-NB-07,UNMAPPED_TRUNK,2026-09-22T22:22:48Z,false
REJ-20260922-0404,RAW-20260922-TRK-NB-07-00404,2026-09-22T22:06:39Z,92,57307392XXXX,TRK-NB-07,UNMAPPED_TRUNK,2026-09-22T22:23:39Z,false
REJ-20260922-0666,RAW-20260922-TRK-NB-07-00666,2026-09-22T22:08:36Z,49,57352747XXXX,TRK-NB-07,UNMAPPED_TRUNK,2026-09-22T22:25:36Z,false
REJ-20260922-0450,RAW-20260922-TRK-NB-07-00450,2026-09-22T22:12:27Z,44,57341710XXXX,TRK-NB-07,UNMAPPED_TRUNK,2026-09-22T22:29:27Z,false
REJ-20260922-0420,RAW-20260922-TRK-NB-07-00420,2026-09-22T22:15:38Z,112,57338130XXXX,TRK-NB-07,UNMAPPED_TRUNK,2026-09-22T22:32:38Z,false
REJ-20260922-0461,RAW-20260922-TRK-NB-07-00461,2026-09-22T22:26:30Z,26,57321535XXXX,TRK-NB-07,UNMAPPED_TRUNK,2026-09-22T22:43:30Z,false
REJ-20260922-0794,RAW-20260922-TRK-NB-07-00794,2026-09-22T22:27:23Z,167,57351305XXXX,TRK-NB-07,UNMAPPED_TRUNK,2026-09-22T22:44:23Z,false
REJ-20260922-0727,RAW-20260922-TRK-NB-07-00727,2026-09-22T22:30:34Z,54,57382489XXXX,TRK-NB-07,UNMAPPED_TRUNK,2026-09-22T22:47:34Z,false
REJ-20260922-0443,RAW-20260922-TRK-NB-07-00443,2026-09-22T22:33:27Z,23,57399588XXXX,TRK-NB-07,UNMAPPED_TRUNK,2026-09-22T22:50:27Z,false
REJ-20260922-0662,RAW-20260922-TRK-NB-07-00662,2026-09-22T22:34:59Z,63,57329378XXXX,TRK-NB-07,UNMAPPED_TRUNK,2026-09-22T22:51:59Z,false
REJ-20260922-0652,RAW-20260922-TRK-NB-07-00652,2026-09-22T22:40:31Z,246,57384051XXXX,TRK-NB-07,UNMAPPED_TRUNK,2026-09-22T22:57:31Z,false
REJ-20260922-0742,RAW-20260922-TRK-NB-07-00742,2026-09-22T22:54:09Z,19,57347355XXXX,TRK-NB-07,UNMAPPED_TRUNK,2026-09-22T23:11:09Z,false
REJ-20260922-0628,RAW-20260922-TRK-NB-07-00628,2026-09-22T23:00:00Z,281,57354500XXXX,TRK-NB-07,UNMAPPED_TRUNK,2026-09-22T23:17:00Z,false
REJ-20260922-0498,RAW-20260922-TRK-NB-07-00498,2026-09-22T23:01:40Z,256,57374705XXXX,TRK-NB-07,UNMAPPED_TRUNK,2026-09-22T23:18:40Z,false
REJ-20260922-0513,RAW-20260922-TRK-NB-07-00513,2026-09-22T23:09:14Z,115,57308077XXXX,TRK-NB-07,UNMAPPED_TRUNK,2026-09-22T23:26:14Z,false
REJ-20260922-0670,RAW-20260922-TRK-NB-07-00670,2026-09-22T23:10:54Z,14,57372252XXXX,TRK-NB-07,UNMAPPED_TRUNK,2026-09-22T23:27:54Z,false
REJ-20260922-0474,RAW-20260922-TRK-NB-07-00474,2026-09-22T23:12:20Z,215,57356289XXXX,TRK-NB-07,UNMAPPED_TRUNK,2026-09-22T23:29:20Z,false
REJ-20260922-0731,RAW-20260922-TRK-NB-07-00731,2026-09-22T23:14:37Z,690,57379422XXXX,TRK-NB-07,UNMAPPED_TRUNK,2026-09-22T23:31:37Z,false
REJ-20260922-0620,RAW-20260922-TRK-NB-07-00620,2026-09-22T23:15:50Z,2,57370610XXXX,TRK-NB-07,UNMAPPED_TRUNK,2026-09-22T23:32:50Z,false
REJ-20260922-0738,RAW-20260922-TRK-NB-07-00738,2026-09-22T23:16:49Z,39,57332048XXXX,TRK-NB-07,UNMAPPED_TRUNK,2026-09-22T23:33:49Z,false
REJ-20260922-0736,RAW-20260922-TRK-NB-07-00736,2026-09-22T23:18:50Z,20,57320020XXXX,TRK-NB-07,UNMAPPED_TRUNK,2026-09-22T23:35:50Z,false
REJ-20260922-0487,RAW-20260922-TRK-NB-07-00487,2026-09-22T23:20:49Z,79,57393987XXXX,TRK-NB-07,UNMAPPED_TRUNK,2026-09-22T23:37:49Z,false
REJ-20260922-0768,RAW-20260922-TRK-NB-07-00768,2026-09-22T23:22:51Z,31,57395463XXXX,TRK-NB-07,UNMAPPED_TRUNK,2026-09-22T23:39:51Z,false
REJ-20260922-0784,RAW-20260922-TRK-NB-07-00784,2026-09-22T23:23:42Z,18,57392358XXXX,TRK-NB-07,UNMAPPED_TRUNK,2026-09-22T23:40:42Z,false
REJ-20260922-0467,RAW-20260922-TRK-NB-07-00467,2026-09-22T23:25:54Z,165,57369021XXXX,TRK-NB-07,UNMAPPED_TRUNK,2026-09-22T23:42:54Z,false
REJ-20260922-0708,RAW-20260922-TRK-NB-07-00708,2026-09-22T23:27:02Z,149,57385482XXXX,TRK-NB-07,UNMAPPED_TRUNK,2026-09-22T23:44:02Z,false
REJ-20260922-0792,RAW-20260922-TRK-NB-07-00792,2026-09-22T23:27:32Z,150,57320656XXXX,TRK-NB-07,UNMAPPED_TRUNK,2026-09-22T23:44:32Z,false
REJ-20260922-0406,RAW-20260922-TRK-NB-07-00406,2026-09-22T23:30:35Z,136,57379073XXXX,TRK-NB-07,UNMAPPED_TRUNK,2026-09-22T23:47:35Z,false
REJ-20260922-0725,RAW-20260922-TRK-NB-07-00725,2026-09-22T23:30:53Z,270,57379268XXXX,TRK-NB-07,UNMAPPED_TRUNK,2026-09-22T23:47:53Z,false
REJ-20260922-0520,RAW-20260922-TRK-NB-07-00520,2026-09-22T23:34:12Z,432,57365560XXXX,TRK-NB-07,UNMAPPED_TRUNK,2026-09-22T23:51:12Z,false
REJ-20260922-0743,RAW-20260922-TRK-NB-07-00743,2026-09-22T23:42:53Z,40,57306060XXXX,TRK-NB-07,UNMAPPED_TRUNK,2026-09-22T23:59:53Z,false
REJ-20260922-0798,RAW-20260922-TRK-NB-07-00798,2026-09-22T23:48:10Z,24,57307569XXXX,TRK-NB-07,UNMAPPED_TRUNK,2026-09-23T00:05:10Z,false
REJ-20260922-0678,RAW-20260922-TRK-NB-07-00678,2026-09-22T23:51:28Z,22,57314267XXXX,TRK-NB-07,UNMAPPED_TRUNK,2026-09-23T00:08:28Z,false
REJ-20260922-0603,RAW-20260922-TRK-NB-07-00603,2026-09-22T23:54:54Z,428,57381120XXXX,TRK-NB-07,UNMAPPED_TRUNK,2026-09-23T00:11:54Z,false
REJ-20260922-0694,RAW-20260922-TRK-NB-07-00694,2026-09-22T23:56:53Z,218,57361140XXXX,TRK-NB-07,UNMAPPED_TRUNK,2026-09-23T00:13:53Z,false
REJ-20260922-0778,RAW-20260922-TRK-NB-07-00778,2026-09-22T23:58:02Z,169,57326578XXXX,TRK-NB-07,UNMAPPED_TRUNK,2026-09-23T00:15:02Z,false
REJ-20260923-0922,RAW-20260923-TRK-NB-07-00922,2026-09-23T00:01:29Z,47,57393892XXXX,TRK-NB-07,UNMAPPED_TRUNK,2026-09-23T00:18:29Z,false
REJ-20260923-1003,RAW-20260923-TRK-NB-07-01003,2026-09-23T00:07:29Z,48,57338247XXXX,TRK-NB-07,UNMAPPED_TRUNK,2026-09-23T00:24:29Z,false
REJ-20260923-1116,RAW-20260923-TRK-NB-07-01116,2026-09-23T00:08:29Z,24,57365123XXXX,TRK-NB-07,UNMAPPED_TRUNK,2026-09-23T00:25:29Z,false
REJ-20260923-1200,RAW-20260923-TRK-NB-07-01200,2026-09-23T00:09:57Z,365,57384552XXXX,TRK-NB-07,UNMAPPED_TRUNK,2026-09-23T00:26:57Z,false
REJ-20260923-0964,RAW-20260923-TRK-NB-07-00964,2026-09-23T00:21:09Z,78,57363261XXXX,TRK-NB-07,UNMAPPED_TRUNK,2026-09-23T00:38:09Z,false
REJ-20260923-0890,RAW-20260923-TRK-NB-07-00890,2026-09-23T00:32:35Z,218,57391593XXXX,TRK-NB-07,UNMAPPED_TRUNK,2026-09-23T00:49:35Z,false
REJ-20260923-1052,RAW-20260923-TRK-NB-07-01052,2026-09-23T00:33:07Z,19,57322126XXXX,TRK-NB-07,UNMAPPED_TRUNK,2026-09-23T00:50:07Z,false
REJ-20260923-0869,RAW-20260923-TRK-NB-07-00869,2026-09-23T00:41:12Z,219,57392809XXXX,TRK-NB-07,UNMAPPED_TRUNK,2026-09-23T00:58:12Z,false
REJ-20260923-1079,RAW-20260923-TRK-NB-07-01079,2026-09-23T00:42:12Z,49,57338067XXXX,TRK-NB-07,UNMAPPED_TRUNK,2026-09-23T00:59:12Z,false
REJ-20260923-0815,RAW-20260923-TRK-NB-07-00815,2026-09-23T00:45:59Z,5,57372892XXXX,TRK-NB-07,UNMAPPED_TRUNK,2026-09-23T01:02:59Z,false
REJ-20260923-1038,RAW-20260923-TRK-NB-07-01038,2026-09-23T00:53:19Z,17,57333527XXXX,TRK-NB-07,UNMAPPED_TRUNK,2026-09-23T01:10:19Z,false
REJ-20260923-0885,RAW-20260923-TRK-NB-07-00885,2026-09-23T00:53:20Z,84,57312334XXXX,TRK-NB-07,UNMAPPED_TRUNK,2026-09-23T01:10:20Z,false
REJ-20260923-1120,RAW-20260923-TRK-NB-07-01120,2026-09-23T00:55:41Z,444,57399159XXXX,TRK-NB-07,UNMAPPED_TRUNK,2026-09-23T01:12:41Z,false
REJ-20260923-1018,RAW-20260923-TRK-NB-07-01018,2026-09-23T00:57:24Z,175,57349788XXXX,TRK-NB-07,UNMAPPED_TRUNK,2026-09-23T01:14:24Z,false
REJ-20260923-0942,RAW-20260923-TRK-NB-07-00942,2026-09-23T00:59:43Z,70,57320426XXXX,TRK-NB-07,UNMAPPED_TRUNK,2026-09-23T01:16:43Z,false
REJ-20260923-1009,RAW-20260923-TRK-NB-07-01009,2026-09-23T01:01:19Z,14,57331027XXXX,TRK-NB-07,UNMAPPED_TRUNK,2026-09-23T01:18:19Z,false
REJ-20260923-1085,RAW-20260923-TRK-NB-07-01085,2026-09-23T01:01:21Z,678,57363736XXXX,TRK-NB-07,UNMAPPED_TRUNK,2026-09-23T01:18:21Z,false
REJ-20260923-0993,RAW-20260923-TRK-NB-07-00993,2026-09-23T01:01:45Z,315,57399383XXXX,TRK-NB-07,UNMAPPED_TRUNK,2026-09-23T01:18:45Z,false
REJ-20260923-1083,RAW-20260923-TRK-NB-07-01083,2026-09-23T01:02:52Z,13,57316778XXXX,TRK-NB-07,UNMAPPED_TRUNK,2026-09-23T01:19:52Z,false
REJ-20260923-0945,RAW-20260923-TRK-NB-07-00945,2026-09-23T01:03:38Z,185,57374926XXXX,TRK-NB-07,UNMAPPED_TRUNK,2026-09-23T01:20:38Z,false
REJ-20260923-0818,RAW-20260923-TRK-NB-07-00818,2026-09-23T01:12:43Z,13,57300010XXXX,TRK-NB-07,UNMAPPED_TRUNK,2026-09-23T01:29:43Z,false
REJ-20260923-1124,RAW-20260923-TRK-NB-07-01124,2026-09-23T01:19:12Z,164,57324382XXXX,TRK-NB-07,UNMAPPED_TRUNK,2026-09-23T01:36:12Z,false
REJ-20260923-1178,RAW-20260923-TRK-NB-07-01178,2026-09-23T01:28:04Z,380,57366764XXXX,TRK-NB-07,UNMAPPED_TRUNK,2026-09-23T01:45:04Z,false
REJ-20260923-0954,RAW-20260923-TRK-NB-07-00954,2026-09-23T01:37:47Z,291,57397827XXXX,TRK-NB-07,UNMAPPED_TRUNK,2026-09-23T01:54:47Z,false
REJ-20260923-1076,RAW-20260923-TRK-NB-07-01076,2026-09-23T01:41:23Z,668,57336335XXXX,TRK-NB-07,UNMAPPED_TRUNK,2026-09-23T01:58:23Z,false
REJ-20260923-0865,RAW-20260923-TRK-NB-07-00865,2026-09-23T01:41:41Z,4,57396102XXXX,TRK-NB-07,UNMAPPED_TRUNK,2026-09-23T01:58:41Z,false
REJ-20260923-1163,RAW-20260923-TRK-NB-07-01163,2026-09-23T01:46:08Z,143,57367976XXXX,TRK-NB-07,UNMAPPED_TRUNK,2026-09-23T02:03:08Z,false
REJ-20260923-0871,RAW-20260923-TRK-NB-07-00871,2026-09-23T01:46:11Z,69,57336788XXXX,TRK-NB-07,UNMAPPED_TRUNK,2026-09-23T02:03:11Z,false
REJ-20260923-0846,RAW-20260923-TRK-NB-07-00846,2026-09-23T01:59:26Z,298,57309476XXXX,TRK-NB-07,UNMAPPED_TRUNK,2026-09-23T02:16:26Z,false
REJ-20260923-1158,RAW-20260923-TRK-NB-07-01158,2026-09-23T02:03:50Z,51,57337499XXXX,TRK-NB-07,UNMAPPED_TRUNK,2026-09-23T02:20:50Z,false
REJ-20260923-0853,RAW-20260923-TRK-NB-07-00853,2026-09-23T02:04:02Z,57,57316495XXXX,TRK-NB-07,UNMAPPED_TRUNK,2026-09-23T02:21:02Z,false
REJ-20260923-1198,RAW-20260923-TRK-NB-07-01198,2026-09-23T02:05:21Z,38,57301616XXXX,TRK-NB-07,UNMAPPED_TRUNK,2026-09-23T02:22:21Z,false
REJ-20260923-1030,RAW-20260923-TRK-NB-07-01030,2026-09-23T02:08:12Z,138,57337398XXXX,TRK-NB-07,UNMAPPED_TRUNK,2026-09-23T02:25:12Z,false
REJ-20260923-1024,RAW-20260923-TRK-NB-07-01024,2026-09-23T02:12:07Z,60,57393472XXXX,TRK-NB-07,UNMAPPED_TRUNK,2026-09-23T02:29:07Z,false
REJ-20260923-1180,RAW-20260923-TRK-NB-07-01180,2026-09-23T02:12:53Z,167,57386069XXXX,TRK-NB-07,UNMAPPED_TRUNK,2026-09-23T02:29:53Z,false
REJ-20260923-1098,RAW-20260923-TRK-NB-07-01098,2026-09-23T02:13:40Z,64,57345199XXXX,TRK-NB-07,UNMAPPED_TRUNK,2026-09-23T02:30:40Z,false
REJ-20260923-1109,RAW-20260923-TRK-NB-07-01109,2026-09-23T02:15:01Z,57,57359451XXXX,TRK-NB-07,UNMAPPED_TRUNK,2026-09-23T02:32:01Z,false
REJ-20260923-1065,RAW-20260923-TRK-NB-07-01065,2026-09-23T02:20:04Z,87,57362522XXXX,TRK-NB-07,UNMAPPED_TRUNK,2026-09-23T02:37:04Z,false
REJ-20260923-1140,RAW-20260923-TRK-NB-07-01140,2026-09-23T02:24:51Z,152,57396965XXXX,TRK-NB-07,UNMAPPED_TRUNK,2026-09-23T02:41:51Z,false
REJ-20260923-0807,RAW-20260923-TRK-NB-07-00807,2026-09-23T02:26:23Z,27,57369977XXXX,TRK-NB-07,UNMAPPED_TRUNK,2026-09-23T02:43:23Z,false
REJ-20260923-1090,RAW-20260923-TRK-NB-07-01090,2026-09-23T02:27:44Z,465,57354256XXXX,TRK-NB-07,UNMAPPED_TRUNK,2026-09-23T02:44:44Z,false
REJ-20260923-1142,RAW-20260923-TRK-NB-07-01142,2026-09-23T02:28:38Z,39,57315067XXXX,TRK-NB-07,UNMAPPED_TRUNK,2026-09-23T02:45:38Z,false
REJ-20260923-0875,RAW-20260923-TRK-NB-07-00875,2026-09-23T02:29:19Z,202,57363930XXXX,TRK-NB-07,UNMAPPED_TRUNK,2026-09-23T02:46:19Z,false
REJ-20260923-1011,RAW-20260923-TRK-NB-07-01011,2026-09-23T02:34:29Z,312,57313328XXXX,TRK-NB-07,UNMAPPED_TRUNK,2026-09-23T02:51:29Z,false
REJ-20260923-0882,RAW-20260923-TRK-NB-07-00882,2026-09-23T02:38:01Z,56,57333323XXXX,TRK-NB-07,UNMAPPED_TRUNK,2026-09-23T02:55:01Z,false
REJ-20260923-0839,RAW-20260923-TRK-NB-07-00839,2026-09-23T02:38:06Z,531,57316653XXXX,TRK-NB-07,UNMAPPED_TRUNK,2026-09-23T02:55:06Z,false
REJ-20260923-0866,RAW-20260923-TRK-NB-07-00866,2026-09-23T02:52:32Z,2,57325509XXXX,TRK-NB-07,UNMAPPED_TRUNK,2026-09-23T03:09:32Z,false
REJ-20260923-0974,RAW-20260923-TRK-NB-07-00974,2026-09-23T02:52:48Z,93,57303485XXXX,TRK-NB-07,UNMAPPED_TRUNK,2026-09-23T03:09:48Z,false
REJ-20260923-0834,RAW-20260923-TRK-NB-07-00834,2026-09-23T02:54:34Z,371,57378957XXXX,TRK-NB-07,UNMAPPED_TRUNK,2026-09-23T03:11:34Z,false
REJ-20260923-1138,RAW-20260923-TRK-NB-07-01138,2026-09-23T02:59:23Z,181,57339697XXXX,TRK-NB-07,UNMAPPED_TRUNK,2026-09-23T03:16:23Z,false
REJ-20260923-1131,RAW-20260923-TRK-NB-07-01131,2026-09-23T03:00:04Z,23,57374122XXXX,TRK-NB-07,UNMAPPED_TRUNK,2026-09-23T03:17:04Z,false
REJ-20260923-0841,RAW-20260923-TRK-NB-07-00841,2026-09-23T03:01:41Z,90,57344384XXXX,TRK-NB-07,UNMAPPED_TRUNK,2026-09-23T03:18:41Z,false
REJ-20260923-0911,RAW-20260923-TRK-NB-07-00911,2026-09-23T03:03:55Z,43,57373638XXXX,TRK-NB-07,UNMAPPED_TRUNK,2026-09-23T03:20:55Z,false
REJ-20260923-1122,RAW-20260923-TRK-NB-07-01122,2026-09-23T03:04:04Z,86,57361339XXXX,TRK-NB-07,UNMAPPED_TRUNK,2026-09-23T03:21:04Z,false
REJ-20260923-1063,RAW-20260923-TRK-NB-07-01063,2026-09-23T03:10:10Z,292,57312211XXXX,TRK-NB-07,UNMAPPED_TRUNK,2026-09-23T03:27:10Z,false
REJ-20260923-0915,RAW-20260923-TRK-NB-07-00915,2026-09-23T03:11:24Z,35,57353270XXXX,TRK-NB-07,UNMAPPED_TRUNK,2026-09-23T03:28:24Z,false
REJ-20260923-1189,RAW-20260923-TRK-NB-07-01189,2026-09-23T03:20:30Z,1038,57314531XXXX,TRK-NB-07,UNMAPPED_TRUNK,2026-09-23T03:37:30Z,false
REJ-20260923-1128,RAW-20260923-TRK-NB-07-01128,2026-09-23T03:26:35Z,22,57363332XXXX,TRK-NB-07,UNMAPPED_TRUNK,2026-09-23T03:43:35Z,false
REJ-20260923-0920,RAW-20260923-TRK-NB-07-00920,2026-09-23T03:28:21Z,542,57395503XXXX,TRK-NB-07,UNMAPPED_TRUNK,2026-09-23T03:45:21Z,false
REJ-20260923-0968,RAW-20260923-TRK-NB-07-00968,2026-09-23T03:29:43Z,118,57324770XXXX,TRK-NB-07,UNMAPPED_TRUNK,2026-09-23T03:46:43Z,false
REJ-20260923-0966,RAW-20260923-TRK-NB-07-00966,2026-09-23T03:31:14Z,30,57356574XXXX,TRK-NB-07,UNMAPPED_TRUNK,2026-09-23T03:48:14Z,false
REJ-20260923-0906,RAW-20260923-TRK-NB-07-00906,2026-09-23T03:32:09Z,92,57314501XXXX,TRK-NB-07,UNMAPPED_TRUNK,2026-09-23T03:49:09Z,false
REJ-20260923-0921,RAW-20260923-TRK-NB-07-00921,2026-09-23T03:39:00Z,277,57377622XXXX,TRK-NB-07,UNMAPPED_TRUNK,2026-09-23T03:56:00Z,false
REJ-20260923-0930,RAW-20260923-TRK-NB-07-00930,2026-09-23T03:45:10Z,337,57326019XXXX,TRK-NB-07,UNMAPPED_TRUNK,2026-09-23T04:02:10Z,false
REJ-20260923-1005,RAW-20260923-TRK-NB-07-01005,2026-09-23T03:45:35Z,6,57354758XXXX,TRK-NB-07,UNMAPPED_TRUNK,2026-09-23T04:02:35Z,false
REJ-20260923-1187,RAW-20260923-TRK-NB-07-01187,2026-09-23T03:46:44Z,31,57357781XXXX,TRK-NB-07,UNMAPPED_TRUNK,2026-09-23T04:03:44Z,false
REJ-20260923-1182,RAW-20260923-TRK-NB-07-01182,2026-09-23T04:01:37Z,295,57328658XXXX,TRK-NB-07,UNMAPPED_TRUNK,2026-09-23T04:18:37Z,false
REJ-20260923-0808,RAW-20260923-TRK-NB-07-00808,2026-09-23T04:04:04Z,451,57320421XXXX,TRK-NB-07,UNMAPPED_TRUNK,2026-09-23T04:21:04Z,false
REJ-20260923-0983,RAW-20260923-TRK-NB-07-00983,2026-09-23T04:04:50Z,172,57375287XXXX,TRK-NB-07,UNMAPPED_TRUNK,2026-09-23T04:21:50Z,false
REJ-20260923-1012,RAW-20260923-TRK-NB-07-01012,2026-09-23T04:06:19Z,25,57301439XXXX,TRK-NB-07,UNMAPPED_TRUNK,2026-09-23T04:23:19Z,false
REJ-20260923-1032,RAW-20260923-TRK-NB-07-01032,2026-09-23T04:06:51Z,200,57343254XXXX,TRK-NB-07,UNMAPPED_TRUNK,2026-09-23T04:23:51Z,false
REJ-20260923-1048,RAW-20260923-TRK-NB-07-01048,2026-09-23T04:08:07Z,17,57358410XXXX,TRK-NB-07,UNMAPPED_TRUNK,2026-09-23T04:25:07Z,false
REJ-20260923-0845,RAW-20260923-TRK-NB-07-00845,2026-09-23T04:08:49Z,292,57333256XXXX,TRK-NB-07,UNMAPPED_TRUNK,2026-09-23T04:25:49Z,false
REJ-20260923-1121,RAW-20260923-TRK-NB-07-01121,2026-09-23T04:10:37Z,123,57303340XXXX,TRK-NB-07,UNMAPPED_TRUNK,2026-09-23T04:27:37Z,false
REJ-20260923-1196,RAW-20260923-TRK-NB-07-01196,2026-09-23T04:11:11Z,153,57353273XXXX,TRK-NB-07,UNMAPPED_TRUNK,2026-09-23T04:28:11Z,false
REJ-20260923-0879,RAW-20260923-TRK-NB-07-00879,2026-09-23T04:13:23Z,17,57392910XXXX,TRK-NB-07,UNMAPPED_TRUNK,2026-09-23T04:30:23Z,false
REJ-20260923-1139,RAW-20260923-TRK-NB-07-01139,2026-09-23T04:16:10Z,188,57330751XXXX,TRK-NB-07,UNMAPPED_TRUNK,2026-09-23T04:33:10Z,false
REJ-20260923-0959,RAW-20260923-TRK-NB-07-00959,2026-09-23T04:19:27Z,27,57349672XXXX,TRK-NB-07,UNMAPPED_TRUNK,2026-09-23T04:36:27Z,false
REJ-20260923-1172,RAW-20260923-TRK-NB-07-01172,2026-09-23T04:26:54Z,15,57313035XXXX,TRK-NB-07,UNMAPPED_TRUNK,2026-09-23T04:43:54Z,false
REJ-20260923-1104,RAW-20260923-TRK-NB-07-01104,2026-09-23T04:27:06Z,110,57363861XXXX,TRK-NB-07,UNMAPPED_TRUNK,2026-09-23T04:44:06Z,false
REJ-20260923-1159,RAW-20260923-TRK-NB-07-01159,2026-09-23T04:30:39Z,72,57313756XXXX,TRK-NB-07,UNMAPPED_TRUNK,2026-09-23T04:47:39Z,false
REJ-20260923-0929,RAW-20260923-TRK-NB-07-00929,2026-09-23T04:31:31Z,76,57336347XXXX,TRK-NB-07,UNMAPPED_TRUNK,2026-09-23T04:48:31Z,false
REJ-20260923-0832,RAW-20260923-TRK-NB-07-00832,2026-09-23T04:32:46Z,120,57363785XXXX,TRK-NB-07,UNMAPPED_TRUNK,2026-09-23T04:49:46Z,false
REJ-20260923-1117,RAW-20260923-TRK-NB-07-01117,2026-09-23T04:38:09Z,59,57329717XXXX,TRK-NB-07,UNMAPPED_TRUNK,2026-09-23T04:55:09Z,false
REJ-20260923-1040,RAW-20260923-TRK-NB-07-01040,2026-09-23T04:52:39Z,62,57378547XXXX,TRK-NB-07,UNMAPPED_TRUNK,2026-09-23T05:09:39Z,false
REJ-20260923-0977,RAW-20260923-TRK-NB-07-00977,2026-09-23T04:53:59Z,95,57363006XXXX,TRK-NB-07,UNMAPPED_TRUNK,2026-09-23T05:10:59Z,false
REJ-20260923-0844,RAW-20260923-TRK-NB-07-00844,2026-09-23T04:54:14Z,23,57367707XXXX,TRK-NB-07,UNMAPPED_TRUNK,2026-09-23T05:11:14Z,false
REJ-20260923-1135,RAW-20260923-TRK-NB-07-01135,2026-09-23T04:54:58Z,47,57371701XXXX,TRK-NB-07,UNMAPPED_TRUNK,2026-09-23T05:11:58Z,false
REJ-20260923-1078,RAW-20260923-TRK-NB-07-01078,2026-09-23T05:00:32Z,24,57361206XXXX,TRK-NB-07,UNMAPPED_TRUNK,2026-09-23T05:17:32Z,false
REJ-20260923-1185,RAW-20260923-TRK-NB-07-01185,2026-09-23T05:01:08Z,34,57307275XXXX,TRK-NB-07,UNMAPPED_TRUNK,2026-09-23T05:18:08Z,false
REJ-20260923-0950,RAW-20260923-TRK-NB-07-00950,2026-09-23T05:01:20Z,580,57303194XXXX,TRK-NB-07,UNMAPPED_TRUNK,2026-09-23T05:18:20Z,false
REJ-20260923-1055,RAW-20260923-TRK-NB-07-01055,2026-09-23T05:02:38Z,83,57376712XXXX,TRK-NB-07,UNMAPPED_TRUNK,2026-09-23T05:19:38Z,false
REJ-20260923-0893,RAW-20260923-TRK-NB-07-00893,2026-09-23T05:13:38Z,423,57392886XXXX,TRK-NB-07,UNMAPPED_TRUNK,2026-09-23T05:30:38Z,false
REJ-20260923-1049,RAW-20260923-TRK-NB-07-01049,2026-09-23T05:14:50Z,31,57331658XXXX,TRK-NB-07,UNMAPPED_TRUNK,2026-09-23T05:31:50Z,false
REJ-20260923-0862,RAW-20260923-TRK-NB-07-00862,2026-09-23T05:17:43Z,50,57396895XXXX,TRK-NB-07,UNMAPPED_TRUNK,2026-09-23T05:34:43Z,false
REJ-20260923-0861,RAW-20260923-TRK-NB-07-00861,2026-09-23T05:19:25Z,95,57336853XXXX,TRK-NB-07,UNMAPPED_TRUNK,2026-09-23T05:36:25Z,false
REJ-20260923-0961,RAW-20260923-TRK-NB-07-00961,2026-09-23T05:24:51Z,1,57357495XXXX,TRK-NB-07,UNMAPPED_TRUNK,2026-09-23T05:41:51Z,false
REJ-20260923-0901,RAW-20260923-TRK-NB-07-00901,2026-09-23T05:25:46Z,107,57339253XXXX,TRK-NB-07,UNMAPPED_TRUNK,2026-09-23T05:42:46Z,false
REJ-20260923-1171,RAW-20260923-TRK-NB-07-01171,2026-09-23T05:26:37Z,748,57366908XXXX,TRK-NB-07,UNMAPPED_TRUNK,2026-09-23T05:43:37Z,false
REJ-20260923-1191,RAW-20260923-TRK-NB-07-01191,2026-09-23T05:27:34Z,14,57366685XXXX,TRK-NB-07,UNMAPPED_TRUNK,2026-09-23T05:44:34Z,false
REJ-20260923-0903,RAW-20260923-TRK-NB-07-00903,2026-09-23T05:28:22Z,14,57320119XXXX,TRK-NB-07,UNMAPPED_TRUNK,2026-09-23T05:45:22Z,false
REJ-20260923-0855,RAW-20260923-TRK-NB-07-00855,2026-09-23T05:28:49Z,209,57326579XXXX,TRK-NB-07,UNMAPPED_TRUNK,2026-09-23T05:45:49Z,false
REJ-20260923-1165,RAW-20260923-TRK-NB-07-01165,2026-09-23T05:29:19Z,20,57359699XXXX,TRK-NB-07,UNMAPPED_TRUNK,2026-09-23T05:46:19Z,false
REJ-20260923-1166,RAW-20260923-TRK-NB-07-01166,2026-09-23T05:30:26Z,31,57384056XXXX,TRK-NB-07,UNMAPPED_TRUNK,2026-09-23T05:47:26Z,false
REJ-20260923-1143,RAW-20260923-TRK-NB-07-01143,2026-09-23T05:30:44Z,17,57367867XXXX,TRK-NB-07,UNMAPPED_TRUNK,2026-09-23T05:47:44Z,false
REJ-20260923-1168,RAW-20260923-TRK-NB-07-01168,2026-09-23T05:31:05Z,42,57366722XXXX,TRK-NB-07,UNMAPPED_TRUNK,2026-09-23T05:48:05Z,false
REJ-20260923-1154,RAW-20260923-TRK-NB-07-01154,2026-09-23T05:34:10Z,53,57370369XXXX,TRK-NB-07,UNMAPPED_TRUNK,2026-09-23T05:51:10Z,false
REJ-20260923-1134,RAW-20260923-TRK-NB-07-01134,2026-09-23T05:37:06Z,52,57366512XXXX,TRK-NB-07,UNMAPPED_TRUNK,2026-09-23T05:54:06Z,false
REJ-20260923-0819,RAW-20260923-TRK-NB-07-00819,2026-09-23T05:38:07Z,36,57363724XXXX,TRK-NB-07,UNMAPPED_TRUNK,2026-09-23T05:55:07Z,false
REJ-20260923-1103,RAW-20260923-TRK-NB-07-01103,2026-09-23T05:39:17Z,905,57347136XXXX,TRK-NB-07,UNMAPPED_TRUNK,2026-09-23T05:56:17Z,false
REJ-20260923-0943,RAW-20260923-TRK-NB-07-00943,2026-09-23T05:42:10Z,45,57334638XXXX,TRK-NB-07,UNMAPPED_TRUNK,2026-09-23T05:59:10Z,false
REJ-20260923-1054,RAW-20260923-TRK-NB-07-01054,2026-09-23T05:45:10Z,210,57371086XXXX,TRK-NB-07,UNMAPPED_TRUNK,2026-09-23T06:02:10Z,false
REJ-20260923-0909,RAW-20260923-TRK-NB-07-00909,2026-09-23T05:45:28Z,49,57349681XXXX,TRK-NB-07,UNMAPPED_TRUNK,2026-09-23T06:02:28Z,false
REJ-20260923-0958,RAW-20260923-TRK-NB-07-00958,2026-09-23T05:50:53Z,283,57365082XXXX,TRK-NB-07,UNMAPPED_TRUNK,2026-09-23T06:07:53Z,false
REJ-20260923-0828,RAW-20260923-TRK-NB-07-00828,2026-09-23T05:51:58Z,8,57334571XXXX,TRK-NB-07,UNMAPPED_TRUNK,2026-09-23T06:08:58Z,false
REJ-20260923-0910,RAW-20260923-TRK-NB-07-00910,2026-09-23T05:55:40Z,58,57318543XXXX,TRK-NB-07,UNMAPPED_TRUNK,2026-09-23T06:12:40Z,false
REJ-20260923-0948,RAW-20260923-TRK-NB-07-00948,2026-09-23T06:02:22Z,59,57344067XXXX,TRK-NB-07,UNMAPPED_TRUNK,2026-09-23T06:19:22Z,false
REJ-20260923-0831,RAW-20260923-TRK-NB-07-00831,2026-09-23T06:02:31Z,177,57334008XXXX,TRK-NB-07,UNMAPPED_TRUNK,2026-09-23T06:19:31Z,false
REJ-20260923-0982,RAW-20260923-TRK-NB-07-00982,2026-09-23T06:03:33Z,28,57301248XXXX,TRK-NB-07,UNMAPPED_TRUNK,2026-09-23T06:20:33Z,false
REJ-20260923-1008,RAW-20260923-TRK-NB-07-01008,2026-09-23T06:13:41Z,338,57321753XXXX,TRK-NB-07,UNMAPPED_TRUNK,2026-09-23T06:30:41Z,false
REJ-20260923-0896,RAW-20260923-TRK-NB-07-00896,2026-09-23T06:18:26Z,87,57304240XXXX,TRK-NB-07,UNMAPPED_TRUNK,2026-09-23T06:35:26Z,false
REJ-20260923-0938,RAW-20260923-TRK-NB-07-00938,2026-09-23T06:27:20Z,43,57398154XXXX,TRK-NB-07,UNMAPPED_TRUNK,2026-09-23T06:44:20Z,false
REJ-20260923-1133,RAW-20260923-TRK-NB-07-01133,2026-09-23T06:36:51Z,205,57373598XXXX,TRK-NB-07,UNMAPPED_TRUNK,2026-09-23T06:53:51Z,false
REJ-20260923-0897,RAW-20260923-TRK-NB-07-00897,2026-09-23T06:44:15Z,24,57336656XXXX,TRK-NB-07,UNMAPPED_TRUNK,2026-09-23T07:01:15Z,false
REJ-20260923-1193,RAW-20260923-TRK-NB-07-01193,2026-09-23T06:44:40Z,93,57332625XXXX,TRK-NB-07,UNMAPPED_TRUNK,2026-09-23T07:01:40Z,false
REJ-20260923-1036,RAW-20260923-TRK-NB-07-01036,2026-09-23T06:47:21Z,104,57348548XXXX,TRK-NB-07,UNMAPPED_TRUNK,2026-09-23T07:04:21Z,false
REJ-20260923-0914,RAW-20260923-TRK-NB-07-00914,2026-09-23T06:52:41Z,72,57359298XXXX,TRK-NB-07,UNMAPPED_TRUNK,2026-09-23T07:09:41Z,false
REJ-20260923-1084,RAW-20260923-TRK-NB-07-01084,2026-09-23T06:55:29Z,1,57381740XXXX,TRK-NB-07,UNMAPPED_TRUNK,2026-09-23T07:12:29Z,false
REJ-20260923-1022,RAW-20260923-TRK-NB-07-01022,2026-09-23T06:58:55Z,42,57364034XXXX,TRK-NB-07,UNMAPPED_TRUNK,2026-09-23T07:15:55Z,false
REJ-20260923-1069,RAW-20260923-TRK-NB-07-01069,2026-09-23T06:59:56Z,33,57350259XXXX,TRK-NB-07,UNMAPPED_TRUNK,2026-09-23T07:16:56Z,false
REJ-20260923-1007,RAW-20260923-TRK-NB-07-01007,2026-09-23T07:01:55Z,54,57343406XXXX,TRK-NB-07,UNMAPPED_TRUNK,2026-09-23T07:18:55Z,false
REJ-20260923-1129,RAW-20260923-TRK-NB-07-01129,2026-09-23T07:04:01Z,2,57371642XXXX,TRK-NB-07,UNMAPPED_TRUNK,2026-09-23T07:21:01Z,false
REJ-20260923-0988,RAW-20260923-TRK-NB-07-00988,2026-09-23T07:04:03Z,16,57317084XXXX,TRK-NB-07,UNMAPPED_TRUNK,2026-09-23T07:21:03Z,false
REJ-20260923-1096,RAW-20260923-TRK-NB-07-01096,2026-09-23T07:05:14Z,9,57374900XXXX,TRK-NB-07,UNMAPPED_TRUNK,2026-09-23T07:22:14Z,false
REJ-20260923-1039,RAW-20260923-TRK-NB-07-01039,2026-09-23T07:09:47Z,26,57327262XXXX,TRK-NB-07,UNMAPPED_TRUNK,2026-09-23T07:26:47Z,false
REJ-20260923-0840,RAW-20260923-TRK-NB-07-00840,2026-09-23T07:10:54Z,112,57309933XXXX,TRK-NB-07,UNMAPPED_TRUNK,2026-09-23T07:27:54Z,false
REJ-20260923-1077,RAW-20260923-TRK-NB-07-01077,2026-09-23T07:12:03Z,535,57303626XXXX,TRK-NB-07,UNMAPPED_TRUNK,2026-09-23T07:29:03Z,false
REJ-20260923-0827,RAW-20260923-TRK-NB-07-00827,2026-09-23T07:17:10Z,43,57330028XXXX,TRK-NB-07,UNMAPPED_TRUNK,2026-09-23T07:34:10Z,false
REJ-20260923-1080,RAW-20260923-TRK-NB-07-01080,2026-09-23T07:30:19Z,92,57370702XXXX,TRK-NB-07,UNMAPPED_TRUNK,2026-09-23T07:47:19Z,false
REJ-20260923-1053,RAW-20260923-TRK-NB-07-01053,2026-09-23T07:34:46Z,35,57319640XXXX,TRK-NB-07,UNMAPPED_TRUNK,2026-09-23T07:51:46Z,false
REJ-20260923-1025,RAW-20260923-TRK-NB-07-01025,2026-09-23T07:35:17Z,39,57322221XXXX,TRK-NB-07,UNMAPPED_TRUNK,2026-09-23T07:52:17Z,false
REJ-20260923-1089,RAW-20260923-TRK-NB-07-01089,2026-09-23T07:41:36Z,289,57330704XXXX,TRK-NB-07,UNMAPPED_TRUNK,2026-09-23T07:58:36Z,false
REJ-20260923-1034,RAW-20260923-TRK-NB-07-01034,2026-09-23T07:43:06Z,205,57384612XXXX,TRK-NB-07,UNMAPPED_TRUNK,2026-09-23T08:00:06Z,false
REJ-20260923-1042,RAW-20260923-TRK-NB-07-01042,2026-09-23T07:43:41Z,104,57335518XXXX,TRK-NB-07,UNMAPPED_TRUNK,2026-09-23T08:00:41Z,false
REJ-20260923-1014,RAW-20260923-TRK-NB-07-01014,2026-09-23T07:47:47Z,21,57359982XXXX,TRK-NB-07,UNMAPPED_TRUNK,2026-09-23T08:04:47Z,false
REJ-20260923-0956,RAW-20260923-TRK-NB-07-00956,2026-09-23T07:49:14Z,87,57316671XXXX,TRK-NB-07,UNMAPPED_TRUNK,2026-09-23T08:06:14Z,false
REJ-20260923-0975,RAW-20260923-TRK-NB-07-00975,2026-09-23T07:52:00Z,1,57350120XXXX,TRK-NB-07,UNMAPPED_TRUNK,2026-09-23T08:09:00Z,false
REJ-20260923-0935,RAW-20260923-TRK-NB-07-00935,2026-09-23T08:04:39Z,103,57300437XXXX,TRK-NB-07,UNMAPPED_TRUNK,2026-09-23T08:21:39Z,false
REJ-20260923-0985,RAW-20260923-TRK-NB-07-00985,2026-09-23T08:12:12Z,484,57364788XXXX,TRK-NB-07,UNMAPPED_TRUNK,2026-09-23T08:29:12Z,false
REJ-20260923-0972,RAW-20260923-TRK-NB-07-00972,2026-09-23T08:14:40Z,52,57392144XXXX,TRK-NB-07,UNMAPPED_TRUNK,2026-09-23T08:31:40Z,false
REJ-20260923-0990,RAW-20260923-TRK-NB-07-00990,2026-09-23T08:19:06Z,29,57366536XXXX,TRK-NB-07,UNMAPPED_TRUNK,2026-09-23T08:36:06Z,false
REJ-20260923-1035,RAW-20260923-TRK-NB-07-01035,2026-09-23T08:25:01Z,225,57380425XXXX,TRK-NB-07,UNMAPPED_TRUNK,2026-09-23T08:42:01Z,false
REJ-20260923-0874,RAW-20260923-TRK-NB-07-00874,2026-09-23T08:25:49Z,329,57391368XXXX,TRK-NB-07,UNMAPPED_TRUNK,2026-09-23T08:42:49Z,false
REJ-20260923-1146,RAW-20260923-TRK-NB-07-01146,2026-09-23T08:27:12Z,172,57328678XXXX,TRK-NB-07,UNMAPPED_TRUNK,2026-09-23T08:44:12Z,false
REJ-20260923-0801,RAW-20260923-TRK-NB-07-00801,2026-09-23T08:29:56Z,71,57343593XXXX,TRK-NB-07,UNMAPPED_TRUNK,2026-09-23T08:46:56Z,false
REJ-20260923-0957,RAW-20260923-TRK-NB-07-00957,2026-09-23T08:31:59Z,139,57399172XXXX,TRK-NB-07,UNMAPPED_TRUNK,2026-09-23T08:48:59Z,false
REJ-20260923-0960,RAW-20260923-TRK-NB-07-00960,2026-09-23T08:35:30Z,56,57338626XXXX,TRK-NB-07,UNMAPPED_TRUNK,2026-09-23T08:52:30Z,false
REJ-20260923-0864,RAW-20260923-TRK-NB-07-00864,2026-09-23T08:35:56Z,261,57330162XXXX,TRK-NB-07,UNMAPPED_TRUNK,2026-09-23T08:52:56Z,false
REJ-20260923-1164,RAW-20260923-TRK-NB-07-01164,2026-09-23T08:40:10Z,589,57384680XXXX,TRK-NB-07,UNMAPPED_TRUNK,2026-09-23T08:57:10Z,false
REJ-20260923-0904,RAW-20260923-TRK-NB-07-00904,2026-09-23T08:49:03Z,37,57306395XXXX,TRK-NB-07,UNMAPPED_TRUNK,2026-09-23T09:06:03Z,false
REJ-20260923-1127,RAW-20260923-TRK-NB-07-01127,2026-09-23T08:49:03Z,146,57382521XXXX,TRK-NB-07,UNMAPPED_TRUNK,2026-09-23T09:06:03Z,false
REJ-20260923-0894,RAW-20260923-TRK-NB-07-00894,2026-09-23T08:55:13Z,406,57361768XXXX,TRK-NB-07,UNMAPPED_TRUNK,2026-09-23T09:12:13Z,false
REJ-20260923-1046,RAW-20260923-TRK-NB-07-01046,2026-09-23T09:04:39Z,42,57396593XXXX,TRK-NB-07,UNMAPPED_TRUNK,2026-09-23T09:21:39Z,false
REJ-20260923-0829,RAW-20260923-TRK-NB-07-00829,2026-09-23T09:12:50Z,70,57369898XXXX,TRK-NB-07,UNMAPPED_TRUNK,2026-09-23T09:29:50Z,false
REJ-20260923-1147,RAW-20260923-TRK-NB-07-01147,2026-09-23T09:18:27Z,16,57326540XXXX,TRK-NB-07,UNMAPPED_TRUNK,2026-09-23T09:35:27Z,false
REJ-20260923-0902,RAW-20260923-TRK-NB-07-00902,2026-09-23T09:19:21Z,43,57315210XXXX,TRK-NB-07,UNMAPPED_TRUNK,2026-09-23T09:36:21Z,false
REJ-20260923-0917,RAW-20260923-TRK-NB-07-00917,2026-09-23T09:19:48Z,103,57392659XXXX,TRK-NB-07,UNMAPPED_TRUNK,2026-09-23T09:36:48Z,false
REJ-20260923-0857,RAW-20260923-TRK-NB-07-00857,2026-09-23T09:23:16Z,319,57386163XXXX,TRK-NB-07,UNMAPPED_TRUNK,2026-09-23T09:40:16Z,false
REJ-20260923-1088,RAW-20260923-TRK-NB-07-01088,2026-09-23T09:25:27Z,194,57318829XXXX,TRK-NB-07,UNMAPPED_TRUNK,2026-09-23T09:42:27Z,false
REJ-20260923-0843,RAW-20260923-TRK-NB-07-00843,2026-09-23T09:27:08Z,179,57305800XXXX,TRK-NB-07,UNMAPPED_TRUNK,2026-09-23T09:44:08Z,false
REJ-20260923-1056,RAW-20260923-TRK-NB-07-01056,2026-09-23T09:27:18Z,164,57393926XXXX,TRK-NB-07,UNMAPPED_TRUNK,2026-09-23T09:44:18Z,false
REJ-20260923-0817,RAW-20260923-TRK-NB-07-00817,2026-09-23T09:27:49Z,176,57305191XXXX,TRK-NB-07,UNMAPPED_TRUNK,2026-09-23T09:44:49Z,false
REJ-20260923-0856,RAW-20260923-TRK-NB-07-00856,2026-09-23T09:29:14Z,92,57343001XXXX,TRK-NB-07,UNMAPPED_TRUNK,2026-09-23T09:46:14Z,false
REJ-20260923-0932,RAW-20260923-TRK-NB-07-00932,2026-09-23T09:35:45Z,325,57393128XXXX,TRK-NB-07,UNMAPPED_TRUNK,2026-09-23T09:52:45Z,false
REJ-20260923-0821,RAW-20260923-TRK-NB-07-00821,2026-09-23T09:39:57Z,62,57399575XXXX,TRK-NB-07,UNMAPPED_TRUNK,2026-09-23T09:56:57Z,false
REJ-20260923-0810,RAW-20260923-TRK-NB-07-00810,2026-09-23T09:41:57Z,452,57305314XXXX,TRK-NB-07,UNMAPPED_TRUNK,2026-09-23T09:58:57Z,false
REJ-20260923-0849,RAW-20260923-TRK-NB-07-00849,2026-09-23T09:44:29Z,200,57350265XXXX,TRK-NB-07,UNMAPPED_TRUNK,2026-09-23T10:01:29Z,false
REJ-20260923-0987,RAW-20260923-TRK-NB-07-00987,2026-09-23T09:45:35Z,49,57383514XXXX,TRK-NB-07,UNMAPPED_TRUNK,2026-09-23T10:02:35Z,false
REJ-20260923-0876,RAW-20260923-TRK-NB-07-00876,2026-09-23T09:46:40Z,61,57324973XXXX,TRK-NB-07,UNMAPPED_TRUNK,2026-09-23T10:03:40Z,false
REJ-20260923-0872,RAW-20260923-TRK-NB-07-00872,2026-09-23T09:48:33Z,164,57318802XXXX,TRK-NB-07,UNMAPPED_TRUNK,2026-09-23T10:05:33Z,false
REJ-20260923-1066,RAW-20260923-TRK-NB-07-01066,2026-09-23T09:51:22Z,179,57370827XXXX,TRK-NB-07,UNMAPPED_TRUNK,2026-09-23T10:08:22Z,false
REJ-20260923-1082,RAW-20260923-TRK-NB-07-01082,2026-09-23T09:54:06Z,100,57315175XXXX,TRK-NB-07,UNMAPPED_TRUNK,2026-09-23T10:11:06Z,false
REJ-20260923-1177,RAW-20260923-TRK-NB-07-01177,2026-09-23T09:59:08Z,263,57327546XXXX,TRK-NB-07,UNMAPPED_TRUNK,2026-09-23T10:16:08Z,false
REJ-20260923-1149,RAW-20260923-TRK-NB-07-01149,2026-09-23T10:05:00Z,243,57347842XXXX,TRK-NB-07,UNMAPPED_TRUNK,2026-09-23T10:22:00Z,false
REJ-20260923-0994,RAW-20260923-TRK-NB-07-00994,2026-09-23T10:07:15Z,2,57343811XXXX,TRK-NB-07,UNMAPPED_TRUNK,2026-09-23T10:24:15Z,false
REJ-20260923-1050,RAW-20260923-TRK-NB-07-01050,2026-09-23T10:08:36Z,112,57367438XXXX,TRK-NB-07,UNMAPPED_TRUNK,2026-09-23T10:25:36Z,false
REJ-20260923-0814,RAW-20260923-TRK-NB-07-00814,2026-09-23T10:09:18Z,153,57357333XXXX,TRK-NB-07,UNMAPPED_TRUNK,2026-09-23T10:26:18Z,false
REJ-20260923-1016,RAW-20260923-TRK-NB-07-01016,2026-09-23T10:09:21Z,219,57330795XXXX,TRK-NB-07,UNMAPPED_TRUNK,2026-09-23T10:26:21Z,false
REJ-20260923-0949,RAW-20260923-TRK-NB-07-00949,2026-09-23T10:10:04Z,65,57302705XXXX,TRK-NB-07,UNMAPPED_TRUNK,2026-09-23T10:27:04Z,false
REJ-20260923-1106,RAW-20260923-TRK-NB-07-01106,2026-09-23T10:12:51Z,149,57377564XXXX,TRK-NB-07,UNMAPPED_TRUNK,2026-09-23T10:29:51Z,false
REJ-20260923-0877,RAW-20260923-TRK-NB-07-00877,2026-09-23T10:15:52Z,91,57377489XXXX,TRK-NB-07,UNMAPPED_TRUNK,2026-09-23T10:32:52Z,false
REJ-20260923-1197,RAW-20260923-TRK-NB-07-01197,2026-09-23T10:17:44Z,201,57321115XXXX,TRK-NB-07,UNMAPPED_TRUNK,2026-09-23T10:34:44Z,false
REJ-20260923-0851,RAW-20260923-TRK-NB-07-00851,2026-09-23T10:29:25Z,50,57358874XXXX,TRK-NB-07,UNMAPPED_TRUNK,2026-09-23T10:46:25Z,false
REJ-20260923-0825,RAW-20260923-TRK-NB-07-00825,2026-09-23T10:30:47Z,160,57339102XXXX,TRK-NB-07,UNMAPPED_TRUNK,2026-09-23T10:47:47Z,false
REJ-20260923-1060,RAW-20260923-TRK-NB-07-01060,2026-09-23T10:33:54Z,50,57325938XXXX,TRK-NB-07,UNMAPPED_TRUNK,2026-09-23T10:50:54Z,false
REJ-20260923-0951,RAW-20260923-TRK-NB-07-00951,2026-09-23T10:36:55Z,79,57369122XXXX,TRK-NB-07,UNMAPPED_TRUNK,2026-09-23T10:53:55Z,false
REJ-20260923-0870,RAW-20260923-TRK-NB-07-00870,2026-09-23T10:39:18Z,57,57333989XXXX,TRK-NB-07,UNMAPPED_TRUNK,2026-09-23T10:56:18Z,false
REJ-20260923-0976,RAW-20260923-TRK-NB-07-00976,2026-09-23T10:44:06Z,524,57378962XXXX,TRK-NB-07,UNMAPPED_TRUNK,2026-09-23T11:01:06Z,false
REJ-20260923-1108,RAW-20260923-TRK-NB-07-01108,2026-09-23T10:44:09Z,1249,57395218XXXX,TRK-NB-07,UNMAPPED_TRUNK,2026-09-23T11:01:09Z,false
REJ-20260923-1099,RAW-20260923-TRK-NB-07-01099,2026-09-23T10:49:39Z,49,57327006XXXX,TRK-NB-07,UNMAPPED_TRUNK,2026-09-23T11:06:39Z,false
REJ-20260923-1047,RAW-20260923-TRK-NB-07-01047,2026-09-23T10:58:00Z,91,57323436XXXX,TRK-NB-07,UNMAPPED_TRUNK,2026-09-23T11:15:00Z,false
REJ-20260923-1190,RAW-20260923-TRK-NB-07-01190,2026-09-23T11:02:02Z,256,57370524XXXX,TRK-NB-07,UNMAPPED_TRUNK,2026-09-23T11:19:02Z,false
REJ-20260923-1130,RAW-20260923-TRK-NB-07-01130,2026-09-23T11:06:31Z,43,57333595XXXX,TRK-NB-07,UNMAPPED_TRUNK,2026-09-23T11:23:31Z,false
REJ-20260923-1094,RAW-20260923-TRK-NB-07-01094,2026-09-23T11:10:37Z,15,57346106XXXX,TRK-NB-07,UNMAPPED_TRUNK,2026-09-23T11:27:37Z,false
REJ-20260923-1033,RAW-20260923-TRK-NB-07-01033,2026-09-23T11:19:15Z,176,57332692XXXX,TRK-NB-07,UNMAPPED_TRUNK,2026-09-23T11:36:15Z,false
REJ-20260923-1027,RAW-20260923-TRK-NB-07-01027,2026-09-23T11:31:04Z,533,57371913XXXX,TRK-NB-07,UNMAPPED_TRUNK,2026-09-23T11:48:04Z,false
REJ-20260923-1000,RAW-20260923-TRK-NB-07-01000,2026-09-23T11:34:34Z,32,57378251XXXX,TRK-NB-07,UNMAPPED_TRUNK,2026-09-23T11:51:34Z,false
REJ-20260923-1051,RAW-20260923-TRK-NB-07-01051,2026-09-23T11:49:01Z,217,57300568XXXX,TRK-NB-07,UNMAPPED_TRUNK,2026-09-23T12:06:01Z,false
REJ-20260923-1169,RAW-20260923-TRK-NB-07-01169,2026-09-23T11:52:58Z,117,57309050XXXX,TRK-NB-07,UNMAPPED_TRUNK,2026-09-23T12:09:58Z,false
REJ-20260923-0823,RAW-20260923-TRK-NB-07-00823,2026-09-23T11:58:10Z,72,57319475XXXX,TRK-NB-07,UNMAPPED_TRUNK,2026-09-23T12:15:10Z,false
REJ-20260923-0806,RAW-20260923-TRK-NB-07-00806,2026-09-23T11:58:18Z,129,57335129XXXX,TRK-NB-07,UNMAPPED_TRUNK,2026-09-23T12:15:18Z,false
REJ-20260923-1199,RAW-20260923-TRK-NB-07-01199,2026-09-23T11:58:38Z,14,57316580XXXX,TRK-NB-07,UNMAPPED_TRUNK,2026-09-23T12:15:38Z,false
REJ-20260923-1043,RAW-20260923-TRK-NB-07-01043,2026-09-23T12:05:03Z,101,57300016XXXX,TRK-NB-07,UNMAPPED_TRUNK,2026-09-23T12:22:03Z,false
REJ-20260923-0826,RAW-20260923-TRK-NB-07-00826,2026-09-23T12:05:05Z,114,57328767XXXX,TRK-NB-07,UNMAPPED_TRUNK,2026-09-23T12:22:05Z,false
REJ-20260923-0884,RAW-20260923-TRK-NB-07-00884,2026-09-23T12:13:15Z,10,57376770XXXX,TRK-NB-07,UNMAPPED_TRUNK,2026-09-23T12:30:15Z,false
REJ-20260923-1114,RAW-20260923-TRK-NB-07-01114,2026-09-23T12:13:24Z,157,57309269XXXX,TRK-NB-07,UNMAPPED_TRUNK,2026-09-23T12:30:24Z,false
REJ-20260923-0927,RAW-20260923-TRK-NB-07-00927,2026-09-23T12:14:45Z,30,57396061XXXX,TRK-NB-07,UNMAPPED_TRUNK,2026-09-23T12:31:45Z,false
REJ-20260923-1167,RAW-20260923-TRK-NB-07-01167,2026-09-23T12:14:54Z,485,57319799XXXX,TRK-NB-07,UNMAPPED_TRUNK,2026-09-23T12:31:54Z,false
REJ-20260923-0928,RAW-20260923-TRK-NB-07-00928,2026-09-23T12:16:32Z,177,57302957XXXX,TRK-NB-07,UNMAPPED_TRUNK,2026-09-23T12:33:32Z,false
REJ-20260923-1004,RAW-20260923-TRK-NB-07-01004,2026-09-23T12:18:06Z,239,57310859XXXX,TRK-NB-07,UNMAPPED_TRUNK,2026-09-23T12:35:06Z,false
REJ-20260923-0889,RAW-20260923-TRK-NB-07-00889,2026-09-23T12:19:07Z,9,57347292XXXX,TRK-NB-07,UNMAPPED_TRUNK,2026-09-23T12:36:07Z,false
REJ-20260923-0978,RAW-20260923-TRK-NB-07-00978,2026-09-23T12:27:56Z,46,57309817XXXX,TRK-NB-07,UNMAPPED_TRUNK,2026-09-23T12:44:56Z,false
REJ-20260923-1188,RAW-20260923-TRK-NB-07-01188,2026-09-23T12:29:05Z,18,57316371XXXX,TRK-NB-07,UNMAPPED_TRUNK,2026-09-23T12:46:05Z,false
REJ-20260923-0899,RAW-20260923-TRK-NB-07-00899,2026-09-23T12:30:17Z,936,57329198XXXX,TRK-NB-07,UNMAPPED_TRUNK,2026-09-23T12:47:17Z,false
REJ-20260923-1156,RAW-20260923-TRK-NB-07-01156,2026-09-23T12:38:01Z,98,57380792XXXX,TRK-NB-07,UNMAPPED_TRUNK,2026-09-23T12:55:01Z,false
REJ-20260923-0908,RAW-20260923-TRK-NB-07-00908,2026-09-23T12:49:36Z,271,57325843XXXX,TRK-NB-07,UNMAPPED_TRUNK,2026-09-23T13:06:36Z,false
REJ-20260923-0984,RAW-20260923-TRK-NB-07-00984,2026-09-23T12:56:19Z,206,57334285XXXX,TRK-NB-07,UNMAPPED_TRUNK,2026-09-23T13:13:19Z,false
REJ-20260923-0824,RAW-20260923-TRK-NB-07-00824,2026-09-23T12:57:27Z,34,57388734XXXX,TRK-NB-07,UNMAPPED_TRUNK,2026-09-23T13:14:27Z,false
REJ-20260923-0881,RAW-20260923-TRK-NB-07-00881,2026-09-23T12:59:30Z,714,57381574XXXX,TRK-NB-07,UNMAPPED_TRUNK,2026-09-23T13:16:30Z,false
REJ-20260923-1091,RAW-20260923-TRK-NB-07-01091,2026-09-23T13:04:17Z,58,57394715XXXX,TRK-NB-07,UNMAPPED_TRUNK,2026-09-23T13:21:17Z,false
REJ-20260923-0955,RAW-20260923-TRK-NB-07-00955,2026-09-23T13:05:31Z,16,57369511XXXX,TRK-NB-07,UNMAPPED_TRUNK,2026-09-23T13:22:31Z,false
REJ-20260923-1017,RAW-20260923-TRK-NB-07-01017,2026-09-23T13:05:35Z,107,57317953XXXX,TRK-NB-07,UNMAPPED_TRUNK,2026-09-23T13:22:35Z,false
REJ-20260923-0813,RAW-20260923-TRK-NB-07-00813,2026-09-23T13:06:22Z,12,57341624XXXX,TRK-NB-07,UNMAPPED_TRUNK,2026-09-23T13:23:22Z,false
REJ-20260923-1057,RAW-20260923-TRK-NB-07-01057,2026-09-23T13:08:39Z,47,57312579XXXX,TRK-NB-07,UNMAPPED_TRUNK,2026-09-23T13:25:39Z,false
REJ-20260923-1002,RAW-20260923-TRK-NB-07-01002,2026-09-23T13:11:37Z,143,57309742XXXX,TRK-NB-07,UNMAPPED_TRUNK,2026-09-23T13:28:37Z,false
REJ-20260923-1074,RAW-20260923-TRK-NB-07-01074,2026-09-23T13:12:26Z,14,57387862XXXX,TRK-NB-07,UNMAPPED_TRUNK,2026-09-23T13:29:26Z,false
REJ-20260923-0937,RAW-20260923-TRK-NB-07-00937,2026-09-23T13:21:07Z,29,57325083XXXX,TRK-NB-07,UNMAPPED_TRUNK,2026-09-23T13:38:07Z,false
REJ-20260923-1183,RAW-20260923-TRK-NB-07-01183,2026-09-23T13:22:45Z,435,57315090XXXX,TRK-NB-07,UNMAPPED_TRUNK,2026-09-23T13:39:45Z,false
REJ-20260923-0944,RAW-20260923-TRK-NB-07-00944,2026-09-23T13:24:58Z,45,57366850XXXX,TRK-NB-07,UNMAPPED_TRUNK,2026-09-23T13:41:58Z,false
REJ-20260923-1029,RAW-20260923-TRK-NB-07-01029,2026-09-23T13:26:32Z,70,57319987XXXX,TRK-NB-07,UNMAPPED_TRUNK,2026-09-23T13:43:32Z,false
REJ-20260923-0835,RAW-20260923-TRK-NB-07-00835,2026-09-23T13:28:16Z,43,57322506XXXX,TRK-NB-07,UNMAPPED_TRUNK,2026-09-23T13:45:16Z,false
REJ-20260923-1102,RAW-20260923-TRK-NB-07-01102,2026-09-23T13:41:41Z,3,57300895XXXX,TRK-NB-07,UNMAPPED_TRUNK,2026-09-23T13:58:41Z,false
REJ-20260923-1153,RAW-20260923-TRK-NB-07-01153,2026-09-23T13:44:44Z,128,57300328XXXX,TRK-NB-07,UNMAPPED_TRUNK,2026-09-23T14:01:44Z,false
REJ-20260923-1118,RAW-20260923-TRK-NB-07-01118,2026-09-23T13:48:23Z,39,57320481XXXX,TRK-NB-07,UNMAPPED_TRUNK,2026-09-23T14:05:23Z,false
REJ-20260923-1161,RAW-20260923-TRK-NB-07-01161,2026-09-23T13:49:59Z,861,57306162XXXX,TRK-NB-07,UNMAPPED_TRUNK,2026-09-23T14:06:59Z,false
REJ-20260923-0979,RAW-20260923-TRK-NB-07-00979,2026-09-23T13:51:56Z,289,57324947XXXX,TRK-NB-07,UNMAPPED_TRUNK,2026-09-23T14:08:56Z,false
REJ-20260923-0965,RAW-20260923-TRK-NB-07-00965,2026-09-23T13:53:53Z,47,57355764XXXX,TRK-NB-07,UNMAPPED_TRUNK,2026-09-23T14:10:53Z,false
REJ-20260923-0842,RAW-20260923-TRK-NB-07-00842,2026-09-23T13:56:23Z,37,57399937XXXX,TRK-NB-07,UNMAPPED_TRUNK,2026-09-23T14:13:23Z,false
REJ-20260923-0916,RAW-20260923-TRK-NB-07-00916,2026-09-23T13:56:27Z,102,57300426XXXX,TRK-NB-07,UNMAPPED_TRUNK,2026-09-23T14:13:27Z,false
REJ-20260923-0891,RAW-20260923-TRK-NB-07-00891,2026-09-23T13:56:58Z,17,57312831XXXX,TRK-NB-07,UNMAPPED_TRUNK,2026-09-23T14:13:58Z,false
REJ-20260923-0868,RAW-20260923-TRK-NB-07-00868,2026-09-23T14:05:38Z,332,57305621XXXX,TRK-NB-07,UNMAPPED_TRUNK,2026-09-23T14:22:38Z,false
REJ-20260923-1136,RAW-20260923-TRK-NB-07-01136,2026-09-23T14:09:29Z,377,57321909XXXX,TRK-NB-07,UNMAPPED_TRUNK,2026-09-23T14:26:29Z,false
REJ-20260923-1041,RAW-20260923-TRK-NB-07-01041,2026-09-23T14:09:41Z,116,57350036XXXX,TRK-NB-07,UNMAPPED_TRUNK,2026-09-23T14:26:41Z,false
REJ-20260923-1110,RAW-20260923-TRK-NB-07-01110,2026-09-23T14:16:08Z,411,57304241XXXX,TRK-NB-07,UNMAPPED_TRUNK,2026-09-23T14:33:08Z,false
REJ-20260923-0967,RAW-20260923-TRK-NB-07-00967,2026-09-23T14:18:15Z,12,57346571XXXX,TRK-NB-07,UNMAPPED_TRUNK,2026-09-23T14:35:15Z,false
REJ-20260923-0802,RAW-20260923-TRK-NB-07-00802,2026-09-23T14:20:57Z,84,57337233XXXX,TRK-NB-07,UNMAPPED_TRUNK,2026-09-23T14:37:57Z,false
REJ-20260923-0863,RAW-20260923-TRK-NB-07-00863,2026-09-23T14:22:55Z,25,57335422XXXX,TRK-NB-07,UNMAPPED_TRUNK,2026-09-23T14:39:55Z,false
REJ-20260923-1015,RAW-20260923-TRK-NB-07-01015,2026-09-23T14:26:20Z,240,57378105XXXX,TRK-NB-07,UNMAPPED_TRUNK,2026-09-23T14:43:20Z,false
REJ-20260923-1107,RAW-20260923-TRK-NB-07-01107,2026-09-23T14:32:03Z,69,57315596XXXX,TRK-NB-07,UNMAPPED_TRUNK,2026-09-23T14:49:03Z,false
REJ-20260923-0848,RAW-20260923-TRK-NB-07-00848,2026-09-23T14:32:25Z,143,57318764XXXX,TRK-NB-07,UNMAPPED_TRUNK,2026-09-23T14:49:25Z,false
REJ-20260923-0816,RAW-20260923-TRK-NB-07-00816,2026-09-23T14:34:54Z,415,57397764XXXX,TRK-NB-07,UNMAPPED_TRUNK,2026-09-23T14:51:54Z,false
REJ-20260923-0852,RAW-20260923-TRK-NB-07-00852,2026-09-23T14:36:29Z,56,57351865XXXX,TRK-NB-07,UNMAPPED_TRUNK,2026-09-23T14:53:29Z,false
REJ-20260923-1173,RAW-20260923-TRK-NB-07-01173,2026-09-23T14:52:32Z,37,57350651XXXX,TRK-NB-07,UNMAPPED_TRUNK,2026-09-23T15:09:32Z,false
REJ-20260923-0880,RAW-20260923-TRK-NB-07-00880,2026-09-23T14:54:41Z,21,57345515XXXX,TRK-NB-07,UNMAPPED_TRUNK,2026-09-23T15:11:41Z,false
REJ-20260923-Z053,RAW-20260923-TRK-NB-06-Z053,2026-09-23T14:54:54Z,0,52543265XXXX,TRK-NB-06,ZERO_DURATION,2026-09-23T15:11:54Z,false
REJ-20260923-1192,RAW-20260923-TRK-NB-07-01192,2026-09-23T15:01:50Z,19,57388363XXXX,TRK-NB-07,UNMAPPED_TRUNK,2026-09-23T15:18:50Z,false
REJ-20260923-0912,RAW-20260923-TRK-NB-07-00912,2026-09-23T15:03:56Z,54,57384753XXXX,TRK-NB-07,UNMAPPED_TRUNK,2026-09-23T15:20:56Z,false
REJ-20260923-1101,RAW-20260923-TRK-NB-07-01101,2026-09-23T15:09:54Z,185,57360265XXXX,TRK-NB-07,UNMAPPED_TRUNK,2026-09-23T15:26:54Z,false
REJ-20260923-1044,RAW-20260923-TRK-NB-07-01044,2026-09-23T15:10:42Z,50,57377140XXXX,TRK-NB-07,UNMAPPED_TRUNK,2026-09-23T15:27:42Z,false
REJ-20260923-0900,RAW-20260923-TRK-NB-07-00900,2026-09-23T15:11:30Z,16,57332846XXXX,TRK-NB-07,UNMAPPED_TRUNK,2026-09-23T15:28:30Z,false
REJ-20260923-0989,RAW-20260923-TRK-NB-07-00989,2026-09-23T15:16:01Z,57,57383122XXXX,TRK-NB-07,UNMAPPED_TRUNK,2026-09-23T15:33:01Z,false
REJ-20260923-1081,RAW-20260923-TRK-NB-07-01081,2026-09-23T15:22:37Z,51,57369372XXXX,TRK-NB-07,UNMAPPED_TRUNK,2026-09-23T15:39:37Z,false
REJ-20260923-0934,RAW-20260923-TRK-NB-07-00934,2026-09-23T15:22:56Z,80,57358607XXXX,TRK-NB-07,UNMAPPED_TRUNK,2026-09-23T15:39:56Z,false
REJ-20260923-1181,RAW-20260923-TRK-NB-07-01181,2026-09-23T15:23:54Z,59,57343685XXXX,TRK-NB-07,UNMAPPED_TRUNK,2026-09-23T15:40:54Z,false
REJ-20260923-0940,RAW-20260923-TRK-NB-07-00940,2026-09-23T15:27:23Z,301,57314105XXXX,TRK-NB-07,UNMAPPED_TRUNK,2026-09-23T15:44:23Z,false
REJ-20260923-1170,RAW-20260923-TRK-NB-07-01170,2026-09-23T15:28:49Z,32,57340511XXXX,TRK-NB-07,UNMAPPED_TRUNK,2026-09-23T15:45:49Z,false
REJ-20260923-0996,RAW-20260923-TRK-NB-07-00996,2026-09-23T15:29:26Z,10,57308474XXXX,TRK-NB-07,UNMAPPED_TRUNK,2026-09-23T15:46:26Z,false
REJ-20260923-0847,RAW-20260923-TRK-NB-07-00847,2026-09-23T15:31:33Z,1,57378159XXXX,TRK-NB-07,UNMAPPED_TRUNK,2026-09-23T15:48:33Z,false
REJ-20260923-1001,RAW-20260923-TRK-NB-07-01001,2026-09-23T15:33:12Z,483,57321586XXXX,TRK-NB-07,UNMAPPED_TRUNK,2026-09-23T15:50:12Z,false
REJ-20260923-0923,RAW-20260923-TRK-NB-07-00923,2026-09-23T15:39:55Z,76,57354752XXXX,TRK-NB-07,UNMAPPED_TRUNK,2026-09-23T15:56:55Z,false
REJ-20260923-1073,RAW-20260923-TRK-NB-07-01073,2026-09-23T15:41:56Z,66,57347844XXXX,TRK-NB-07,UNMAPPED_TRUNK,2026-09-23T15:58:56Z,false
REJ-20260923-0971,RAW-20260923-TRK-NB-07-00971,2026-09-23T15:49:34Z,135,57324374XXXX,TRK-NB-07,UNMAPPED_TRUNK,2026-09-23T16:06:34Z,false
REJ-20260923-1021,RAW-20260923-TRK-NB-07-01021,2026-09-23T15:51:51Z,47,57352629XXXX,TRK-NB-07,UNMAPPED_TRUNK,2026-09-23T16:08:51Z,false
REJ-20260923-1148,RAW-20260923-TRK-NB-07-01148,2026-09-23T15:53:27Z,27,57313873XXXX,TRK-NB-07,UNMAPPED_TRUNK,2026-09-23T16:10:27Z,false
REJ-20260923-0995,RAW-20260923-TRK-NB-07-00995,2026-09-23T15:59:10Z,3,57356691XXXX,TRK-NB-07,UNMAPPED_TRUNK,2026-09-23T16:16:10Z,false
REJ-20260923-0838,RAW-20260923-TRK-NB-07-00838,2026-09-23T16:00:50Z,32,57306160XXXX,TRK-NB-07,UNMAPPED_TRUNK,2026-09-23T16:17:50Z,false
REJ-20260923-1059,RAW-20260923-TRK-NB-07-01059,2026-09-23T16:08:50Z,552,57385808XXXX,TRK-NB-07,UNMAPPED_TRUNK,2026-09-23T16:25:50Z,false
REJ-20260923-0820,RAW-20260923-TRK-NB-07-00820,2026-09-23T16:09:52Z,289,57310817XXXX,TRK-NB-07,UNMAPPED_TRUNK,2026-09-23T16:26:52Z,false
REJ-20260923-1067,RAW-20260923-TRK-NB-07-01067,2026-09-23T16:10:43Z,126,57344092XXXX,TRK-NB-07,UNMAPPED_TRUNK,2026-09-23T16:27:43Z,false
REJ-20260923-1186,RAW-20260923-TRK-NB-07-01186,2026-09-23T16:14:50Z,340,57335252XXXX,TRK-NB-07,UNMAPPED_TRUNK,2026-09-23T16:31:50Z,false
REJ-20260923-1152,RAW-20260923-TRK-NB-07-01152,2026-09-23T16:15:11Z,48,57389074XXXX,TRK-NB-07,UNMAPPED_TRUNK,2026-09-23T16:32:11Z,false
REJ-20260923-0886,RAW-20260923-TRK-NB-07-00886,2026-09-23T16:22:43Z,30,57346305XXXX,TRK-NB-07,UNMAPPED_TRUNK,2026-09-23T16:39:43Z,false
REJ-20260923-0833,RAW-20260923-TRK-NB-07-00833,2026-09-23T16:23:52Z,101,57368829XXXX,TRK-NB-07,UNMAPPED_TRUNK,2026-09-23T16:40:52Z,false
REJ-20260923-1162,RAW-20260923-TRK-NB-07-01162,2026-09-23T16:23:54Z,486,57333155XXXX,TRK-NB-07,UNMAPPED_TRUNK,2026-09-23T16:40:54Z,false
REJ-20260923-1031,RAW-20260923-TRK-NB-07-01031,2026-09-23T16:28:38Z,59,57311471XXXX,TRK-NB-07,UNMAPPED_TRUNK,2026-09-23T16:45:38Z,false
REJ-20260923-0804,RAW-20260923-TRK-NB-07-00804,2026-09-23T16:31:01Z,68,57387242XXXX,TRK-NB-07,UNMAPPED_TRUNK,2026-09-23T16:48:01Z,false
REJ-20260923-1068,RAW-20260923-TRK-NB-07-01068,2026-09-23T16:37:19Z,259,57339980XXXX,TRK-NB-07,UNMAPPED_TRUNK,2026-09-23T16:54:19Z,false
REJ-20260923-0854,RAW-20260923-TRK-NB-07-00854,2026-09-23T16:37:45Z,65,57341338XXXX,TRK-NB-07,UNMAPPED_TRUNK,2026-09-23T16:54:45Z,false
REJ-20260923-1150,RAW-20260923-TRK-NB-07-01150,2026-09-23T16:40:17Z,52,57315958XXXX,TRK-NB-07,UNMAPPED_TRUNK,2026-09-23T16:57:17Z,false
REJ-20260923-0946,RAW-20260923-TRK-NB-07-00946,2026-09-23T16:41:36Z,18,57371329XXXX,TRK-NB-07,UNMAPPED_TRUNK,2026-09-23T16:58:36Z,false
REJ-20260923-1037,RAW-20260923-TRK-NB-07-01037,2026-09-23T16:53:38Z,60,57368566XXXX,TRK-NB-07,UNMAPPED_TRUNK,2026-09-23T17:10:38Z,false
REJ-20260923-0963,RAW-20260923-TRK-NB-07-00963,2026-09-23T16:58:42Z,67,57328649XXXX,TRK-NB-07,UNMAPPED_TRUNK,2026-09-23T17:15:42Z,false
REJ-20260923-0931,RAW-20260923-TRK-NB-07-00931,2026-09-23T17:00:25Z,17,57328802XXXX,TRK-NB-07,UNMAPPED_TRUNK,2026-09-23T17:17:25Z,false
REJ-20260923-0867,RAW-20260923-TRK-NB-07-00867,2026-09-23T17:04:14Z,7,57394624XXXX,TRK-NB-07,UNMAPPED_TRUNK,2026-09-23T17:21:14Z,false
REJ-20260923-0952,RAW-20260923-TRK-NB-07-00952,2026-09-23T17:09:08Z,207,57349941XXXX,TRK-NB-07,UNMAPPED_TRUNK,2026-09-23T17:26:08Z,false
REJ-20260923-0859,RAW-20260923-TRK-NB-07-00859,2026-09-23T17:11:44Z,15,57345019XXXX,TRK-NB-07,UNMAPPED_TRUNK,2026-09-23T17:28:44Z,false
REJ-20260923-1195,RAW-20260923-TRK-NB-07-01195,2026-09-23T17:13:00Z,526,57374259XXXX,TRK-NB-07,UNMAPPED_TRUNK,2026-09-23T17:30:00Z,false
REJ-20260923-1097,RAW-20260923-TRK-NB-07-01097,2026-09-23T17:14:28Z,107,57382335XXXX,TRK-NB-07,UNMAPPED_TRUNK,2026-09-23T17:31:28Z,false
REJ-20260923-1179,RAW-20260923-TRK-NB-07-01179,2026-09-23T17:28:39Z,1054,57362936XXXX,TRK-NB-07,UNMAPPED_TRUNK,2026-09-23T17:45:39Z,false
REJ-20260923-1045,RAW-20260923-TRK-NB-07-01045,2026-09-23T17:32:03Z,116,57376044XXXX,TRK-NB-07,UNMAPPED_TRUNK,2026-09-23T17:49:03Z,false
REJ-20260923-1132,RAW-20260923-TRK-NB-07-01132,2026-09-23T17:33:15Z,52,57307579XXXX,TRK-NB-07,UNMAPPED_TRUNK,2026-09-23T17:50:15Z,false
REJ-20260923-0997,RAW-20260923-TRK-NB-07-00997,2026-09-23T17:35:07Z,94,57346513XXXX,TRK-NB-07,UNMAPPED_TRUNK,2026-09-23T17:52:07Z,false
REJ-20260923-1019,RAW-20260923-TRK-NB-07-01019,2026-09-23T17:45:20Z,47,57393407XXXX,TRK-NB-07,UNMAPPED_TRUNK,2026-09-23T18:02:20Z,false
REJ-20260923-1093,RAW-20260923-TRK-NB-07-01093,2026-09-23T17:45:57Z,330,57385716XXXX,TRK-NB-07,UNMAPPED_TRUNK,2026-09-23T18:02:57Z,false
REJ-20260923-1092,RAW-20260923-TRK-NB-07-01092,2026-09-23T17:50:59Z,288,57334967XXXX,TRK-NB-07,UNMAPPED_TRUNK,2026-09-23T18:07:59Z,false
REJ-20260923-0888,RAW-20260923-TRK-NB-07-00888,2026-09-23T17:51:46Z,475,57386402XXXX,TRK-NB-07,UNMAPPED_TRUNK,2026-09-23T18:08:46Z,false
REJ-20260923-0822,RAW-20260923-TRK-NB-07-00822,2026-09-23T17:58:35Z,391,57318935XXXX,TRK-NB-07,UNMAPPED_TRUNK,2026-09-23T18:15:35Z,false
REJ-20260923-1095,RAW-20260923-TRK-NB-07-01095,2026-09-23T18:03:22Z,653,57381451XXXX,TRK-NB-07,UNMAPPED_TRUNK,2026-09-23T18:20:22Z,false
REJ-20260923-0970,RAW-20260923-TRK-NB-07-00970,2026-09-23T18:06:56Z,36,57354683XXXX,TRK-NB-07,UNMAPPED_TRUNK,2026-09-23T18:23:56Z,false
REJ-20260923-1058,RAW-20260923-TRK-NB-07-01058,2026-09-23T18:10:42Z,195,57348059XXXX,TRK-NB-07,UNMAPPED_TRUNK,2026-09-23T18:27:42Z,false
REJ-20260923-0924,RAW-20260923-TRK-NB-07-00924,2026-09-23T18:12:58Z,176,57302708XXXX,TRK-NB-07,UNMAPPED_TRUNK,2026-09-23T18:29:58Z,false
REJ-20260923-1111,RAW-20260923-TRK-NB-07-01111,2026-09-23T18:14:08Z,46,57376894XXXX,TRK-NB-07,UNMAPPED_TRUNK,2026-09-23T18:31:08Z,false
REJ-20260923-1071,RAW-20260923-TRK-NB-07-01071,2026-09-23T18:14:12Z,2,57326004XXXX,TRK-NB-07,UNMAPPED_TRUNK,2026-09-23T18:31:12Z,false
REJ-20260923-1157,RAW-20260923-TRK-NB-07-01157,2026-09-23T18:17:07Z,126,57340531XXXX,TRK-NB-07,UNMAPPED_TRUNK,2026-09-23T18:34:07Z,false
REJ-20260923-1028,RAW-20260923-TRK-NB-07-01028,2026-09-23T18:38:40Z,26,57324300XXXX,TRK-NB-07,UNMAPPED_TRUNK,2026-09-23T18:55:40Z,false
REJ-20260923-0907,RAW-20260923-TRK-NB-07-00907,2026-09-23T18:39:17Z,8,57380821XXXX,TRK-NB-07,UNMAPPED_TRUNK,2026-09-23T18:56:17Z,false
REJ-20260923-1020,RAW-20260923-TRK-NB-07-01020,2026-09-23T18:58:35Z,5,57340773XXXX,TRK-NB-07,UNMAPPED_TRUNK,2026-09-23T19:15:35Z,false
REJ-20260923-1087,RAW-20260923-TRK-NB-07-01087,2026-09-23T19:00:28Z,541,57322697XXXX,TRK-NB-07,UNMAPPED_TRUNK,2026-09-23T19:17:28Z,false
REJ-20260923-0858,RAW-20260923-TRK-NB-07-00858,2026-09-23T19:03:05Z,74,57376132XXXX,TRK-NB-07,UNMAPPED_TRUNK,2026-09-23T19:20:05Z,false
REJ-20260923-1175,RAW-20260923-TRK-NB-07-01175,2026-09-23T19:08:52Z,4,57397671XXXX,TRK-NB-07,UNMAPPED_TRUNK,2026-09-23T19:25:52Z,false
REJ-20260923-0811,RAW-20260923-TRK-NB-07-00811,2026-09-23T19:10:26Z,108,57388207XXXX,TRK-NB-07,UNMAPPED_TRUNK,2026-09-23T19:27:26Z,false
REJ-20260923-1010,RAW-20260923-TRK-NB-07-01010,2026-09-23T19:25:12Z,10,57331758XXXX,TRK-NB-07,UNMAPPED_TRUNK,2026-09-23T19:42:12Z,false
REJ-20260923-0941,RAW-20260923-TRK-NB-07-00941,2026-09-23T19:26:55Z,159,57348529XXXX,TRK-NB-07,UNMAPPED_TRUNK,2026-09-23T19:43:55Z,false
REJ-20260923-1112,RAW-20260923-TRK-NB-07-01112,2026-09-23T19:27:45Z,147,57387218XXXX,TRK-NB-07,UNMAPPED_TRUNK,2026-09-23T19:44:45Z,false
REJ-20260923-0962,RAW-20260923-TRK-NB-07-00962,2026-09-23T19:28:46Z,16,57387786XXXX,TRK-NB-07,UNMAPPED_TRUNK,2026-09-23T19:45:46Z,false
REJ-20260923-0986,RAW-20260923-TRK-NB-07-00986,2026-09-23T19:33:09Z,50,57392769XXXX,TRK-NB-07,UNMAPPED_TRUNK,2026-09-23T19:50:09Z,false
REJ-20260923-0892,RAW-20260923-TRK-NB-07-00892,2026-09-23T19:34:17Z,47,57371485XXXX,TRK-NB-07,UNMAPPED_TRUNK,2026-09-23T19:51:17Z,false
REJ-20260923-1023,RAW-20260923-TRK-NB-07-01023,2026-09-23T19:37:25Z,39,57341729XXXX,TRK-NB-07,UNMAPPED_TRUNK,2026-09-23T19:54:25Z,false
REJ-20260923-1160,RAW-20260923-TRK-NB-07-01160,2026-09-23T19:45:33Z,5,57319257XXXX,TRK-NB-07,UNMAPPED_TRUNK,2026-09-23T20:02:33Z,false
REJ-20260923-1137,RAW-20260923-TRK-NB-07-01137,2026-09-23T19:54:45Z,59,57328828XXXX,TRK-NB-07,UNMAPPED_TRUNK,2026-09-23T20:11:45Z,false
REJ-20260923-0953,RAW-20260923-TRK-NB-07-00953,2026-09-23T19:58:39Z,647,57305649XXXX,TRK-NB-07,UNMAPPED_TRUNK,2026-09-23T20:15:39Z,false
REJ-20260923-0991,RAW-20260923-TRK-NB-07-00991,2026-09-23T20:01:28Z,203,57304595XXXX,TRK-NB-07,UNMAPPED_TRUNK,2026-09-23T20:18:28Z,false
REJ-20260923-0895,RAW-20260923-TRK-NB-07-00895,2026-09-23T20:02:28Z,9,57359597XXXX,TRK-NB-07,UNMAPPED_TRUNK,2026-09-23T20:19:28Z,false
REJ-20260923-1113,RAW-20260923-TRK-NB-07-01113,2026-09-23T20:08:27Z,83,57397881XXXX,TRK-NB-07,UNMAPPED_TRUNK,2026-09-23T20:25:27Z,false
REJ-20260923-1070,RAW-20260923-TRK-NB-07-01070,2026-09-23T20:09:41Z,68,57395129XXXX,TRK-NB-07,UNMAPPED_TRUNK,2026-09-23T20:26:41Z,false
REJ-20260923-1155,RAW-20260923-TRK-NB-07-01155,2026-09-23T20:13:05Z,195,57331666XXXX,TRK-NB-07,UNMAPPED_TRUNK,2026-09-23T20:30:05Z,false
REJ-20260923-1184,RAW-20260923-TRK-NB-07-01184,2026-09-23T20:13:59Z,119,57306317XXXX,TRK-NB-07,UNMAPPED_TRUNK,2026-09-23T20:30:59Z,false
REJ-20260923-1144,RAW-20260923-TRK-NB-07-01144,2026-09-23T20:21:19Z,20,57372171XXXX,TRK-NB-07,UNMAPPED_TRUNK,2026-09-23T20:38:19Z,false
REJ-20260923-0981,RAW-20260923-TRK-NB-07-00981,2026-09-23T20:22:05Z,37,57381366XXXX,TRK-NB-07,UNMAPPED_TRUNK,2026-09-23T20:39:05Z,false
REJ-20260923-0947,RAW-20260923-TRK-NB-07-00947,2026-09-23T20:25:46Z,92,57377842XXXX,TRK-NB-07,UNMAPPED_TRUNK,2026-09-23T20:42:46Z,false
REJ-20260923-1105,RAW-20260923-TRK-NB-07-01105,2026-09-23T20:40:00Z,453,57303558XXXX,TRK-NB-07,UNMAPPED_TRUNK,2026-09-23T20:57:00Z,false
REJ-20260923-0980,RAW-20260923-TRK-NB-07-00980,2026-09-23T20:42:06Z,22,57371014XXXX,TRK-NB-07,UNMAPPED_TRUNK,2026-09-23T20:59:06Z,false
REJ-20260923-0830,RAW-20260923-TRK-NB-07-00830,2026-09-23T20:46:10Z,59,57352102XXXX,TRK-NB-07,UNMAPPED_TRUNK,2026-09-23T21:03:10Z,false
REJ-20260923-0887,RAW-20260923-TRK-NB-07-00887,2026-09-23T20:46:57Z,223,57353174XXXX,TRK-NB-07,UNMAPPED_TRUNK,2026-09-23T21:03:57Z,false
REJ-20260923-1115,RAW-20260923-TRK-NB-07-01115,2026-09-23T20:54:06Z,572,57347228XXXX,TRK-NB-07,UNMAPPED_TRUNK,2026-09-23T21:11:06Z,false
REJ-20260923-0973,RAW-20260923-TRK-NB-07-00973,2026-09-23T20:55:24Z,106,57326265XXXX,TRK-NB-07,UNMAPPED_TRUNK,2026-09-23T21:12:24Z,false
REJ-20260923-0905,RAW-20260923-TRK-NB-07-00905,2026-09-23T21:05:48Z,147,57345410XXXX,TRK-NB-07,UNMAPPED_TRUNK,2026-09-23T21:22:48Z,false
REJ-20260923-1141,RAW-20260923-TRK-NB-07-01141,2026-09-23T21:09:46Z,16,57344833XXXX,TRK-NB-07,UNMAPPED_TRUNK,2026-09-23T21:26:46Z,false
REJ-20260923-1145,RAW-20260923-TRK-NB-07-01145,2026-09-23T21:13:23Z,21,57323039XXXX,TRK-NB-07,UNMAPPED_TRUNK,2026-09-23T21:30:23Z,false
REJ-20260923-0925,RAW-20260923-TRK-NB-07-00925,2026-09-23T21:14:40Z,88,57387764XXXX,TRK-NB-07,UNMAPPED_TRUNK,2026-09-23T21:31:40Z,false
REJ-20260923-0803,RAW-20260923-TRK-NB-07-00803,2026-09-23T21:39:23Z,191,57305457XXXX,TRK-NB-07,UNMAPPED_TRUNK,2026-09-23T21:56:23Z,false
REJ-20260923-0837,RAW-20260923-TRK-NB-07-00837,2026-09-23T21:43:36Z,194,57320640XXXX,TRK-NB-07,UNMAPPED_TRUNK,2026-09-23T22:00:36Z,false
REJ-20260923-1062,RAW-20260923-TRK-NB-07-01062,2026-09-23T21:45:50Z,35,57308849XXXX,TRK-NB-07,UNMAPPED_TRUNK,2026-09-23T22:02:50Z,false
REJ-20260923-0809,RAW-20260923-TRK-NB-07-00809,2026-09-23T21:50:39Z,419,57349421XXXX,TRK-NB-07,UNMAPPED_TRUNK,2026-09-23T22:07:39Z,false
REJ-20260923-1013,RAW-20260923-TRK-NB-07-01013,2026-09-23T21:52:53Z,37,57347410XXXX,TRK-NB-07,UNMAPPED_TRUNK,2026-09-23T22:09:53Z,false
REJ-20260923-1151,RAW-20260923-TRK-NB-07-01151,2026-09-23T21:53:02Z,202,57347995XXXX,TRK-NB-07,UNMAPPED_TRUNK,2026-09-23T22:10:02Z,false
REJ-20260923-0805,RAW-20260923-TRK-NB-07-00805,2026-09-23T21:55:48Z,97,57333415XXXX,TRK-NB-07,UNMAPPED_TRUNK,2026-09-23T22:12:48Z,false
REJ-20260923-1064,RAW-20260923-TRK-NB-07-01064,2026-09-23T21:57:12Z,108,57359765XXXX,TRK-NB-07,UNMAPPED_TRUNK,2026-09-23T22:14:12Z,false
REJ-20260923-0913,RAW-20260923-TRK-NB-07-00913,2026-09-23T22:00:21Z,7,57330611XXXX,TRK-NB-07,UNMAPPED_TRUNK,2026-09-23T22:17:21Z,false
REJ-20260923-0883,RAW-20260923-TRK-NB-07-00883,2026-09-23T22:05:36Z,2,57352087XXXX,TRK-NB-07,UNMAPPED_TRUNK,2026-09-23T22:22:36Z,false
REJ-20260923-0812,RAW-20260923-TRK-NB-07-00812,2026-09-23T22:06:32Z,118,57353319XXXX,TRK-NB-07,UNMAPPED_TRUNK,2026-09-23T22:23:32Z,false
REJ-20260923-1125,RAW-20260923-TRK-NB-07-01125,2026-09-23T22:06:42Z,55,57348355XXXX,TRK-NB-07,UNMAPPED_TRUNK,2026-09-23T22:23:42Z,false
REJ-20260923-1061,RAW-20260923-TRK-NB-07-01061,2026-09-23T22:08:39Z,65,57371947XXXX,TRK-NB-07,UNMAPPED_TRUNK,2026-09-23T22:25:39Z,false
REJ-20260923-0998,RAW-20260923-TRK-NB-07-00998,2026-09-23T22:08:47Z,39,57380262XXXX,TRK-NB-07,UNMAPPED_TRUNK,2026-09-23T22:25:47Z,false
REJ-20260923-0969,RAW-20260923-TRK-NB-07-00969,2026-09-23T22:13:21Z,64,57385783XXXX,TRK-NB-07,UNMAPPED_TRUNK,2026-09-23T22:30:21Z,false
REJ-20260923-1100,RAW-20260923-TRK-NB-07-01100,2026-09-23T22:14:29Z,37,57363635XXXX,TRK-NB-07,UNMAPPED_TRUNK,2026-09-23T22:31:29Z,false
REJ-20260923-1174,RAW-20260923-TRK-NB-07-01174,2026-09-23T22:20:45Z,54,57384194XXXX,TRK-NB-07,UNMAPPED_TRUNK,2026-09-23T22:37:45Z,false
REJ-20260923-Z028,RAW-20260923-TRK-NB-05-Z028,2026-09-23T22:26:03Z,0,50255931XXXX,TRK-NB-05,ZERO_DURATION,2026-09-23T22:43:03Z,false
REJ-20260923-0936,RAW-20260923-TRK-NB-07-00936,2026-09-23T22:33:34Z,6,57308513XXXX,TRK-NB-07,UNMAPPED_TRUNK,2026-09-23T22:50:34Z,false
REJ-20260923-1194,RAW-20260923-TRK-NB-07-01194,2026-09-23T22:38:38Z,157,57357948XXXX,TRK-NB-07,UNMAPPED_TRUNK,2026-09-23T22:55:38Z,false
REJ-20260923-0933,RAW-20260923-TRK-NB-07-00933,2026-09-23T22:46:54Z,45,57323220XXXX,TRK-NB-07,UNMAPPED_TRUNK,2026-09-23T23:03:54Z,false
REJ-20260923-0939,RAW-20260923-TRK-NB-07-00939,2026-09-23T22:47:52Z,46,57373027XXXX,TRK-NB-07,UNMAPPED_TRUNK,2026-09-23T23:04:52Z,false
REJ-20260923-0873,RAW-20260923-TRK-NB-07-00873,2026-09-23T22:54:42Z,270,57330899XXXX,TRK-NB-07,UNMAPPED_TRUNK,2026-09-23T23:11:42Z,false
REJ-20260923-1026,RAW-20260923-TRK-NB-07-01026,2026-09-23T22:55:13Z,637,57380242XXXX,TRK-NB-07,UNMAPPED_TRUNK,2026-09-23T23:12:13Z,false
REJ-20260923-1119,RAW-20260923-TRK-NB-07-01119,2026-09-23T22:59:52Z,497,57364372XXXX,TRK-NB-07,UNMAPPED_TRUNK,2026-09-23T23:16:52Z,false
REJ-20260923-0878,RAW-20260923-TRK-NB-07-00878,2026-09-23T23:00:22Z,146,57393342XXXX,TRK-NB-07,UNMAPPED_TRUNK,2026-09-23T23:17:22Z,false
REJ-20260923-0999,RAW-20260923-TRK-NB-07-00999,2026-09-23T23:00:49Z,54,57332262XXXX,TRK-NB-07,UNMAPPED_TRUNK,2026-09-23T23:17:49Z,false
REJ-20260923-1075,RAW-20260923-TRK-NB-07-01075,2026-09-23T23:12:37Z,46,57396467XXXX,TRK-NB-07,UNMAPPED_TRUNK,2026-09-23T23:29:37Z,false
REJ-20260923-0850,RAW-20260923-TRK-NB-07-00850,2026-09-23T23:15:42Z,325,57322775XXXX,TRK-NB-07,UNMAPPED_TRUNK,2026-09-23T23:32:42Z,false
REJ-20260923-1072,RAW-20260923-TRK-NB-07-01072,2026-09-23T23:21:16Z,49,57326411XXXX,TRK-NB-07,UNMAPPED_TRUNK,2026-09-23T23:38:16Z,false
REJ-20260923-0836,RAW-20260923-TRK-NB-07-00836,2026-09-23T23:24:39Z,92,57372832XXXX,TRK-NB-07,UNMAPPED_TRUNK,2026-09-23T23:41:39Z,false
REJ-20260923-1176,RAW-20260923-TRK-NB-07-01176,2026-09-23T23:26:29Z,53,57345352XXXX,TRK-NB-07,UNMAPPED_TRUNK,2026-09-23T23:43:29Z,false
REJ-20260923-1006,RAW-20260923-TRK-NB-07-01006,2026-09-23T23:29:34Z,49,57335541XXXX,TRK-NB-07,UNMAPPED_TRUNK,2026-09-23T23:46:34Z,false
REJ-20260923-0992,RAW-20260923-TRK-NB-07-00992,2026-09-23T23:30:59Z,48,57325671XXXX,TRK-NB-07,UNMAPPED_TRUNK,2026-09-23T23:47:59Z,false
REJ-20260923-1126,RAW-20260923-TRK-NB-07-01126,2026-09-23T23:34:06Z,605,57387823XXXX,TRK-NB-07,UNMAPPED_TRUNK,2026-09-23T23:51:06Z,false
REJ-20260923-0860,RAW-20260923-TRK-NB-07-00860,2026-09-23T23:34:53Z,23,57394291XXXX,TRK-NB-07,UNMAPPED_TRUNK,2026-09-23T23:51:53Z,false
REJ-20260923-0898,RAW-20260923-TRK-NB-07-00898,2026-09-23T23:35:55Z,40,57380116XXXX,TRK-NB-07,UNMAPPED_TRUNK,2026-09-23T23:52:55Z,false
REJ-20260923-1123,RAW-20260923-TRK-NB-07-01123,2026-09-23T23:39:20Z,67,57347791XXXX,TRK-NB-07,UNMAPPED_TRUNK,2026-09-23T23:56:20Z,false
REJ-20260923-0918,RAW-20260923-TRK-NB-07-00918,2026-09-23T23:42:12Z,51,57396144XXXX,TRK-NB-07,UNMAPPED_TRUNK,2026-09-23T23:59:12Z,false
REJ-20260923-1086,RAW-20260923-TRK-NB-07-01086,2026-09-23T23:46:14Z,109,57342955XXXX,TRK-NB-07,UNMAPPED_TRUNK,2026-09-24T00:03:14Z,false
REJ-20260923-0919,RAW-20260923-TRK-NB-07-00919,2026-09-23T23:48:37Z,31,57353978XXXX,TRK-NB-07,UNMAPPED_TRUNK,2026-09-24T00:05:37Z,false
REJ-20260923-0926,RAW-20260923-TRK-NB-07-00926,2026-09-23T23:49:18Z,173,57302381XXXX,TRK-NB-07,UNMAPPED_TRUNK,2026-09-24T00:06:18Z,false
REJ-20260924-1578,RAW-20260924-TRK-NB-07-01578,2026-09-24T00:00:48Z,292,57331103XXXX,TRK-NB-07,UNMAPPED_TRUNK,2026-09-24T00:17:48Z,false
REJ-20260924-1341,RAW-20260924-TRK-NB-07-01341,2026-09-24T00:10:09Z,259,57354640XXXX,TRK-NB-07,UNMAPPED_TRUNK,2026-09-24T00:27:09Z,false
REJ-20260924-1253,RAW-20260924-TRK-NB-07-01253,2026-09-24T00:15:20Z,209,57306869XXXX,TRK-NB-07,UNMAPPED_TRUNK,2026-09-24T00:32:20Z,false
REJ-20260924-1214,RAW-20260924-TRK-NB-07-01214,2026-09-24T00:15:45Z,43,57365971XXXX,TRK-NB-07,UNMAPPED_TRUNK,2026-09-24T00:32:45Z,false
REJ-20260924-1421,RAW-20260924-TRK-NB-07-01421,2026-09-24T00:23:13Z,178,57373598XXXX,TRK-NB-07,UNMAPPED_TRUNK,2026-09-24T00:40:13Z,false
REJ-20260924-1350,RAW-20260924-TRK-NB-07-01350,2026-09-24T00:25:36Z,24,57312977XXXX,TRK-NB-07,UNMAPPED_TRUNK,2026-09-24T00:42:36Z,false
REJ-20260924-1495,RAW-20260924-TRK-NB-07-01495,2026-09-24T00:25:40Z,234,57311769XXXX,TRK-NB-07,UNMAPPED_TRUNK,2026-09-24T00:42:40Z,false
REJ-20260924-1587,RAW-20260924-TRK-NB-07-01587,2026-09-24T00:38:37Z,60,57389321XXXX,TRK-NB-07,UNMAPPED_TRUNK,2026-09-24T00:55:37Z,false
REJ-20260924-1354,RAW-20260924-TRK-NB-07-01354,2026-09-24T00:39:35Z,58,57387503XXXX,TRK-NB-07,UNMAPPED_TRUNK,2026-09-24T00:56:35Z,false
REJ-20260924-1244,RAW-20260924-TRK-NB-07-01244,2026-09-24T00:45:40Z,150,57397360XXXX,TRK-NB-07,UNMAPPED_TRUNK,2026-09-24T01:02:40Z,false
REJ-20260924-1549,RAW-20260924-TRK-NB-07-01549,2026-09-24T00:46:13Z,2,57327479XXXX,TRK-NB-07,UNMAPPED_TRUNK,2026-09-24T01:03:13Z,false
REJ-20260924-1433,RAW-20260924-TRK-NB-07-01433,2026-09-24T00:48:35Z,10,57343364XXXX,TRK-NB-07,UNMAPPED_TRUNK,2026-09-24T01:05:35Z,false
REJ-20260924-1518,RAW-20260924-TRK-NB-07-01518,2026-09-24T00:49:34Z,91,57334709XXXX,TRK-NB-07,UNMAPPED_TRUNK,2026-09-24T01:06:34Z,false
REJ-20260924-1555,RAW-20260924-TRK-NB-07-01555,2026-09-24T00:49:57Z,1410,57387997XXXX,TRK-NB-07,UNMAPPED_TRUNK,2026-09-24T01:06:57Z,false
REJ-20260924-1368,RAW-20260924-TRK-NB-07-01368,2026-09-24T00:54:06Z,129,57305533XXXX,TRK-NB-07,UNMAPPED_TRUNK,2026-09-24T01:11:06Z,false
REJ-20260924-1498,RAW-20260924-TRK-NB-07-01498,2026-09-24T00:54:56Z,82,57329320XXXX,TRK-NB-07,UNMAPPED_TRUNK,2026-09-24T01:11:56Z,false
REJ-20260924-1435,RAW-20260924-TRK-NB-07-01435,2026-09-24T01:08:13Z,60,57358555XXXX,TRK-NB-07,UNMAPPED_TRUNK,2026-09-24T01:25:13Z,false
REJ-20260924-1589,RAW-20260924-TRK-NB-07-01589,2026-09-24T01:10:48Z,111,57377529XXXX,TRK-NB-07,UNMAPPED_TRUNK,2026-09-24T01:27:48Z,false
REJ-20260924-1348,RAW-20260924-TRK-NB-07-01348,2026-09-24T01:15:15Z,80,57313769XXXX,TRK-NB-07,UNMAPPED_TRUNK,2026-09-24T01:32:15Z,false
REJ-20260924-1487,RAW-20260924-TRK-NB-07-01487,2026-09-24T01:16:07Z,94,57310912XXXX,TRK-NB-07,UNMAPPED_TRUNK,2026-09-24T01:33:07Z,false
REJ-20260924-1250,RAW-20260924-TRK-NB-07-01250,2026-09-24T01:16:59Z,95,57352814XXXX,TRK-NB-07,UNMAPPED_TRUNK,2026-09-24T01:33:59Z,false
REJ-20260924-1497,RAW-20260924-TRK-NB-07-01497,2026-09-24T01:19:17Z,70,57309754XXXX,TRK-NB-07,UNMAPPED_TRUNK,2026-09-24T01:36:17Z,false
REJ-20260924-1521,RAW-20260924-TRK-NB-07-01521,2026-09-24T01:23:29Z,29,57355516XXXX,TRK-NB-07,UNMAPPED_TRUNK,2026-09-24T01:40:29Z,false
REJ-20260924-1415,RAW-20260924-TRK-NB-07-01415,2026-09-24T01:25:54Z,451,57386671XXXX,TRK-NB-07,UNMAPPED_TRUNK,2026-09-24T01:42:54Z,false
REJ-20260924-1500,RAW-20260924-TRK-NB-07-01500,2026-09-24T01:28:01Z,48,57328376XXXX,TRK-NB-07,UNMAPPED_TRUNK,2026-09-24T01:45:01Z,false
REJ-20260924-1410,RAW-20260924-TRK-NB-07-01410,2026-09-24T01:28:53Z,22,57345065XXXX,TRK-NB-07,UNMAPPED_TRUNK,2026-09-24T01:45:53Z,false
REJ-20260924-1202,RAW-20260924-TRK-NB-07-01202,2026-09-24T01:30:25Z,424,57345449XXXX,TRK-NB-07,UNMAPPED_TRUNK,2026-09-24T01:47:25Z,false
REJ-20260924-1480,RAW-20260924-TRK-NB-07-01480,2026-09-24T01:31:56Z,142,57303279XXXX,TRK-NB-07,UNMAPPED_TRUNK,2026-09-24T01:48:56Z,false
REJ-20260924-1537,RAW-20260924-TRK-NB-07-01537,2026-09-24T01:46:19Z,99,57377778XXXX,TRK-NB-07,UNMAPPED_TRUNK,2026-09-24T02:03:19Z,false
REJ-20260924-1301,RAW-20260924-TRK-NB-07-01301,2026-09-24T01:48:47Z,802,57344670XXXX,TRK-NB-07,UNMAPPED_TRUNK,2026-09-24T02:05:47Z,false
REJ-20260924-1276,RAW-20260924-TRK-NB-07-01276,2026-09-24T01:53:10Z,44,57361468XXXX,TRK-NB-07,UNMAPPED_TRUNK,2026-09-24T02:10:10Z,false
REJ-20260924-1493,RAW-20260924-TRK-NB-07-01493,2026-09-24T01:58:32Z,109,57349506XXXX,TRK-NB-07,UNMAPPED_TRUNK,2026-09-24T02:15:32Z,false
REJ-20260924-1351,RAW-20260924-TRK-NB-07-01351,2026-09-24T01:59:33Z,85,57382196XXXX,TRK-NB-07,UNMAPPED_TRUNK,2026-09-24T02:16:33Z,false
REJ-20260924-1517,RAW-20260924-TRK-NB-07-01517,2026-09-24T02:01:23Z,46,57334507XXXX,TRK-NB-07,UNMAPPED_TRUNK,2026-09-24T02:18:23Z,false
REJ-20260924-1305,RAW-20260924-TRK-NB-07-01305,2026-09-24T02:01:54Z,108,57339889XXXX,TRK-NB-07,UNMAPPED_TRUNK,2026-09-24T02:18:54Z,false
REJ-20260924-1369,RAW-20260924-TRK-NB-07-01369,2026-09-24T02:03:35Z,40,57369046XXXX,TRK-NB-07,UNMAPPED_TRUNK,2026-09-24T02:20:35Z,false
REJ-20260924-1340,RAW-20260924-TRK-NB-07-01340,2026-09-24T02:03:41Z,70,57390224XXXX,TRK-NB-07,UNMAPPED_TRUNK,2026-09-24T02:20:41Z,false
REJ-20260924-1395,RAW-20260924-TRK-NB-07-01395,2026-09-24T02:05:27Z,21,57392528XXXX,TRK-NB-07,UNMAPPED_TRUNK,2026-09-24T02:22:27Z,false
REJ-20260924-1546,RAW-20260924-TRK-NB-07-01546,2026-09-24T02:05:59Z,716,57336377XXXX,TRK-NB-07,UNMAPPED_TRUNK,2026-09-24T02:22:59Z,false
REJ-20260924-1285,RAW-20260924-TRK-NB-07-01285,2026-09-24T02:06:28Z,23,57373479XXXX,TRK-NB-07,UNMAPPED_TRUNK,2026-09-24T02:23:28Z,false
REJ-20260924-1334,RAW-20260924-TRK-NB-07-01334,2026-09-24T02:17:10Z,21,57313735XXXX,TRK-NB-07,UNMAPPED_TRUNK,2026-09-24T02:34:10Z,false
REJ-20260924-1208,RAW-20260924-TRK-NB-07-01208,2026-09-24T02:19:29Z,33,57379705XXXX,TRK-NB-07,UNMAPPED_TRUNK,2026-09-24T02:36:29Z,false
REJ-20260924-1483,RAW-20260924-TRK-NB-07-01483,2026-09-24T02:19:40Z,155,57373306XXXX,TRK-NB-07,UNMAPPED_TRUNK,2026-09-24T02:36:40Z,false
REJ-20260924-1533,RAW-20260924-TRK-NB-07-01533,2026-09-24T02:22:34Z,142,57305206XXXX,TRK-NB-07,UNMAPPED_TRUNK,2026-09-24T02:39:34Z,false
REJ-20260924-1412,RAW-20260924-TRK-NB-07-01412,2026-09-24T02:39:45Z,626,57381623XXXX,TRK-NB-07,UNMAPPED_TRUNK,2026-09-24T02:56:45Z,false
REJ-20260924-1273,RAW-20260924-TRK-NB-07-01273,2026-09-24T02:45:15Z,235,57323659XXXX,TRK-NB-07,UNMAPPED_TRUNK,2026-09-24T03:02:15Z,false
REJ-20260924-1514,RAW-20260924-TRK-NB-07-01514,2026-09-24T02:49:31Z,173,57324704XXXX,TRK-NB-07,UNMAPPED_TRUNK,2026-09-24T03:06:31Z,false
REJ-20260924-1586,RAW-20260924-TRK-NB-07-01586,2026-09-24T02:52:48Z,110,57300783XXXX,TRK-NB-07,UNMAPPED_TRUNK,2026-09-24T03:09:48Z,false
REJ-20260924-1510,RAW-20260924-TRK-NB-07-01510,2026-09-24T02:53:59Z,21,57310387XXXX,TRK-NB-07,UNMAPPED_TRUNK,2026-09-24T03:10:59Z,false
REJ-20260924-1516,RAW-20260924-TRK-NB-07-01516,2026-09-24T02:55:00Z,3,57309918XXXX,TRK-NB-07,UNMAPPED_TRUNK,2026-09-24T03:12:00Z,false
REJ-20260924-1371,RAW-20260924-TRK-NB-07-01371,2026-09-24T02:56:18Z,53,57363668XXXX,TRK-NB-07,UNMAPPED_TRUNK,2026-09-24T03:13:18Z,false
REJ-20260924-1505,RAW-20260924-TRK-NB-07-01505,2026-09-24T03:02:06Z,105,57381399XXXX,TRK-NB-07,UNMAPPED_TRUNK,2026-09-24T03:19:06Z,false
REJ-20260924-1554,RAW-20260924-TRK-NB-07-01554,2026-09-24T03:02:15Z,120,57390888XXXX,TRK-NB-07,UNMAPPED_TRUNK,2026-09-24T03:19:15Z,false
REJ-20260924-1298,RAW-20260924-TRK-NB-07-01298,2026-09-24T03:08:48Z,1,57373858XXXX,TRK-NB-07,UNMAPPED_TRUNK,2026-09-24T03:25:48Z,false
REJ-20260924-1388,RAW-20260924-TRK-NB-07-01388,2026-09-24T03:14:59Z,36,57347009XXXX,TRK-NB-07,UNMAPPED_TRUNK,2026-09-24T03:31:59Z,false
REJ-20260924-1479,RAW-20260924-TRK-NB-07-01479,2026-09-24T03:16:10Z,106,57382353XXXX,TRK-NB-07,UNMAPPED_TRUNK,2026-09-24T03:33:10Z,false
REJ-20260924-1347,RAW-20260924-TRK-NB-07-01347,2026-09-24T03:19:18Z,100,57378363XXXX,TRK-NB-07,UNMAPPED_TRUNK,2026-09-24T03:36:18Z,false
REJ-20260924-1389,RAW-20260924-TRK-NB-07-01389,2026-09-24T03:22:54Z,130,57352573XXXX,TRK-NB-07,UNMAPPED_TRUNK,2026-09-24T03:39:54Z,false
REJ-20260924-1423,RAW-20260924-TRK-NB-07-01423,2026-09-24T03:24:26Z,200,57345677XXXX,TRK-NB-07,UNMAPPED_TRUNK,2026-09-24T03:41:26Z,false
REJ-20260924-1400,RAW-20260924-TRK-NB-07-01400,2026-09-24T03:25:54Z,30,57364661XXXX,TRK-NB-07,UNMAPPED_TRUNK,2026-09-24T03:42:54Z,false
REJ-20260924-1557,RAW-20260924-TRK-NB-07-01557,2026-09-24T03:26:16Z,227,57390875XXXX,TRK-NB-07,UNMAPPED_TRUNK,2026-09-24T03:43:16Z,false
REJ-20260924-1457,RAW-20260924-TRK-NB-07-01457,2026-09-24T03:27:14Z,14,57329456XXXX,TRK-NB-07,UNMAPPED_TRUNK,2026-09-24T03:44:14Z,false
REJ-20260924-1558,RAW-20260924-TRK-NB-07-01558,2026-09-24T03:27:20Z,86,57327159XXXX,TRK-NB-07,UNMAPPED_TRUNK,2026-09-24T03:44:20Z,false
REJ-20260924-1594,RAW-20260924-TRK-NB-07-01594,2026-09-24T03:28:52Z,112,57302697XXXX,TRK-NB-07,UNMAPPED_TRUNK,2026-09-24T03:45:52Z,false
REJ-20260924-1289,RAW-20260924-TRK-NB-07-01289,2026-09-24T03:39:18Z,1154,57372307XXXX,TRK-NB-07,UNMAPPED_TRUNK,2026-09-24T03:56:18Z,false
REJ-20260924-1240,RAW-20260924-TRK-NB-07-01240,2026-09-24T03:48:21Z,239,57399677XXXX,TRK-NB-07,UNMAPPED_TRUNK,2026-09-24T04:05:21Z,false
REJ-20260924-1346,RAW-20260924-TRK-NB-07-01346,2026-09-24T03:49:57Z,70,57317655XXXX,TRK-NB-07,UNMAPPED_TRUNK,2026-09-24T04:06:57Z,false
REJ-20260924-1221,RAW-20260924-TRK-NB-07-01221,2026-09-24T03:55:12Z,353,57303324XXXX,TRK-NB-07,UNMAPPED_TRUNK,2026-09-24T04:12:12Z,false
REJ-20260924-1585,RAW-20260924-TRK-NB-07-01585,2026-09-24T03:58:28Z,932,57332045XXXX,TRK-NB-07,UNMAPPED_TRUNK,2026-09-24T04:15:28Z,false
REJ-20260924-1393,RAW-20260924-TRK-NB-07-01393,2026-09-24T03:59:00Z,145,57352064XXXX,TRK-NB-07,UNMAPPED_TRUNK,2026-09-24T04:16:00Z,false
REJ-20260924-1207,RAW-20260924-TRK-NB-07-01207,2026-09-24T03:59:37Z,5,57394532XXXX,TRK-NB-07,UNMAPPED_TRUNK,2026-09-24T04:16:37Z,false
REJ-20260924-1384,RAW-20260924-TRK-NB-07-01384,2026-09-24T04:09:16Z,651,57381033XXXX,TRK-NB-07,UNMAPPED_TRUNK,2026-09-24T04:26:16Z,false
REJ-20260924-1364,RAW-20260924-TRK-NB-07-01364,2026-09-24T04:14:58Z,108,57394330XXXX,TRK-NB-07,UNMAPPED_TRUNK,2026-09-24T04:31:58Z,false
REJ-20260924-1270,RAW-20260924-TRK-NB-07-01270,2026-09-24T04:23:02Z,39,57302005XXXX,TRK-NB-07,UNMAPPED_TRUNK,2026-09-24T04:40:02Z,false
REJ-20260924-1387,RAW-20260924-TRK-NB-07-01387,2026-09-24T04:25:06Z,17,57303370XXXX,TRK-NB-07,UNMAPPED_TRUNK,2026-09-24T04:42:06Z,false
REJ-20260924-1358,RAW-20260924-TRK-NB-07-01358,2026-09-24T04:26:51Z,22,57383694XXXX,TRK-NB-07,UNMAPPED_TRUNK,2026-09-24T04:43:51Z,false
REJ-20260924-1474,RAW-20260924-TRK-NB-07-01474,2026-09-24T04:30:59Z,4,57393740XXXX,TRK-NB-07,UNMAPPED_TRUNK,2026-09-24T04:47:59Z,false
REJ-20260924-1438,RAW-20260924-TRK-NB-07-01438,2026-09-24T04:32:22Z,311,57371051XXXX,TRK-NB-07,UNMAPPED_TRUNK,2026-09-24T04:49:22Z,false
REJ-20260924-1575,RAW-20260924-TRK-NB-07-01575,2026-09-24T04:42:34Z,55,57366482XXXX,TRK-NB-07,UNMAPPED_TRUNK,2026-09-24T04:59:34Z,false
REJ-20260924-1571,RAW-20260924-TRK-NB-07-01571,2026-09-24T04:51:13Z,27,57304308XXXX,TRK-NB-07,UNMAPPED_TRUNK,2026-09-24T05:08:13Z,false
REJ-20260924-1342,RAW-20260924-TRK-NB-07-01342,2026-09-24T04:51:45Z,7,57362713XXXX,TRK-NB-07,UNMAPPED_TRUNK,2026-09-24T05:08:45Z,false
REJ-20260924-Z015,RAW-20260924-TRK-NB-05-Z015,2026-09-24T04:53:56Z,0,50255078XXXX,TRK-NB-05,ZERO_DURATION,2026-09-24T05:10:56Z,false
REJ-20260924-1458,RAW-20260924-TRK-NB-07-01458,2026-09-24T04:56:55Z,241,57315658XXXX,TRK-NB-07,UNMAPPED_TRUNK,2026-09-24T05:13:55Z,false
REJ-20260924-1592,RAW-20260924-TRK-NB-07-01592,2026-09-24T04:57:40Z,27,57395491XXXX,TRK-NB-07,UNMAPPED_TRUNK,2026-09-24T05:14:40Z,false
REJ-20260924-1316,RAW-20260924-TRK-NB-07-01316,2026-09-24T04:58:12Z,66,57397840XXXX,TRK-NB-07,UNMAPPED_TRUNK,2026-09-24T05:15:12Z,false
REJ-20260924-1515,RAW-20260924-TRK-NB-07-01515,2026-09-24T04:58:29Z,71,57390145XXXX,TRK-NB-07,UNMAPPED_TRUNK,2026-09-24T05:15:29Z,false
REJ-20260924-1392,RAW-20260924-TRK-NB-07-01392,2026-09-24T04:58:42Z,11,57397425XXXX,TRK-NB-07,UNMAPPED_TRUNK,2026-09-24T05:15:42Z,false
REJ-20260924-1292,RAW-20260924-TRK-NB-07-01292,2026-09-24T05:06:44Z,160,57319330XXXX,TRK-NB-07,UNMAPPED_TRUNK,2026-09-24T05:23:44Z,false
REJ-20260924-1449,RAW-20260924-TRK-NB-07-01449,2026-09-24T05:09:28Z,134,57325200XXXX,TRK-NB-07,UNMAPPED_TRUNK,2026-09-24T05:26:28Z,false
REJ-20260924-1490,RAW-20260924-TRK-NB-07-01490,2026-09-24T05:12:05Z,650,57354534XXXX,TRK-NB-07,UNMAPPED_TRUNK,2026-09-24T05:29:05Z,false
REJ-20260924-1332,RAW-20260924-TRK-NB-07-01332,2026-09-24T05:19:20Z,689,57306785XXXX,TRK-NB-07,UNMAPPED_TRUNK,2026-09-24T05:36:20Z,false
REJ-20260924-1509,RAW-20260924-TRK-NB-07-01509,2026-09-24T05:24:52Z,45,57372087XXXX,TRK-NB-07,UNMAPPED_TRUNK,2026-09-24T05:41:52Z,false
REJ-20260924-1355,RAW-20260924-TRK-NB-07-01355,2026-09-24T05:25:29Z,50,57377023XXXX,TRK-NB-07,UNMAPPED_TRUNK,2026-09-24T05:42:29Z,false
REJ-20260924-1556,RAW-20260924-TRK-NB-07-01556,2026-09-24T05:25:34Z,18,57377475XXXX,TRK-NB-07,UNMAPPED_TRUNK,2026-09-24T05:42:34Z,false
REJ-20260924-1245,RAW-20260924-TRK-NB-07-01245,2026-09-24T05:30:47Z,12,57364248XXXX,TRK-NB-07,UNMAPPED_TRUNK,2026-09-24T05:47:47Z,false
REJ-20260924-1563,RAW-20260924-TRK-NB-07-01563,2026-09-24T05:30:58Z,341,57384483XXXX,TRK-NB-07,UNMAPPED_TRUNK,2026-09-24T05:47:58Z,false
REJ-20260924-1302,RAW-20260924-TRK-NB-07-01302,2026-09-24T05:31:54Z,9,57393436XXXX,TRK-NB-07,UNMAPPED_TRUNK,2026-09-24T05:48:54Z,false
REJ-20260924-1311,RAW-20260924-TRK-NB-07-01311,2026-09-24T05:41:35Z,13,57389449XXXX,TRK-NB-07,UNMAPPED_TRUNK,2026-09-24T05:58:35Z,false
REJ-20260924-1259,RAW-20260924-TRK-NB-07-01259,2026-09-24T05:42:45Z,55,57324610XXXX,TRK-NB-07,UNMAPPED_TRUNK,2026-09-24T05:59:45Z,false
REJ-20260924-Z060,RAW-20260924-TRK-NB-03-Z060,2026-09-24T05:45:40Z,0,57392735XXXX,TRK-NB-03,ZERO_DURATION,2026-09-24T06:02:40Z,false
REJ-20260924-1416,RAW-20260924-TRK-NB-07-01416,2026-09-24T05:46:26Z,383,57354746XXXX,TRK-NB-07,UNMAPPED_TRUNK,2026-09-24T06:03:26Z,false
REJ-20260924-1326,RAW-20260924-TRK-NB-07-01326,2026-09-24T05:49:00Z,263,57311550XXXX,TRK-NB-07,UNMAPPED_TRUNK,2026-09-24T06:06:00Z,false
REJ-20260924-1511,RAW-20260924-TRK-NB-07-01511,2026-09-24T05:51:20Z,654,57386248XXXX,TRK-NB-07,UNMAPPED_TRUNK,2026-09-24T06:08:20Z,false
REJ-20260924-1381,RAW-20260924-TRK-NB-07-01381,2026-09-24T05:51:27Z,294,57332438XXXX,TRK-NB-07,UNMAPPED_TRUNK,2026-09-24T06:08:27Z,false
REJ-20260924-1588,RAW-20260924-TRK-NB-07-01588,2026-09-24T05:59:33Z,80,57397538XXXX,TRK-NB-07,UNMAPPED_TRUNK,2026-09-24T06:16:33Z,false
REJ-20260924-1223,RAW-20260924-TRK-NB-07-01223,2026-09-24T06:10:26Z,127,57358232XXXX,TRK-NB-07,UNMAPPED_TRUNK,2026-09-24T06:27:26Z,false
REJ-20260924-1476,RAW-20260924-TRK-NB-07-01476,2026-09-24T06:13:02Z,118,57360989XXXX,TRK-NB-07,UNMAPPED_TRUNK,2026-09-24T06:30:02Z,false
REJ-20260924-1286,RAW-20260924-TRK-NB-07-01286,2026-09-24T06:18:38Z,66,57326829XXXX,TRK-NB-07,UNMAPPED_TRUNK,2026-09-24T06:35:38Z,false
REJ-20260924-1456,RAW-20260924-TRK-NB-07-01456,2026-09-24T06:20:05Z,51,57300572XXXX,TRK-NB-07,UNMAPPED_TRUNK,2026-09-24T06:37:05Z,false
REJ-20260924-1242,RAW-20260924-TRK-NB-07-01242,2026-09-24T06:23:28Z,52,57383121XXXX,TRK-NB-07,UNMAPPED_TRUNK,2026-09-24T06:40:28Z,false
REJ-20260924-1519,RAW-20260924-TRK-NB-07-01519,2026-09-24T06:24:00Z,34,57309558XXXX,TRK-NB-07,UNMAPPED_TRUNK,2026-09-24T06:41:00Z,false
REJ-20260924-1251,RAW-20260924-TRK-NB-07-01251,2026-09-24T06:25:09Z,226,57302409XXXX,TRK-NB-07,UNMAPPED_TRUNK,2026-09-24T06:42:09Z,false
REJ-20260924-1274,RAW-20260924-TRK-NB-07-01274,2026-09-24T06:35:33Z,89,57368190XXXX,TRK-NB-07,UNMAPPED_TRUNK,2026-09-24T06:52:33Z,false
REJ-20260924-1210,RAW-20260924-TRK-NB-07-01210,2026-09-24T06:37:11Z,21,57323879XXXX,TRK-NB-07,UNMAPPED_TRUNK,2026-09-24T06:54:11Z,false
REJ-20260924-1394,RAW-20260924-TRK-NB-07-01394,2026-09-24T06:41:45Z,239,57349471XXXX,TRK-NB-07,UNMAPPED_TRUNK,2026-09-24T06:58:45Z,false
REJ-20260924-1322,RAW-20260924-TRK-NB-07-01322,2026-09-24T06:45:54Z,332,57365809XXXX,TRK-NB-07,UNMAPPED_TRUNK,2026-09-24T07:02:54Z,false
REJ-20260924-1437,RAW-20260924-TRK-NB-07-01437,2026-09-24T06:45:59Z,145,57308023XXXX,TRK-NB-07,UNMAPPED_TRUNK,2026-09-24T07:02:59Z,false
REJ-20260924-1499,RAW-20260924-TRK-NB-07-01499,2026-09-24T06:46:39Z,26,57363068XXXX,TRK-NB-07,UNMAPPED_TRUNK,2026-09-24T07:03:39Z,false
REJ-20260924-1414,RAW-20260924-TRK-NB-07-01414,2026-09-24T06:53:38Z,22,57384126XXXX,TRK-NB-07,UNMAPPED_TRUNK,2026-09-24T07:10:38Z,false
REJ-20260924-1204,RAW-20260924-TRK-NB-07-01204,2026-09-24T06:55:46Z,16,57315933XXXX,TRK-NB-07,UNMAPPED_TRUNK,2026-09-24T07:12:46Z,false
REJ-20260924-1317,RAW-20260924-TRK-NB-07-01317,2026-09-24T06:56:33Z,7,57380902XXXX,TRK-NB-07,UNMAPPED_TRUNK,2026-09-24T07:13:33Z,false
REJ-20260924-1583,RAW-20260924-TRK-NB-07-01583,2026-09-24T06:57:04Z,47,57325871XXXX,TRK-NB-07,UNMAPPED_TRUNK,2026-09-24T07:14:04Z,false
REJ-20260924-1212,RAW-20260924-TRK-NB-07-01212,2026-09-24T07:05:26Z,35,57329472XXXX,TRK-NB-07,UNMAPPED_TRUNK,2026-09-24T07:22:26Z,false
REJ-20260924-1283,RAW-20260924-TRK-NB-07-01283,2026-09-24T07:06:13Z,173,57374499XXXX,TRK-NB-07,UNMAPPED_TRUNK,2026-09-24T07:23:13Z,false
REJ-20260924-1383,RAW-20260924-TRK-NB-07-01383,2026-09-24T07:10:58Z,58,57315617XXXX,TRK-NB-07,UNMAPPED_TRUNK,2026-09-24T07:27:58Z,false
REJ-20260924-1330,RAW-20260924-TRK-NB-07-01330,2026-09-24T07:18:26Z,804,57316957XXXX,TRK-NB-07,UNMAPPED_TRUNK,2026-09-24T07:35:26Z,false
REJ-20260924-1543,RAW-20260924-TRK-NB-07-01543,2026-09-24T07:22:12Z,56,57340332XXXX,TRK-NB-07,UNMAPPED_TRUNK,2026-09-24T07:39:12Z,false
REJ-20260924-1566,RAW-20260924-TRK-NB-07-01566,2026-09-24T07:26:22Z,16,57368893XXXX,TRK-NB-07,UNMAPPED_TRUNK,2026-09-24T07:43:22Z,false
REJ-20260924-1243,RAW-20260924-TRK-NB-07-01243,2026-09-24T07:27:28Z,262,57318891XXXX,TRK-NB-07,UNMAPPED_TRUNK,2026-09-24T07:44:28Z,false
REJ-20260924-1303,RAW-20260924-TRK-NB-07-01303,2026-09-24T07:35:07Z,107,57385745XXXX,TRK-NB-07,UNMAPPED_TRUNK,2026-09-24T07:52:07Z,false
REJ-20260924-1320,RAW-20260924-TRK-NB-07-01320,2026-09-24T07:35:51Z,180,57314516XXXX,TRK-NB-07,UNMAPPED_TRUNK,2026-09-24T07:52:51Z,false
REJ-20260924-1314,RAW-20260924-TRK-NB-07-01314,2026-09-24T07:42:14Z,5,57345580XXXX,TRK-NB-07,UNMAPPED_TRUNK,2026-09-24T07:59:14Z,false
REJ-20260924-1258,RAW-20260924-TRK-NB-07-01258,2026-09-24T07:43:18Z,166,57396061XXXX,TRK-NB-07,UNMAPPED_TRUNK,2026-09-24T08:00:18Z,false
REJ-20260924-1409,RAW-20260924-TRK-NB-07-01409,2026-09-24T07:44:08Z,505,57344871XXXX,TRK-NB-07,UNMAPPED_TRUNK,2026-09-24T08:01:08Z,false
REJ-20260924-1528,RAW-20260924-TRK-NB-07-01528,2026-09-24T07:51:12Z,3,57345449XXXX,TRK-NB-07,UNMAPPED_TRUNK,2026-09-24T08:08:12Z,false
REJ-20260924-1209,RAW-20260924-TRK-NB-07-01209,2026-09-24T07:55:46Z,56,57333796XXXX,TRK-NB-07,UNMAPPED_TRUNK,2026-09-24T08:12:46Z,false
REJ-20260924-1417,RAW-20260924-TRK-NB-07-01417,2026-09-24T07:57:07Z,22,57392878XXXX,TRK-NB-07,UNMAPPED_TRUNK,2026-09-24T08:14:07Z,false
REJ-20260924-1249,RAW-20260924-TRK-NB-07-01249,2026-09-24T07:57:57Z,6,57301113XXXX,TRK-NB-07,UNMAPPED_TRUNK,2026-09-24T08:14:57Z,false
REJ-20260924-1428,RAW-20260924-TRK-NB-07-01428,2026-09-24T08:01:21Z,139,57341112XXXX,TRK-NB-07,UNMAPPED_TRUNK,2026-09-24T08:18:21Z,false
REJ-20260924-1333,RAW-20260924-TRK-NB-07-01333,2026-09-24T08:02:19Z,12,57349481XXXX,TRK-NB-07,UNMAPPED_TRUNK,2026-09-24T08:19:19Z,false
REJ-20260924-1398,RAW-20260924-TRK-NB-07-01398,2026-09-24T08:03:07Z,53,57321756XXXX,TRK-NB-07,UNMAPPED_TRUNK,2026-09-24T08:20:07Z,false
REJ-20260924-1229,RAW-20260924-TRK-NB-07-01229,2026-09-24T08:05:15Z,14,57396784XXXX,TRK-NB-07,UNMAPPED_TRUNK,2026-09-24T08:22:15Z,false
REJ-20260924-1235,RAW-20260924-TRK-NB-07-01235,2026-09-24T08:09:49Z,3,57325596XXXX,TRK-NB-07,UNMAPPED_TRUNK,2026-09-24T08:26:49Z,false
REJ-20260924-1441,RAW-20260924-TRK-NB-07-01441,2026-09-24T08:10:43Z,38,57368666XXXX,TRK-NB-07,UNMAPPED_TRUNK,2026-09-24T08:27:43Z,false
REJ-20260924-1572,RAW-20260924-TRK-NB-07-01572,2026-09-24T08:12:01Z,21,57392531XXXX,TRK-NB-07,UNMAPPED_TRUNK,2026-09-24T08:29:01Z,false
REJ-20260924-1551,RAW-20260924-TRK-NB-07-01551,2026-09-24T08:13:28Z,97,57311347XXXX,TRK-NB-07,UNMAPPED_TRUNK,2026-09-24T08:30:28Z,false
REJ-20260924-1539,RAW-20260924-TRK-NB-07-01539,2026-09-24T08:22:20Z,234,57335570XXXX,TRK-NB-07,UNMAPPED_TRUNK,2026-09-24T08:39:20Z,false
REJ-20260924-1239,RAW-20260924-TRK-NB-07-01239,2026-09-24T08:30:07Z,26,57308369XXXX,TRK-NB-07,UNMAPPED_TRUNK,2026-09-24T08:47:07Z,false
REJ-20260924-1370,RAW-20260924-TRK-NB-07-01370,2026-09-24T08:30:59Z,1,57314755XXXX,TRK-NB-07,UNMAPPED_TRUNK,2026-09-24T08:47:59Z,false
REJ-20260924-1569,RAW-20260924-TRK-NB-07-01569,2026-09-24T08:34:23Z,235,57311184XXXX,TRK-NB-07,UNMAPPED_TRUNK,2026-09-24T08:51:23Z,false
REJ-20260924-1201,RAW-20260924-TRK-NB-07-01201,2026-09-24T08:35:36Z,54,57375033XXXX,TRK-NB-07,UNMAPPED_TRUNK,2026-09-24T08:52:36Z,false
REJ-20260924-1579,RAW-20260924-TRK-NB-07-01579,2026-09-24T08:35:40Z,13,57314953XXXX,TRK-NB-07,UNMAPPED_TRUNK,2026-09-24T08:52:40Z,false
REJ-20260924-1525,RAW-20260924-TRK-NB-07-01525,2026-09-24T08:39:25Z,84,57392688XXXX,TRK-NB-07,UNMAPPED_TRUNK,2026-09-24T08:56:25Z,false
REJ-20260924-1506,RAW-20260924-TRK-NB-07-01506,2026-09-24T08:47:10Z,23,57302701XXXX,TRK-NB-07,UNMAPPED_TRUNK,2026-09-24T09:04:10Z,false
REJ-20260924-1427,RAW-20260924-TRK-NB-07-01427,2026-09-24T08:47:27Z,233,57333370XXXX,TRK-NB-07,UNMAPPED_TRUNK,2026-09-24T09:04:27Z,false
REJ-20260924-1552,RAW-20260924-TRK-NB-07-01552,2026-09-24T08:48:12Z,31,57312438XXXX,TRK-NB-07,UNMAPPED_TRUNK,2026-09-24T09:05:12Z,false
REJ-20260924-1338,RAW-20260924-TRK-NB-07-01338,2026-09-24T08:48:48Z,150,57386184XXXX,TRK-NB-07,UNMAPPED_TRUNK,2026-09-24T09:05:48Z,false
REJ-20260924-1290,RAW-20260924-TRK-NB-07-01290,2026-09-24T08:52:23Z,736,57324019XXXX,TRK-NB-07,UNMAPPED_TRUNK,2026-09-24T09:09:23Z,false
REJ-20260924-1434,RAW-20260924-TRK-NB-07-01434,2026-09-24T08:53:25Z,59,57379760XXXX,TRK-NB-07,UNMAPPED_TRUNK,2026-09-24T09:10:25Z,false
REJ-20260924-1271,RAW-20260924-TRK-NB-07-01271,2026-09-24T08:53:39Z,177,57310418XXXX,TRK-NB-07,UNMAPPED_TRUNK,2026-09-24T09:10:39Z,false
REJ-20260924-1391,RAW-20260924-TRK-NB-07-01391,2026-09-24T08:54:25Z,12,57334892XXXX,TRK-NB-07,UNMAPPED_TRUNK,2026-09-24T09:11:25Z,false
REJ-20260924-1238,RAW-20260924-TRK-NB-07-01238,2026-09-24T08:55:57Z,175,57394257XXXX,TRK-NB-07,UNMAPPED_TRUNK,2026-09-24T09:12:57Z,false
REJ-20260924-1321,RAW-20260924-TRK-NB-07-01321,2026-09-24T08:56:03Z,19,57328694XXXX,TRK-NB-07,UNMAPPED_TRUNK,2026-09-24T09:13:03Z,false
REJ-20260924-1512,RAW-20260924-TRK-NB-07-01512,2026-09-24T09:04:57Z,54,57383510XXXX,TRK-NB-07,UNMAPPED_TRUNK,2026-09-24T09:21:57Z,false
REJ-20260924-1477,RAW-20260924-TRK-NB-07-01477,2026-09-24T09:07:35Z,163,57397063XXXX,TRK-NB-07,UNMAPPED_TRUNK,2026-09-24T09:24:35Z,false
REJ-20260924-1432,RAW-20260924-TRK-NB-07-01432,2026-09-24T09:08:13Z,40,57326138XXXX,TRK-NB-07,UNMAPPED_TRUNK,2026-09-24T09:25:13Z,false
REJ-20260924-1580,RAW-20260924-TRK-NB-07-01580,2026-09-24T09:09:41Z,170,57392853XXXX,TRK-NB-07,UNMAPPED_TRUNK,2026-09-24T09:26:41Z,false
REJ-20260924-1357,RAW-20260924-TRK-NB-07-01357,2026-09-24T09:14:04Z,177,57325181XXXX,TRK-NB-07,UNMAPPED_TRUNK,2026-09-24T09:31:04Z,false
REJ-20260924-1445,RAW-20260924-TRK-NB-07-01445,2026-09-24T09:15:26Z,20,57395654XXXX,TRK-NB-07,UNMAPPED_TRUNK,2026-09-24T09:32:26Z,false
REJ-20260924-1319,RAW-20260924-TRK-NB-07-01319,2026-09-24T09:17:22Z,70,57350622XXXX,TRK-NB-07,UNMAPPED_TRUNK,2026-09-24T09:34:22Z,false
REJ-20260924-1426,RAW-20260924-TRK-NB-07-01426,2026-09-24T09:22:37Z,57,57324997XXXX,TRK-NB-07,UNMAPPED_TRUNK,2026-09-24T09:39:37Z,false
REJ-20260924-1489,RAW-20260924-TRK-NB-07-01489,2026-09-24T09:26:00Z,130,57397335XXXX,TRK-NB-07,UNMAPPED_TRUNK,2026-09-24T09:43:00Z,false
REJ-20260924-1406,RAW-20260924-TRK-NB-07-01406,2026-09-24T09:26:37Z,25,57397420XXXX,TRK-NB-07,UNMAPPED_TRUNK,2026-09-24T09:43:37Z,false
REJ-20260924-1534,RAW-20260924-TRK-NB-07-01534,2026-09-24T09:31:19Z,79,57395457XXXX,TRK-NB-07,UNMAPPED_TRUNK,2026-09-24T09:48:19Z,false
REJ-20260924-1422,RAW-20260924-TRK-NB-07-01422,2026-09-24T09:34:08Z,25,57347997XXXX,TRK-NB-07,UNMAPPED_TRUNK,2026-09-24T09:51:08Z,false
REJ-20260924-1365,RAW-20260924-TRK-NB-07-01365,2026-09-24T09:35:34Z,10,57316882XXXX,TRK-NB-07,UNMAPPED_TRUNK,2026-09-24T09:52:34Z,false
REJ-20260924-1236,RAW-20260924-TRK-NB-07-01236,2026-09-24T09:37:47Z,90,57396267XXXX,TRK-NB-07,UNMAPPED_TRUNK,2026-09-24T09:54:47Z,false
REJ-20260924-1331,RAW-20260924-TRK-NB-07-01331,2026-09-24T09:38:16Z,54,57331900XXXX,TRK-NB-07,UNMAPPED_TRUNK,2026-09-24T09:55:16Z,false
REJ-20260924-1425,RAW-20260924-TRK-NB-07-01425,2026-09-24T09:42:30Z,156,57345952XXXX,TRK-NB-07,UNMAPPED_TRUNK,2026-09-24T09:59:30Z,false
REJ-20260924-1402,RAW-20260924-TRK-NB-07-01402,2026-09-24T09:44:56Z,133,57344343XXXX,TRK-NB-07,UNMAPPED_TRUNK,2026-09-24T10:01:56Z,false
REJ-20260924-1431,RAW-20260924-TRK-NB-07-01431,2026-09-24T09:50:33Z,46,57386831XXXX,TRK-NB-07,UNMAPPED_TRUNK,2026-09-24T10:07:33Z,false
REJ-20260924-1231,RAW-20260924-TRK-NB-07-01231,2026-09-24T09:52:50Z,11,57363406XXXX,TRK-NB-07,UNMAPPED_TRUNK,2026-09-24T10:09:50Z,false
REJ-20260924-1252,RAW-20260924-TRK-NB-07-01252,2026-09-24T09:54:38Z,188,57301518XXXX,TRK-NB-07,UNMAPPED_TRUNK,2026-09-24T10:11:38Z,false
REJ-20260924-1246,RAW-20260924-TRK-NB-07-01246,2026-09-24T09:56:36Z,57,57397004XXXX,TRK-NB-07,UNMAPPED_TRUNK,2026-09-24T10:13:36Z,false
REJ-20260924-1430,RAW-20260924-TRK-NB-07-01430,2026-09-24T10:01:36Z,43,57374517XXXX,TRK-NB-07,UNMAPPED_TRUNK,2026-09-24T10:18:36Z,false
REJ-20260924-1313,RAW-20260924-TRK-NB-07-01313,2026-09-24T10:09:50Z,126,57357932XXXX,TRK-NB-07,UNMAPPED_TRUNK,2026-09-24T10:26:50Z,false
REJ-20260924-1452,RAW-20260924-TRK-NB-07-01452,2026-09-24T10:23:05Z,294,57362665XXXX,TRK-NB-07,UNMAPPED_TRUNK,2026-09-24T10:40:05Z,false
REJ-20260924-1269,RAW-20260924-TRK-NB-07-01269,2026-09-24T10:26:14Z,154,57383237XXXX,TRK-NB-07,UNMAPPED_TRUNK,2026-09-24T10:43:14Z,false
REJ-20260924-1230,RAW-20260924-TRK-NB-07-01230,2026-09-24T10:33:11Z,13,57360824XXXX,TRK-NB-07,UNMAPPED_TRUNK,2026-09-24T10:50:11Z,false
REJ-20260924-1562,RAW-20260924-TRK-NB-07-01562,2026-09-24T10:33:39Z,86,57329458XXXX,TRK-NB-07,UNMAPPED_TRUNK,2026-09-24T10:50:39Z,false
REJ-20260924-1211,RAW-20260924-TRK-NB-07-01211,2026-09-24T10:37:46Z,93,57399718XXXX,TRK-NB-07,UNMAPPED_TRUNK,2026-09-24T10:54:46Z,false
REJ-20260924-1488,RAW-20260924-TRK-NB-07-01488,2026-09-24T10:41:54Z,194,57320053XXXX,TRK-NB-07,UNMAPPED_TRUNK,2026-09-24T10:58:54Z,false
REJ-20260924-1481,RAW-20260924-TRK-NB-07-01481,2026-09-24T10:48:13Z,37,57349727XXXX,TRK-NB-07,UNMAPPED_TRUNK,2026-09-24T11:05:13Z,false
REJ-20260924-1268,RAW-20260924-TRK-NB-07-01268,2026-09-24T10:48:47Z,33,57323167XXXX,TRK-NB-07,UNMAPPED_TRUNK,2026-09-24T11:05:47Z,false
REJ-20260924-1581,RAW-20260924-TRK-NB-07-01581,2026-09-24T10:49:16Z,235,57341914XXXX,TRK-NB-07,UNMAPPED_TRUNK,2026-09-24T11:06:16Z,false
REJ-20260924-1411,RAW-20260924-TRK-NB-07-01411,2026-09-24T10:52:43Z,178,57388324XXXX,TRK-NB-07,UNMAPPED_TRUNK,2026-09-24T11:09:43Z,false
REJ-20260924-1324,RAW-20260924-TRK-NB-07-01324,2026-09-24T10:54:32Z,24,57385068XXXX,TRK-NB-07,UNMAPPED_TRUNK,2026-09-24T11:11:32Z,false
REJ-20260924-1329,RAW-20260924-TRK-NB-07-01329,2026-09-24T10:57:28Z,778,57356900XXXX,TRK-NB-07,UNMAPPED_TRUNK,2026-09-24T11:14:28Z,false
REJ-20260924-1472,RAW-20260924-TRK-NB-07-01472,2026-09-24T10:59:27Z,34,57393759XXXX,TRK-NB-07,UNMAPPED_TRUNK,2026-09-24T11:16:27Z,false
REJ-20260924-1494,RAW-20260924-TRK-NB-07-01494,2026-09-24T11:04:06Z,786,57383312XXXX,TRK-NB-07,UNMAPPED_TRUNK,2026-09-24T11:21:06Z,false
REJ-20260924-1367,RAW-20260924-TRK-NB-07-01367,2026-09-24T11:06:46Z,1022,57315241XXXX,TRK-NB-07,UNMAPPED_TRUNK,2026-09-24T11:23:46Z,false
REJ-20260924-Z026,RAW-20260924-TRK-NB-01-Z026,2026-09-24T11:09:23Z,0,52162586XXXX,TRK-NB-01,ZERO_DURATION,2026-09-24T11:26:23Z,false
REJ-20260924-1567,RAW-20260924-TRK-NB-07-01567,2026-09-24T11:10:43Z,414,57316332XXXX,TRK-NB-07,UNMAPPED_TRUNK,2026-09-24T11:27:43Z,false
REJ-20260924-1597,RAW-20260924-TRK-NB-07-01597,2026-09-24T11:12:51Z,145,57302904XXXX,TRK-NB-07,UNMAPPED_TRUNK,2026-09-24T11:29:51Z,false
REJ-20260924-1335,RAW-20260924-TRK-NB-07-01335,2026-09-24T11:14:20Z,160,57385967XXXX,TRK-NB-07,UNMAPPED_TRUNK,2026-09-24T11:31:20Z,false
REJ-20260924-1220,RAW-20260924-TRK-NB-07-01220,2026-09-24T11:16:09Z,172,57345274XXXX,TRK-NB-07,UNMAPPED_TRUNK,2026-09-24T11:33:09Z,false
REJ-20260924-1307,RAW-20260924-TRK-NB-07-01307,2026-09-24T11:19:55Z,137,57393308XXXX,TRK-NB-07,UNMAPPED_TRUNK,2026-09-24T11:36:55Z,false
REJ-20260924-1523,RAW-20260924-TRK-NB-07-01523,2026-09-24T11:24:53Z,17,57391592XXXX,TRK-NB-07,UNMAPPED_TRUNK,2026-09-24T11:41:53Z,false
REJ-20260924-1360,RAW-20260924-TRK-NB-07-01360,2026-09-24T11:26:03Z,240,57308589XXXX,TRK-NB-07,UNMAPPED_TRUNK,2026-09-24T11:43:03Z,false
REJ-20260924-1234,RAW-20260924-TRK-NB-07-01234,2026-09-24T11:27:50Z,55,57362007XXXX,TRK-NB-07,UNMAPPED_TRUNK,2026-09-24T11:44:50Z,false
REJ-20260924-1278,RAW-20260924-TRK-NB-07-01278,2026-09-24T11:31:05Z,480,57352919XXXX,TRK-NB-07,UNMAPPED_TRUNK,2026-09-24T11:48:05Z,false
REJ-20260924-1247,RAW-20260924-TRK-NB-07-01247,2026-09-24T11:36:20Z,104,57316149XXXX,TRK-NB-07,UNMAPPED_TRUNK,2026-09-24T11:53:20Z,false
REJ-20260924-1560,RAW-20260924-TRK-NB-07-01560,2026-09-24T11:42:22Z,117,57305419XXXX,TRK-NB-07,UNMAPPED_TRUNK,2026-09-24T11:59:22Z,false
REJ-20260924-1356,RAW-20260924-TRK-NB-07-01356,2026-09-24T11:48:16Z,69,57302081XXXX,TRK-NB-07,UNMAPPED_TRUNK,2026-09-24T12:05:16Z,false
REJ-20260924-1257,RAW-20260924-TRK-NB-07-01257,2026-09-24T11:55:32Z,200,57349149XXXX,TRK-NB-07,UNMAPPED_TRUNK,2026-09-24T12:12:32Z,false
REJ-20260924-1293,RAW-20260924-TRK-NB-07-01293,2026-09-24T11:56:53Z,115,57361331XXXX,TRK-NB-07,UNMAPPED_TRUNK,2026-09-24T12:13:53Z,false
REJ-20260924-1469,RAW-20260924-TRK-NB-07-01469,2026-09-24T11:57:42Z,140,57359096XXXX,TRK-NB-07,UNMAPPED_TRUNK,2026-09-24T12:14:42Z,false
REJ-20260924-1375,RAW-20260924-TRK-NB-07-01375,2026-09-24T11:57:57Z,414,57311124XXXX,TRK-NB-07,UNMAPPED_TRUNK,2026-09-24T12:14:57Z,false
REJ-20260924-1218,RAW-20260924-TRK-NB-07-01218,2026-09-24T11:58:00Z,69,57381744XXXX,TRK-NB-07,UNMAPPED_TRUNK,2026-09-24T12:15:00Z,false
REJ-20260924-1492,RAW-20260924-TRK-NB-07-01492,2026-09-24T12:00:11Z,168,57353813XXXX,TRK-NB-07,UNMAPPED_TRUNK,2026-09-24T12:17:11Z,false
REJ-20260924-1464,RAW-20260924-TRK-NB-07-01464,2026-09-24T12:18:38Z,6,57374149XXXX,TRK-NB-07,UNMAPPED_TRUNK,2026-09-24T12:35:38Z,false
REJ-20260924-1439,RAW-20260924-TRK-NB-07-01439,2026-09-24T12:21:54Z,393,57345367XXXX,TRK-NB-07,UNMAPPED_TRUNK,2026-09-24T12:38:54Z,false
REJ-20260924-1596,RAW-20260924-TRK-NB-07-01596,2026-09-24T12:23:17Z,55,57393628XXXX,TRK-NB-07,UNMAPPED_TRUNK,2026-09-24T12:40:17Z,false
REJ-20260924-1380,RAW-20260924-TRK-NB-07-01380,2026-09-24T12:30:03Z,83,57359767XXXX,TRK-NB-07,UNMAPPED_TRUNK,2026-09-24T12:47:03Z,false
REJ-20260924-1577,RAW-20260924-TRK-NB-07-01577,2026-09-24T12:32:41Z,42,57360360XXXX,TRK-NB-07,UNMAPPED_TRUNK,2026-09-24T12:49:41Z,false
REJ-20260924-1304,RAW-20260924-TRK-NB-07-01304,2026-09-24T12:40:43Z,81,57308400XXXX,TRK-NB-07,UNMAPPED_TRUNK,2026-09-24T12:57:43Z,false
REJ-20260924-1219,RAW-20260924-TRK-NB-07-01219,2026-09-24T12:41:15Z,115,57321140XXXX,TRK-NB-07,UNMAPPED_TRUNK,2026-09-24T12:58:15Z,false
REJ-20260924-1470,RAW-20260924-TRK-NB-07-01470,2026-09-24T12:44:56Z,28,57312774XXXX,TRK-NB-07,UNMAPPED_TRUNK,2026-09-24T13:01:56Z,false
REJ-20260924-1376,RAW-20260924-TRK-NB-07-01376,2026-09-24T12:51:07Z,31,57378691XXXX,TRK-NB-07,UNMAPPED_TRUNK,2026-09-24T13:08:07Z,false
REJ-20260924-1582,RAW-20260924-TRK-NB-07-01582,2026-09-24T12:59:59Z,5,57326162XXXX,TRK-NB-07,UNMAPPED_TRUNK,2026-09-24T13:16:59Z,false
REJ-20260924-1591,RAW-20260924-TRK-NB-07-01591,2026-09-24T13:01:13Z,29,57358835XXXX,TRK-NB-07,UNMAPPED_TRUNK,2026-09-24T13:18:13Z,false
REJ-20260924-1508,RAW-20260924-TRK-NB-07-01508,2026-09-24T13:05:41Z,47,57306704XXXX,TRK-NB-07,UNMAPPED_TRUNK,2026-09-24T13:22:41Z,false
REJ-20260924-1450,RAW-20260924-TRK-NB-07-01450,2026-09-24T13:07:57Z,10,57331656XXXX,TRK-NB-07,UNMAPPED_TRUNK,2026-09-24T13:24:57Z,false
REJ-20260924-1542,RAW-20260924-TRK-NB-07-01542,2026-09-24T13:08:22Z,165,57358669XXXX,TRK-NB-07,UNMAPPED_TRUNK,2026-09-24T13:25:22Z,false
REJ-20260924-1442,RAW-20260924-TRK-NB-07-01442,2026-09-24T13:10:59Z,13,57317880XXXX,TRK-NB-07,UNMAPPED_TRUNK,2026-09-24T13:27:59Z,false
REJ-20260924-1482,RAW-20260924-TRK-NB-07-01482,2026-09-24T13:14:30Z,1373,57316302XXXX,TRK-NB-07,UNMAPPED_TRUNK,2026-09-24T13:31:30Z,false
REJ-20260924-1465,RAW-20260924-TRK-NB-07-01465,2026-09-24T13:20:42Z,123,57378621XXXX,TRK-NB-07,UNMAPPED_TRUNK,2026-09-24T13:37:42Z,false
REJ-20260924-1205,RAW-20260924-TRK-NB-07-01205,2026-09-24T13:22:22Z,20,57317058XXXX,TRK-NB-07,UNMAPPED_TRUNK,2026-09-24T13:39:22Z,false
REJ-20260924-1574,RAW-20260924-TRK-NB-07-01574,2026-09-24T13:25:28Z,49,57313049XXXX,TRK-NB-07,UNMAPPED_TRUNK,2026-09-24T13:42:28Z,false
REJ-20260924-1241,RAW-20260924-TRK-NB-07-01241,2026-09-24T13:34:14Z,42,57327115XXXX,TRK-NB-07,UNMAPPED_TRUNK,2026-09-24T13:51:14Z,false
REJ-20260924-1504,RAW-20260924-TRK-NB-07-01504,2026-09-24T13:41:56Z,65,57361097XXXX,TRK-NB-07,UNMAPPED_TRUNK,2026-09-24T13:58:56Z,false
REJ-20260924-1343,RAW-20260924-TRK-NB-07-01343,2026-09-24T13:45:39Z,227,57349086XXXX,TRK-NB-07,UNMAPPED_TRUNK,2026-09-24T14:02:39Z,false
REJ-20260924-1401,RAW-20260924-TRK-NB-07-01401,2026-09-24T13:45:50Z,48,57302129XXXX,TRK-NB-07,UNMAPPED_TRUNK,2026-09-24T14:02:50Z,false
REJ-20260924-1540,RAW-20260924-TRK-NB-07-01540,2026-09-24T13:56:39Z,41,57378555XXXX,TRK-NB-07,UNMAPPED_TRUNK,2026-09-24T14:13:39Z,false
REJ-20260924-1267,RAW-20260924-TRK-NB-07-01267,2026-09-24T14:04:35Z,21,57387907XXXX,TRK-NB-07,UNMAPPED_TRUNK,2026-09-24T14:21:35Z,false
REJ-20260924-1373,RAW-20260924-TRK-NB-07-01373,2026-09-24T14:06:30Z,1,57374467XXXX,TRK-NB-07,UNMAPPED_TRUNK,2026-09-24T14:23:30Z,false
REJ-20260924-1530,RAW-20260924-TRK-NB-07-01530,2026-09-24T14:07:02Z,41,57382586XXXX,TRK-NB-07,UNMAPPED_TRUNK,2026-09-24T14:24:02Z,false
REJ-20260924-D020,RAW-20260924-TRK-NB-04-DUP020,2026-09-24T14:10:18Z,141,55119620XXXX,TRK-NB-04,DUPLICATE,2026-09-24T14:27:18Z,false
REJ-20260924-1377,RAW-20260924-TRK-NB-07-01377,2026-09-24T14:15:55Z,58,57319181XXXX,TRK-NB-07,UNMAPPED_TRUNK,2026-09-24T14:32:55Z,false
REJ-20260924-1468,RAW-20260924-TRK-NB-07-01468,2026-09-24T14:16:39Z,30,57389168XXXX,TRK-NB-07,UNMAPPED_TRUNK,2026-09-24T14:33:39Z,false
REJ-20260924-1473,RAW-20260924-TRK-NB-07-01473,2026-09-24T14:17:22Z,224,57347668XXXX,TRK-NB-07,UNMAPPED_TRUNK,2026-09-24T14:34:22Z,false
REJ-20260924-1203,RAW-20260924-TRK-NB-07-01203,2026-09-24T14:29:06Z,32,57336917XXXX,TRK-NB-07,UNMAPPED_TRUNK,2026-09-24T14:46:06Z,false
REJ-20260924-1424,RAW-20260924-TRK-NB-07-01424,2026-09-24T14:39:30Z,235,57341308XXXX,TRK-NB-07,UNMAPPED_TRUNK,2026-09-24T14:56:30Z,false
REJ-20260924-1405,RAW-20260924-TRK-NB-07-01405,2026-09-24T14:40:56Z,391,57381149XXXX,TRK-NB-07,UNMAPPED_TRUNK,2026-09-24T14:57:56Z,false
REJ-20260924-1279,RAW-20260924-TRK-NB-07-01279,2026-09-24T14:56:16Z,177,57350294XXXX,TRK-NB-07,UNMAPPED_TRUNK,2026-09-24T15:13:16Z,false
REJ-20260924-1378,RAW-20260924-TRK-NB-07-01378,2026-09-24T14:58:14Z,55,57328008XXXX,TRK-NB-07,UNMAPPED_TRUNK,2026-09-24T15:15:14Z,false
REJ-20260924-1478,RAW-20260924-TRK-NB-07-01478,2026-09-24T15:03:29Z,21,57365869XXXX,TRK-NB-07,UNMAPPED_TRUNK,2026-09-24T15:20:29Z,false
REJ-20260924-1288,RAW-20260924-TRK-NB-07-01288,2026-09-24T15:04:32Z,74,57399248XXXX,TRK-NB-07,UNMAPPED_TRUNK,2026-09-24T15:21:32Z,false
REJ-20260924-1553,RAW-20260924-TRK-NB-07-01553,2026-09-24T15:07:35Z,23,57302022XXXX,TRK-NB-07,UNMAPPED_TRUNK,2026-09-24T15:24:35Z,false
REJ-20260924-1386,RAW-20260924-TRK-NB-07-01386,2026-09-24T15:08:30Z,6,57310690XXXX,TRK-NB-07,UNMAPPED_TRUNK,2026-09-24T15:25:30Z,false
REJ-20260924-1325,RAW-20260924-TRK-NB-07-01325,2026-09-24T15:11:26Z,48,57322649XXXX,TRK-NB-07,UNMAPPED_TRUNK,2026-09-24T15:28:26Z,false
REJ-20260924-1526,RAW-20260924-TRK-NB-07-01526,2026-09-24T15:11:36Z,49,57341319XXXX,TRK-NB-07,UNMAPPED_TRUNK,2026-09-24T15:28:36Z,false
REJ-20260924-1440,RAW-20260924-TRK-NB-07-01440,2026-09-24T15:16:35Z,192,57316053XXXX,TRK-NB-07,UNMAPPED_TRUNK,2026-09-24T15:33:35Z,false
REJ-20260924-1599,RAW-20260924-TRK-NB-07-01599,2026-09-24T15:23:58Z,31,57349484XXXX,TRK-NB-07,UNMAPPED_TRUNK,2026-09-24T15:40:58Z,false
REJ-20260924-1353,RAW-20260924-TRK-NB-07-01353,2026-09-24T15:24:29Z,21,57376530XXXX,TRK-NB-07,UNMAPPED_TRUNK,2026-09-24T15:41:29Z,false
REJ-20260924-1327,RAW-20260924-TRK-NB-07-01327,2026-09-24T15:25:48Z,11,57324697XXXX,TRK-NB-07,UNMAPPED_TRUNK,2026-09-24T15:42:48Z,false
REJ-20260924-1535,RAW-20260924-TRK-NB-07-01535,2026-09-24T15:26:02Z,1,57375959XXXX,TRK-NB-07,UNMAPPED_TRUNK,2026-09-24T15:43:02Z,false
REJ-20260924-1300,RAW-20260924-TRK-NB-07-01300,2026-09-24T15:26:07Z,88,57338540XXXX,TRK-NB-07,UNMAPPED_TRUNK,2026-09-24T15:43:07Z,false
REJ-20260924-1213,RAW-20260924-TRK-NB-07-01213,2026-09-24T15:29:50Z,115,57305675XXXX,TRK-NB-07,UNMAPPED_TRUNK,2026-09-24T15:46:50Z,false
REJ-20260924-1312,RAW-20260924-TRK-NB-07-01312,2026-09-24T15:37:17Z,287,57392370XXXX,TRK-NB-07,UNMAPPED_TRUNK,2026-09-24T15:54:17Z,false
REJ-20260924-1538,RAW-20260924-TRK-NB-07-01538,2026-09-24T15:37:41Z,61,57392381XXXX,TRK-NB-07,UNMAPPED_TRUNK,2026-09-24T15:54:41Z,false
REJ-20260924-1463,RAW-20260924-TRK-NB-07-01463,2026-09-24T15:40:57Z,2,57301933XXXX,TRK-NB-07,UNMAPPED_TRUNK,2026-09-24T15:57:57Z,false
REJ-20260924-1225,RAW-20260924-TRK-NB-07-01225,2026-09-24T15:46:49Z,33,57344001XXXX,TRK-NB-07,UNMAPPED_TRUNK,2026-09-24T16:03:49Z,false
REJ-20260924-1345,RAW-20260924-TRK-NB-07-01345,2026-09-24T15:56:00Z,79,57365159XXXX,TRK-NB-07,UNMAPPED_TRUNK,2026-09-24T16:13:00Z,false
REJ-20260924-1455,RAW-20260924-TRK-NB-07-01455,2026-09-24T15:59:27Z,8,57332860XXXX,TRK-NB-07,UNMAPPED_TRUNK,2026-09-24T16:16:27Z,false
REJ-20260924-1527,RAW-20260924-TRK-NB-07-01527,2026-09-24T16:05:22Z,60,57347567XXXX,TRK-NB-07,UNMAPPED_TRUNK,2026-09-24T16:22:22Z,false
REJ-20260924-1306,RAW-20260924-TRK-NB-07-01306,2026-09-24T16:07:08Z,283,57328378XXXX,TRK-NB-07,UNMAPPED_TRUNK,2026-09-24T16:24:08Z,false
REJ-20260924-1318,RAW-20260924-TRK-NB-07-01318,2026-09-24T16:08:23Z,193,57345265XXXX,TRK-NB-07,UNMAPPED_TRUNK,2026-09-24T16:25:23Z,false
REJ-20260924-1513,RAW-20260924-TRK-NB-07-01513,2026-09-24T16:11:13Z,19,57381536XXXX,TRK-NB-07,UNMAPPED_TRUNK,2026-09-24T16:28:13Z,false
REJ-20260924-1503,RAW-20260924-TRK-NB-07-01503,2026-09-24T16:11:40Z,233,57358090XXXX,TRK-NB-07,UNMAPPED_TRUNK,2026-09-24T16:28:40Z,false
REJ-20260924-1262,RAW-20260924-TRK-NB-07-01262,2026-09-24T16:11:56Z,8,57347016XXXX,TRK-NB-07,UNMAPPED_TRUNK,2026-09-24T16:28:56Z,false
REJ-20260924-1224,RAW-20260924-TRK-NB-07-01224,2026-09-24T16:12:36Z,13,57344164XXXX,TRK-NB-07,UNMAPPED_TRUNK,2026-09-24T16:29:36Z,false
REJ-20260924-1584,RAW-20260924-TRK-NB-07-01584,2026-09-24T16:15:27Z,4,57342446XXXX,TRK-NB-07,UNMAPPED_TRUNK,2026-09-24T16:32:27Z,false
REJ-20260924-1496,RAW-20260924-TRK-NB-07-01496,2026-09-24T16:17:35Z,79,57325855XXXX,TRK-NB-07,UNMAPPED_TRUNK,2026-09-24T16:34:35Z,false
REJ-20260924-1282,RAW-20260924-TRK-NB-07-01282,2026-09-24T16:20:36Z,55,57333874XXXX,TRK-NB-07,UNMAPPED_TRUNK,2026-09-24T16:37:36Z,false
REJ-20260924-1590,RAW-20260924-TRK-NB-07-01590,2026-09-24T16:26:31Z,49,57358563XXXX,TRK-NB-07,UNMAPPED_TRUNK,2026-09-24T16:43:31Z,false
REJ-20260924-1486,RAW-20260924-TRK-NB-07-01486,2026-09-24T16:29:06Z,6,57352138XXXX,TRK-NB-07,UNMAPPED_TRUNK,2026-09-24T16:46:06Z,false
REJ-20260924-1359,RAW-20260924-TRK-NB-07-01359,2026-09-24T16:31:11Z,3,57349327XXXX,TRK-NB-07,UNMAPPED_TRUNK,2026-09-24T16:48:11Z,false
REJ-20260924-1216,RAW-20260924-TRK-NB-07-01216,2026-09-24T16:34:22Z,116,57317801XXXX,TRK-NB-07,UNMAPPED_TRUNK,2026-09-24T16:51:22Z,false
REJ-20260924-1336,RAW-20260924-TRK-NB-07-01336,2026-09-24T16:35:19Z,9,57340895XXXX,TRK-NB-07,UNMAPPED_TRUNK,2026-09-24T16:52:19Z,false
REJ-20260924-1280,RAW-20260924-TRK-NB-07-01280,2026-09-24T16:35:42Z,308,57354995XXXX,TRK-NB-07,UNMAPPED_TRUNK,2026-09-24T16:52:42Z,false
REJ-20260924-1337,RAW-20260924-TRK-NB-07-01337,2026-09-24T16:41:11Z,51,57340557XXXX,TRK-NB-07,UNMAPPED_TRUNK,2026-09-24T16:58:11Z,false
REJ-20260924-1573,RAW-20260924-TRK-NB-07-01573,2026-09-24T16:44:06Z,17,57341712XXXX,TRK-NB-07,UNMAPPED_TRUNK,2026-09-24T17:01:06Z,false
REJ-20260924-1531,RAW-20260924-TRK-NB-07-01531,2026-09-24T16:52:50Z,524,57334899XXXX,TRK-NB-07,UNMAPPED_TRUNK,2026-09-24T17:09:50Z,false
REJ-20260924-1260,RAW-20260924-TRK-NB-07-01260,2026-09-24T16:55:56Z,117,57327634XXXX,TRK-NB-07,UNMAPPED_TRUNK,2026-09-24T17:12:56Z,false
REJ-20260924-1379,RAW-20260924-TRK-NB-07-01379,2026-09-24T17:01:40Z,408,57389693XXXX,TRK-NB-07,UNMAPPED_TRUNK,2026-09-24T17:18:40Z,false
REJ-20260924-1593,RAW-20260924-TRK-NB-07-01593,2026-09-24T17:02:14Z,123,57325090XXXX,TRK-NB-07,UNMAPPED_TRUNK,2026-09-24T17:19:14Z,false
REJ-20260924-1484,RAW-20260924-TRK-NB-07-01484,2026-09-24T17:05:15Z,7,57394767XXXX,TRK-NB-07,UNMAPPED_TRUNK,2026-09-24T17:22:15Z,false
REJ-20260924-1287,RAW-20260924-TRK-NB-07-01287,2026-09-24T17:05:55Z,51,57389580XXXX,TRK-NB-07,UNMAPPED_TRUNK,2026-09-24T17:22:55Z,false
REJ-20260924-1568,RAW-20260924-TRK-NB-07-01568,2026-09-24T17:06:01Z,56,57308450XXXX,TRK-NB-07,UNMAPPED_TRUNK,2026-09-24T17:23:01Z,false
REJ-20260924-1323,RAW-20260924-TRK-NB-07-01323,2026-09-24T17:08:37Z,5,57337732XXXX,TRK-NB-07,UNMAPPED_TRUNK,2026-09-24T17:25:37Z,false
REJ-20260924-1561,RAW-20260924-TRK-NB-07-01561,2026-09-24T17:12:27Z,35,57388811XXXX,TRK-NB-07,UNMAPPED_TRUNK,2026-09-24T17:29:27Z,false
REJ-20260924-1420,RAW-20260924-TRK-NB-07-01420,2026-09-24T17:18:33Z,764,57348434XXXX,TRK-NB-07,UNMAPPED_TRUNK,2026-09-24T17:35:33Z,false
REJ-20260924-1548,RAW-20260924-TRK-NB-07-01548,2026-09-24T17:20:57Z,89,57381976XXXX,TRK-NB-07,UNMAPPED_TRUNK,2026-09-24T17:37:57Z,false
REJ-20260924-1550,RAW-20260924-TRK-NB-07-01550,2026-09-24T17:29:16Z,396,57359616XXXX,TRK-NB-07,UNMAPPED_TRUNK,2026-09-24T17:46:16Z,false
REJ-20260924-1228,RAW-20260924-TRK-NB-07-01228,2026-09-24T17:45:32Z,73,57334260XXXX,TRK-NB-07,UNMAPPED_TRUNK,2026-09-24T18:02:32Z,false
REJ-20260924-1272,RAW-20260924-TRK-NB-07-01272,2026-09-24T17:48:45Z,228,57312361XXXX,TRK-NB-07,UNMAPPED_TRUNK,2026-09-24T18:05:45Z,false
REJ-20260924-1217,RAW-20260924-TRK-NB-07-01217,2026-09-24T17:49:42Z,134,57321062XXXX,TRK-NB-07,UNMAPPED_TRUNK,2026-09-24T18:06:42Z,false
REJ-20260924-1404,RAW-20260924-TRK-NB-07-01404,2026-09-24T17:50:15Z,317,57385988XXXX,TRK-NB-07,UNMAPPED_TRUNK,2026-09-24T18:07:15Z,false
REJ-20260924-1419,RAW-20260924-TRK-NB-07-01419,2026-09-24T17:56:25Z,55,57387674XXXX,TRK-NB-07,UNMAPPED_TRUNK,2026-09-24T18:13:25Z,false
REJ-20260924-1418,RAW-20260924-TRK-NB-07-01418,2026-09-24T17:58:13Z,50,57307508XXXX,TRK-NB-07,UNMAPPED_TRUNK,2026-09-24T18:15:13Z,false
REJ-20260924-1536,RAW-20260924-TRK-NB-07-01536,2026-09-24T18:01:54Z,825,57352381XXXX,TRK-NB-07,UNMAPPED_TRUNK,2026-09-24T18:18:54Z,false
REJ-20260924-1446,RAW-20260924-TRK-NB-07-01446,2026-09-24T18:04:06Z,44,57368233XXXX,TRK-NB-07,UNMAPPED_TRUNK,2026-09-24T18:21:06Z,false
REJ-20260924-1520,RAW-20260924-TRK-NB-07-01520,2026-09-24T18:17:56Z,192,57344809XXXX,TRK-NB-07,UNMAPPED_TRUNK,2026-09-24T18:34:56Z,false
REJ-20260924-1491,RAW-20260924-TRK-NB-07-01491,2026-09-24T18:18:47Z,20,57354954XXXX,TRK-NB-07,UNMAPPED_TRUNK,2026-09-24T18:35:47Z,false
REJ-20260924-1399,RAW-20260924-TRK-NB-07-01399,2026-09-24T18:20:37Z,16,57329282XXXX,TRK-NB-07,UNMAPPED_TRUNK,2026-09-24T18:37:37Z,false
REJ-20260924-1524,RAW-20260924-TRK-NB-07-01524,2026-09-24T18:27:03Z,84,57340161XXXX,TRK-NB-07,UNMAPPED_TRUNK,2026-09-24T18:44:03Z,false
REJ-20260924-1396,RAW-20260924-TRK-NB-07-01396,2026-09-24T18:31:59Z,12,57348402XXXX,TRK-NB-07,UNMAPPED_TRUNK,2026-09-24T18:48:59Z,false
REJ-20260924-1385,RAW-20260924-TRK-NB-07-01385,2026-09-24T18:35:27Z,52,57325810XXXX,TRK-NB-07,UNMAPPED_TRUNK,2026-09-24T18:52:27Z,false
REJ-20260924-1382,RAW-20260924-TRK-NB-07-01382,2026-09-24T18:37:24Z,19,57362556XXXX,TRK-NB-07,UNMAPPED_TRUNK,2026-09-24T18:54:24Z,false
REJ-20260924-1436,RAW-20260924-TRK-NB-07-01436,2026-09-24T18:39:10Z,151,57375239XXXX,TRK-NB-07,UNMAPPED_TRUNK,2026-09-24T18:56:10Z,false
REJ-20260924-1407,RAW-20260924-TRK-NB-07-01407,2026-09-24T18:42:34Z,313,57359287XXXX,TRK-NB-07,UNMAPPED_TRUNK,2026-09-24T18:59:34Z,false
REJ-20260924-1372,RAW-20260924-TRK-NB-07-01372,2026-09-24T18:45:44Z,44,57362998XXXX,TRK-NB-07,UNMAPPED_TRUNK,2026-09-24T19:02:44Z,false
REJ-20260924-1541,RAW-20260924-TRK-NB-07-01541,2026-09-24T18:52:15Z,19,57332386XXXX,TRK-NB-07,UNMAPPED_TRUNK,2026-09-24T19:09:15Z,false
REJ-20260924-1227,RAW-20260924-TRK-NB-07-01227,2026-09-24T19:01:07Z,47,57357925XXXX,TRK-NB-07,UNMAPPED_TRUNK,2026-09-24T19:18:07Z,false
REJ-20260924-1485,RAW-20260924-TRK-NB-07-01485,2026-09-24T19:01:15Z,234,57354901XXXX,TRK-NB-07,UNMAPPED_TRUNK,2026-09-24T19:18:15Z,false
REJ-20260924-1502,RAW-20260924-TRK-NB-07-01502,2026-09-24T19:03:50Z,1517,57327792XXXX,TRK-NB-07,UNMAPPED_TRUNK,2026-09-24T19:20:50Z,false
REJ-20260924-1454,RAW-20260924-TRK-NB-07-01454,2026-09-24T19:05:05Z,183,57326607XXXX,TRK-NB-07,UNMAPPED_TRUNK,2026-09-24T19:22:05Z,false
REJ-20260924-1264,RAW-20260924-TRK-NB-07-01264,2026-09-24T19:05:51Z,49,57326195XXXX,TRK-NB-07,UNMAPPED_TRUNK,2026-09-24T19:22:51Z,false
REJ-20260924-1291,RAW-20260924-TRK-NB-07-01291,2026-09-24T19:08:43Z,224,57329452XXXX,TRK-NB-07,UNMAPPED_TRUNK,2026-09-24T19:25:43Z,false
REJ-20260924-1462,RAW-20260924-TRK-NB-07-01462,2026-09-24T19:12:19Z,336,57331292XXXX,TRK-NB-07,UNMAPPED_TRUNK,2026-09-24T19:29:19Z,false
REJ-20260924-1299,RAW-20260924-TRK-NB-07-01299,2026-09-24T19:13:02Z,284,57375445XXXX,TRK-NB-07,UNMAPPED_TRUNK,2026-09-24T19:30:02Z,false
REJ-20260924-1390,RAW-20260924-TRK-NB-07-01390,2026-09-24T19:15:37Z,267,57380209XXXX,TRK-NB-07,UNMAPPED_TRUNK,2026-09-24T19:32:37Z,false
REJ-20260924-1263,RAW-20260924-TRK-NB-07-01263,2026-09-24T19:16:32Z,386,57362202XXXX,TRK-NB-07,UNMAPPED_TRUNK,2026-09-24T19:33:32Z,false
REJ-20260924-1275,RAW-20260924-TRK-NB-07-01275,2026-09-24T19:23:47Z,252,57386860XXXX,TRK-NB-07,UNMAPPED_TRUNK,2026-09-24T19:40:47Z,false
REJ-20260924-1408,RAW-20260924-TRK-NB-07-01408,2026-09-24T19:25:36Z,653,57322954XXXX,TRK-NB-07,UNMAPPED_TRUNK,2026-09-24T19:42:36Z,false
REJ-20260924-1595,RAW-20260924-TRK-NB-07-01595,2026-09-24T19:26:09Z,116,57359311XXXX,TRK-NB-07,UNMAPPED_TRUNK,2026-09-24T19:43:09Z,false
REJ-20260924-1295,RAW-20260924-TRK-NB-07-01295,2026-09-24T19:28:13Z,107,57398081XXXX,TRK-NB-07,UNMAPPED_TRUNK,2026-09-24T19:45:13Z,false
REJ-20260924-1545,RAW-20260924-TRK-NB-07-01545,2026-09-24T19:31:52Z,314,57379974XXXX,TRK-NB-07,UNMAPPED_TRUNK,2026-09-24T19:48:52Z,false
REJ-20260924-1459,RAW-20260924-TRK-NB-07-01459,2026-09-24T19:32:06Z,185,57396160XXXX,TRK-NB-07,UNMAPPED_TRUNK,2026-09-24T19:49:06Z,false
REJ-20260924-1501,RAW-20260924-TRK-NB-07-01501,2026-09-24T19:38:50Z,680,57330274XXXX,TRK-NB-07,UNMAPPED_TRUNK,2026-09-24T19:55:50Z,false
REJ-20260924-1413,RAW-20260924-TRK-NB-07-01413,2026-09-24T19:39:29Z,162,57339592XXXX,TRK-NB-07,UNMAPPED_TRUNK,2026-09-24T19:56:29Z,false
REJ-20260924-1429,RAW-20260924-TRK-NB-07-01429,2026-09-24T19:46:25Z,58,57392997XXXX,TRK-NB-07,UNMAPPED_TRUNK,2026-09-24T20:03:25Z,false
REJ-20260924-1315,RAW-20260924-TRK-NB-07-01315,2026-09-24T19:48:11Z,165,57343153XXXX,TRK-NB-07,UNMAPPED_TRUNK,2026-09-24T20:05:11Z,false
REJ-20260924-1284,RAW-20260924-TRK-NB-07-01284,2026-09-24T19:49:06Z,34,57330746XXXX,TRK-NB-07,UNMAPPED_TRUNK,2026-09-24T20:06:06Z,false
REJ-20260924-1444,RAW-20260924-TRK-NB-07-01444,2026-09-24T20:05:51Z,90,57365909XXXX,TRK-NB-07,UNMAPPED_TRUNK,2026-09-24T20:22:51Z,false
REJ-20260924-1256,RAW-20260924-TRK-NB-07-01256,2026-09-24T20:12:58Z,590,57315527XXXX,TRK-NB-07,UNMAPPED_TRUNK,2026-09-24T20:29:58Z,false
REJ-20260924-1222,RAW-20260924-TRK-NB-07-01222,2026-09-24T20:13:03Z,46,57329771XXXX,TRK-NB-07,UNMAPPED_TRUNK,2026-09-24T20:30:03Z,false
REJ-20260924-1461,RAW-20260924-TRK-NB-07-01461,2026-09-24T20:14:17Z,573,57332429XXXX,TRK-NB-07,UNMAPPED_TRUNK,2026-09-24T20:31:17Z,false
REJ-20260924-1254,RAW-20260924-TRK-NB-07-01254,2026-09-24T20:14:56Z,450,57345051XXXX,TRK-NB-07,UNMAPPED_TRUNK,2026-09-24T20:31:56Z,false
REJ-20260924-1328,RAW-20260924-TRK-NB-07-01328,2026-09-24T20:15:44Z,9,57330318XXXX,TRK-NB-07,UNMAPPED_TRUNK,2026-09-24T20:32:44Z,false
REJ-20260924-1598,RAW-20260924-TRK-NB-07-01598,2026-09-24T20:17:37Z,156,57307305XXXX,TRK-NB-07,UNMAPPED_TRUNK,2026-09-24T20:34:37Z,false
REJ-20260924-1344,RAW-20260924-TRK-NB-07-01344,2026-09-24T20:25:46Z,47,57378258XXXX,TRK-NB-07,UNMAPPED_TRUNK,2026-09-24T20:42:46Z,false
REJ-20260924-1233,RAW-20260924-TRK-NB-07-01233,2026-09-24T20:32:34Z,323,57302360XXXX,TRK-NB-07,UNMAPPED_TRUNK,2026-09-24T20:49:34Z,false
REJ-20260924-1443,RAW-20260924-TRK-NB-07-01443,2026-09-24T20:33:11Z,45,57308126XXXX,TRK-NB-07,UNMAPPED_TRUNK,2026-09-24T20:50:11Z,false
REJ-20260924-1362,RAW-20260924-TRK-NB-07-01362,2026-09-24T20:34:13Z,81,57307993XXXX,TRK-NB-07,UNMAPPED_TRUNK,2026-09-24T20:51:13Z,false
REJ-20260924-1397,RAW-20260924-TRK-NB-07-01397,2026-09-24T20:35:23Z,44,57352237XXXX,TRK-NB-07,UNMAPPED_TRUNK,2026-09-24T20:52:23Z,false
REJ-20260924-1265,RAW-20260924-TRK-NB-07-01265,2026-09-24T20:45:19Z,104,57390437XXXX,TRK-NB-07,UNMAPPED_TRUNK,2026-09-24T21:02:19Z,false
REJ-20260924-1507,RAW-20260924-TRK-NB-07-01507,2026-09-24T20:46:07Z,95,57332168XXXX,TRK-NB-07,UNMAPPED_TRUNK,2026-09-24T21:03:07Z,false
REJ-20260924-1352,RAW-20260924-TRK-NB-07-01352,2026-09-24T20:49:39Z,2,57321528XXXX,TRK-NB-07,UNMAPPED_TRUNK,2026-09-24T21:06:39Z,false
REJ-20260924-1339,RAW-20260924-TRK-NB-07-01339,2026-09-24T20:50:54Z,68,57321794XXXX,TRK-NB-07,UNMAPPED_TRUNK,2026-09-24T21:07:54Z,false
REJ-20260924-1600,RAW-20260924-TRK-NB-07-01600,2026-09-24T20:53:23Z,160,57335629XXXX,TRK-NB-07,UNMAPPED_TRUNK,2026-09-24T21:10:23Z,false
REJ-20260924-1309,RAW-20260924-TRK-NB-07-01309,2026-09-24T20:53:33Z,71,57304854XXXX,TRK-NB-07,UNMAPPED_TRUNK,2026-09-24T21:10:33Z,false
REJ-20260924-1297,RAW-20260924-TRK-NB-07-01297,2026-09-24T21:01:05Z,180,57330479XXXX,TRK-NB-07,UNMAPPED_TRUNK,2026-09-24T21:18:05Z,false
REJ-20260924-1366,RAW-20260924-TRK-NB-07-01366,2026-09-24T21:06:45Z,12,57335145XXXX,TRK-NB-07,UNMAPPED_TRUNK,2026-09-24T21:23:45Z,false
REJ-20260924-1403,RAW-20260924-TRK-NB-07-01403,2026-09-24T21:14:27Z,48,57340202XXXX,TRK-NB-07,UNMAPPED_TRUNK,2026-09-24T21:31:27Z,false
REJ-20260924-1453,RAW-20260924-TRK-NB-07-01453,2026-09-24T21:17:38Z,19,57317217XXXX,TRK-NB-07,UNMAPPED_TRUNK,2026-09-24T21:34:38Z,false
REJ-20260924-1522,RAW-20260924-TRK-NB-07-01522,2026-09-24T21:27:28Z,105,57328046XXXX,TRK-NB-07,UNMAPPED_TRUNK,2026-09-24T21:44:28Z,false
REJ-20260924-1565,RAW-20260924-TRK-NB-07-01565,2026-09-24T21:32:09Z,43,57359530XXXX,TRK-NB-07,UNMAPPED_TRUNK,2026-09-24T21:49:09Z,false
REJ-20260924-1277,RAW-20260924-TRK-NB-07-01277,2026-09-24T21:32:31Z,2,57310327XXXX,TRK-NB-07,UNMAPPED_TRUNK,2026-09-24T21:49:31Z,false
REJ-20260924-1451,RAW-20260924-TRK-NB-07-01451,2026-09-24T21:37:52Z,525,57311806XXXX,TRK-NB-07,UNMAPPED_TRUNK,2026-09-24T21:54:52Z,false
REJ-20260924-1215,RAW-20260924-TRK-NB-07-01215,2026-09-24T21:45:30Z,30,57349339XXXX,TRK-NB-07,UNMAPPED_TRUNK,2026-09-24T22:02:30Z,false
REJ-20260924-1248,RAW-20260924-TRK-NB-07-01248,2026-09-24T21:46:44Z,51,57367024XXXX,TRK-NB-07,UNMAPPED_TRUNK,2026-09-24T22:03:44Z,false
REJ-20260924-1363,RAW-20260924-TRK-NB-07-01363,2026-09-24T22:04:53Z,138,57343416XXXX,TRK-NB-07,UNMAPPED_TRUNK,2026-09-24T22:21:53Z,false
REJ-20260924-1570,RAW-20260924-TRK-NB-07-01570,2026-09-24T22:10:27Z,1,57314967XXXX,TRK-NB-07,UNMAPPED_TRUNK,2026-09-24T22:27:27Z,false
REJ-20260924-1226,RAW-20260924-TRK-NB-07-01226,2026-09-24T22:10:41Z,165,57330218XXXX,TRK-NB-07,UNMAPPED_TRUNK,2026-09-24T22:27:41Z,false
REJ-20260924-1281,RAW-20260924-TRK-NB-07-01281,2026-09-24T22:14:28Z,45,57378156XXXX,TRK-NB-07,UNMAPPED_TRUNK,2026-09-24T22:31:28Z,false
REJ-20260924-1232,RAW-20260924-TRK-NB-07-01232,2026-09-24T22:15:10Z,140,57330033XXXX,TRK-NB-07,UNMAPPED_TRUNK,2026-09-24T22:32:10Z,false
REJ-20260924-1206,RAW-20260924-TRK-NB-07-01206,2026-09-24T22:21:21Z,24,57300204XXXX,TRK-NB-07,UNMAPPED_TRUNK,2026-09-24T22:38:21Z,false
REJ-20260924-1361,RAW-20260924-TRK-NB-07-01361,2026-09-24T22:26:13Z,30,57383683XXXX,TRK-NB-07,UNMAPPED_TRUNK,2026-09-24T22:43:13Z,false
REJ-20260924-1261,RAW-20260924-TRK-NB-07-01261,2026-09-24T22:28:11Z,101,57320673XXXX,TRK-NB-07,UNMAPPED_TRUNK,2026-09-24T22:45:11Z,false
REJ-20260924-1266,RAW-20260924-TRK-NB-07-01266,2026-09-24T22:31:03Z,50,57393063XXXX,TRK-NB-07,UNMAPPED_TRUNK,2026-09-24T22:48:03Z,false
REJ-20260924-1559,RAW-20260924-TRK-NB-07-01559,2026-09-24T22:34:44Z,30,57391032XXXX,TRK-NB-07,UNMAPPED_TRUNK,2026-09-24T22:51:44Z,false
REJ-20260924-1532,RAW-20260924-TRK-NB-07-01532,2026-09-24T22:35:09Z,111,57393755XXXX,TRK-NB-07,UNMAPPED_TRUNK,2026-09-24T22:52:09Z,false
REJ-20260924-1564,RAW-20260924-TRK-NB-07-01564,2026-09-24T22:38:35Z,43,57384876XXXX,TRK-NB-07,UNMAPPED_TRUNK,2026-09-24T22:55:35Z,false
REJ-20260924-1374,RAW-20260924-TRK-NB-07-01374,2026-09-24T22:41:10Z,49,57354554XXXX,TRK-NB-07,UNMAPPED_TRUNK,2026-09-24T22:58:10Z,false
REJ-20260924-1296,RAW-20260924-TRK-NB-07-01296,2026-09-24T22:41:36Z,15,57305347XXXX,TRK-NB-07,UNMAPPED_TRUNK,2026-09-24T22:58:36Z,false
REJ-20260924-1547,RAW-20260924-TRK-NB-07-01547,2026-09-24T22:44:06Z,528,57318895XXXX,TRK-NB-07,UNMAPPED_TRUNK,2026-09-24T23:01:06Z,false
REJ-20260924-1467,RAW-20260924-TRK-NB-07-01467,2026-09-24T22:45:35Z,319,57378662XXXX,TRK-NB-07,UNMAPPED_TRUNK,2026-09-24T23:02:35Z,false
REJ-20260924-1308,RAW-20260924-TRK-NB-07-01308,2026-09-24T22:45:42Z,287,57387594XXXX,TRK-NB-07,UNMAPPED_TRUNK,2026-09-24T23:02:42Z,false
REJ-20260924-1576,RAW-20260924-TRK-NB-07-01576,2026-09-24T22:47:22Z,47,57340187XXXX,TRK-NB-07,UNMAPPED_TRUNK,2026-09-24T23:04:22Z,false
REJ-20260924-1544,RAW-20260924-TRK-NB-07-01544,2026-09-24T22:50:00Z,124,57388750XXXX,TRK-NB-07,UNMAPPED_TRUNK,2026-09-24T23:07:00Z,false
REJ-20260924-1255,RAW-20260924-TRK-NB-07-01255,2026-09-24T23:00:15Z,301,57370614XXXX,TRK-NB-07,UNMAPPED_TRUNK,2026-09-24T23:17:15Z,false
REJ-20260924-1471,RAW-20260924-TRK-NB-07-01471,2026-09-24T23:05:50Z,224,57353467XXXX,TRK-NB-07,UNMAPPED_TRUNK,2026-09-24T23:22:50Z,false
REJ-20260924-1529,RAW-20260924-TRK-NB-07-01529,2026-09-24T23:18:25Z,49,57353659XXXX,TRK-NB-07,UNMAPPED_TRUNK,2026-09-24T23:35:25Z,false
REJ-20260924-1475,RAW-20260924-TRK-NB-07-01475,2026-09-24T23:20:30Z,485,57320278XXXX,TRK-NB-07,UNMAPPED_TRUNK,2026-09-24T23:37:30Z,false
REJ-20260924-1310,RAW-20260924-TRK-NB-07-01310,2026-09-24T23:24:22Z,1,57357656XXXX,TRK-NB-07,UNMAPPED_TRUNK,2026-09-24T23:41:22Z,false
REJ-20260924-1466,RAW-20260924-TRK-NB-07-01466,2026-09-24T23:26:36Z,52,57369338XXXX,TRK-NB-07,UNMAPPED_TRUNK,2026-09-24T23:43:36Z,false
REJ-20260924-1294,RAW-20260924-TRK-NB-07-01294,2026-09-24T23:26:38Z,29,57373630XXXX,TRK-NB-07,UNMAPPED_TRUNK,2026-09-24T23:43:38Z,false
REJ-20260924-1448,RAW-20260924-TRK-NB-07-01448,2026-09-24T23:29:29Z,157,57344932XXXX,TRK-NB-07,UNMAPPED_TRUNK,2026-09-24T23:46:29Z,false
REJ-20260924-1237,RAW-20260924-TRK-NB-07-01237,2026-09-24T23:30:31Z,17,57346158XXXX,TRK-NB-07,UNMAPPED_TRUNK,2026-09-24T23:47:31Z,false
REJ-20260924-1447,RAW-20260924-TRK-NB-07-01447,2026-09-24T23:42:01Z,384,57353459XXXX,TRK-NB-07,UNMAPPED_TRUNK,2026-09-24T23:59:01Z,false
REJ-20260924-1349,RAW-20260924-TRK-NB-07-01349,2026-09-24T23:42:03Z,45,57308486XXXX,TRK-NB-07,UNMAPPED_TRUNK,2026-09-24T23:59:03Z,false
REJ-20260924-1460,RAW-20260924-TRK-NB-07-01460,2026-09-24T23:43:30Z,118,57340592XXXX,TRK-NB-07,UNMAPPED_TRUNK,2026-09-25T00:00:30Z,false
REJ-20260925-1874,RAW-20260925-TRK-NB-07-01874,2026-09-25T00:01:20Z,16,57386930XXXX,TRK-NB-07,UNMAPPED_TRUNK,2026-09-25T00:18:20Z,false
REJ-20260925-1641,RAW-20260925-TRK-NB-07-01641,2026-09-25T00:03:41Z,191,57300914XXXX,TRK-NB-07,UNMAPPED_TRUNK,2026-09-25T00:20:41Z,false
REJ-20260925-1963,RAW-20260925-TRK-NB-07-01963,2026-09-25T00:06:52Z,59,57382285XXXX,TRK-NB-07,UNMAPPED_TRUNK,2026-09-25T00:23:52Z,false
REJ-20260925-1834,RAW-20260925-TRK-NB-07-01834,2026-09-25T00:13:04Z,530,57366397XXXX,TRK-NB-07,UNMAPPED_TRUNK,2026-09-25T00:30:04Z,false
REJ-20260925-1906,RAW-20260925-TRK-NB-07-01906,2026-09-25T00:26:10Z,182,57328003XXXX,TRK-NB-07,UNMAPPED_TRUNK,2026-09-25T00:43:10Z,false
REJ-20260925-1774,RAW-20260925-TRK-NB-07-01774,2026-09-25T00:31:22Z,681,57370839XXXX,TRK-NB-07,UNMAPPED_TRUNK,2026-09-25T00:48:22Z,false
REJ-20260925-1731,RAW-20260925-TRK-NB-07-01731,2026-09-25T00:32:24Z,106,57304000XXXX,TRK-NB-07,UNMAPPED_TRUNK,2026-09-25T00:49:24Z,false
REJ-20260925-2000,RAW-20260925-TRK-NB-07-02000,2026-09-25T00:32:53Z,56,57369944XXXX,TRK-NB-07,UNMAPPED_TRUNK,2026-09-25T00:49:53Z,false
REJ-20260925-1804,RAW-20260925-TRK-NB-07-01804,2026-09-25T00:35:13Z,77,57346885XXXX,TRK-NB-07,UNMAPPED_TRUNK,2026-09-25T00:52:13Z,false
REJ-20260925-1833,RAW-20260925-TRK-NB-07-01833,2026-09-25T00:36:17Z,10,57328826XXXX,TRK-NB-07,UNMAPPED_TRUNK,2026-09-25T00:53:17Z,false
REJ-20260925-1993,RAW-20260925-TRK-NB-07-01993,2026-09-25T00:50:04Z,32,57362715XXXX,TRK-NB-07,UNMAPPED_TRUNK,2026-09-25T01:07:04Z,false
REJ-20260925-1605,RAW-20260925-TRK-NB-07-01605,2026-09-25T00:53:34Z,78,57307680XXXX,TRK-NB-07,UNMAPPED_TRUNK,2026-09-25T01:10:34Z,false
REJ-20260925-1617,RAW-20260925-TRK-NB-07-01617,2026-09-25T00:56:52Z,86,57399268XXXX,TRK-NB-07,UNMAPPED_TRUNK,2026-09-25T01:13:52Z,false
REJ-20260925-1796,RAW-20260925-TRK-NB-07-01796,2026-09-25T00:59:33Z,68,57356358XXXX,TRK-NB-07,UNMAPPED_TRUNK,2026-09-25T01:16:33Z,false
REJ-20260925-1869,RAW-20260925-TRK-NB-07-01869,2026-09-25T01:01:56Z,97,57387255XXXX,TRK-NB-07,UNMAPPED_TRUNK,2026-09-25T01:18:56Z,false
REJ-20260925-1986,RAW-20260925-TRK-NB-07-01986,2026-09-25T01:03:06Z,29,57369876XXXX,TRK-NB-07,UNMAPPED_TRUNK,2026-09-25T01:20:06Z,false
REJ-20260925-1840,RAW-20260925-TRK-NB-07-01840,2026-09-25T01:03:34Z,80,57331629XXXX,TRK-NB-07,UNMAPPED_TRUNK,2026-09-25T01:20:34Z,false
REJ-20260925-1998,RAW-20260925-TRK-NB-07-01998,2026-09-25T01:08:44Z,132,57302065XXXX,TRK-NB-07,UNMAPPED_TRUNK,2026-09-25T01:25:44Z,false
REJ-20260925-1616,RAW-20260925-TRK-NB-07-01616,2026-09-25T01:13:42Z,163,57323665XXXX,TRK-NB-07,UNMAPPED_TRUNK,2026-09-25T01:30:42Z,false
REJ-20260925-1975,RAW-20260925-TRK-NB-07-01975,2026-09-25T01:13:42Z,59,57302150XXXX,TRK-NB-07,UNMAPPED_TRUNK,2026-09-25T01:30:42Z,false
REJ-20260925-1634,RAW-20260925-TRK-NB-07-01634,2026-09-25T01:19:01Z,439,57348115XXXX,TRK-NB-07,UNMAPPED_TRUNK,2026-09-25T01:36:01Z,false
REJ-20260925-1950,RAW-20260925-TRK-NB-07-01950,2026-09-25T01:21:21Z,148,57338295XXXX,TRK-NB-07,UNMAPPED_TRUNK,2026-09-25T01:38:21Z,false
REJ-20260925-1948,RAW-20260925-TRK-NB-07-01948,2026-09-25T01:21:32Z,245,57324616XXXX,TRK-NB-07,UNMAPPED_TRUNK,2026-09-25T01:38:32Z,false
REJ-20260925-1665,RAW-20260925-TRK-NB-07-01665,2026-09-25T01:29:35Z,429,57315602XXXX,TRK-NB-07,UNMAPPED_TRUNK,2026-09-25T01:46:35Z,false
REJ-20260925-1635,RAW-20260925-TRK-NB-07-01635,2026-09-25T01:37:59Z,804,57351631XXXX,TRK-NB-07,UNMAPPED_TRUNK,2026-09-25T01:54:59Z,false
REJ-20260925-1882,RAW-20260925-TRK-NB-07-01882,2026-09-25T01:40:34Z,3,57385278XXXX,TRK-NB-07,UNMAPPED_TRUNK,2026-09-25T01:57:34Z,false
REJ-20260925-1705,RAW-20260925-TRK-NB-07-01705,2026-09-25T01:41:48Z,463,57352724XXXX,TRK-NB-07,UNMAPPED_TRUNK,2026-09-25T01:58:48Z,false
REJ-20260925-1689,RAW-20260925-TRK-NB-07-01689,2026-09-25T01:44:34Z,106,57370282XXXX,TRK-NB-07,UNMAPPED_TRUNK,2026-09-25T02:01:34Z,false
REJ-20260925-1726,RAW-20260925-TRK-NB-07-01726,2026-09-25T01:44:34Z,150,57344875XXXX,TRK-NB-07,UNMAPPED_TRUNK,2026-09-25T02:01:34Z,false
REJ-20260925-1757,RAW-20260925-TRK-NB-07-01757,2026-09-25T01:48:55Z,269,57390398XXXX,TRK-NB-07,UNMAPPED_TRUNK,2026-09-25T02:05:55Z,false
REJ-20260925-1893,RAW-20260925-TRK-NB-07-01893,2026-09-25T01:49:11Z,56,57348326XXXX,TRK-NB-07,UNMAPPED_TRUNK,2026-09-25T02:06:11Z,false
REJ-20260925-1924,RAW-20260925-TRK-NB-07-01924,2026-09-25T01:49:23Z,229,57387197XXXX,TRK-NB-07,UNMAPPED_TRUNK,2026-09-25T02:06:23Z,false
REJ-20260925-1614,RAW-20260925-TRK-NB-07-01614,2026-09-25T01:52:16Z,24,57329369XXXX,TRK-NB-07,UNMAPPED_TRUNK,2026-09-25T02:09:16Z,false
REJ-20260925-1740,RAW-20260925-TRK-NB-07-01740,2026-09-25T01:55:42Z,31,57391844XXXX,TRK-NB-07,UNMAPPED_TRUNK,2026-09-25T02:12:42Z,false
REJ-20260925-1849,RAW-20260925-TRK-NB-07-01849,2026-09-25T01:56:08Z,49,57332819XXXX,TRK-NB-07,UNMAPPED_TRUNK,2026-09-25T02:13:08Z,false
REJ-20260925-1931,RAW-20260925-TRK-NB-07-01931,2026-09-25T01:57:29Z,4,57382309XXXX,TRK-NB-07,UNMAPPED_TRUNK,2026-09-25T02:14:29Z,false
REJ-20260925-1715,RAW-20260925-TRK-NB-07-01715,2026-09-25T02:01:10Z,78,57317923XXXX,TRK-NB-07,UNMAPPED_TRUNK,2026-09-25T02:18:10Z,false
REJ-20260925-1612,RAW-20260925-TRK-NB-07-01612,2026-09-25T02:01:55Z,308,57379044XXXX,TRK-NB-07,UNMAPPED_TRUNK,2026-09-25T02:18:55Z,false
REJ-20260925-1671,RAW-20260925-TRK-NB-07-01671,2026-09-25T02:11:26Z,75,57371343XXXX,TRK-NB-07,UNMAPPED_TRUNK,2026-09-25T02:28:26Z,false
REJ-20260925-1704,RAW-20260925-TRK-NB-07-01704,2026-09-25T02:13:01Z,275,57370943XXXX,TRK-NB-07,UNMAPPED_TRUNK,2026-09-25T02:30:01Z,false
REJ-20260925-1989,RAW-20260925-TRK-NB-07-01989,2026-09-25T02:19:59Z,77,57331419XXXX,TRK-NB-07,UNMAPPED_TRUNK,2026-09-25T02:36:59Z,false
REJ-20260925-1934,RAW-20260925-TRK-NB-07-01934,2026-09-25T02:20:21Z,226,57393876XXXX,TRK-NB-07,UNMAPPED_TRUNK,2026-09-25T02:37:21Z,false
REJ-20260925-1728,RAW-20260925-TRK-NB-07-01728,2026-09-25T02:26:11Z,22,57399073XXXX,TRK-NB-07,UNMAPPED_TRUNK,2026-09-25T02:43:11Z,false
REJ-20260925-1966,RAW-20260925-TRK-NB-07-01966,2026-09-25T02:26:35Z,460,57369620XXXX,TRK-NB-07,UNMAPPED_TRUNK,2026-09-25T02:43:35Z,false
REJ-20260925-1806,RAW-20260925-TRK-NB-07-01806,2026-09-25T02:26:56Z,114,57321167XXXX,TRK-NB-07,UNMAPPED_TRUNK,2026-09-25T02:43:56Z,false
REJ-20260925-1780,RAW-20260925-TRK-NB-07-01780,2026-09-25T02:33:28Z,509,57373987XXXX,TRK-NB-07,UNMAPPED_TRUNK,2026-09-25T02:50:28Z,false
REJ-20260925-1865,RAW-20260925-TRK-NB-07-01865,2026-09-25T02:36:33Z,15,57333267XXXX,TRK-NB-07,UNMAPPED_TRUNK,2026-09-25T02:53:33Z,false
REJ-20260925-1936,RAW-20260925-TRK-NB-07-01936,2026-09-25T02:38:16Z,153,57390507XXXX,TRK-NB-07,UNMAPPED_TRUNK,2026-09-25T02:55:16Z,false
REJ-20260925-1822,RAW-20260925-TRK-NB-07-01822,2026-09-25T02:42:21Z,41,57385555XXXX,TRK-NB-07,UNMAPPED_TRUNK,2026-09-25T02:59:21Z,false
REJ-20260925-1703,RAW-20260925-TRK-NB-07-01703,2026-09-25T02:47:54Z,76,57379751XXXX,TRK-NB-07,UNMAPPED_TRUNK,2026-09-25T03:04:54Z,false
REJ-20260925-1688,RAW-20260925-TRK-NB-07-01688,2026-09-25T02:48:42Z,227,57364643XXXX,TRK-NB-07,UNMAPPED_TRUNK,2026-09-25T03:05:42Z,false
REJ-20260925-1987,RAW-20260925-TRK-NB-07-01987,2026-09-25T02:58:21Z,3,57371009XXXX,TRK-NB-07,UNMAPPED_TRUNK,2026-09-25T03:15:21Z,false
REJ-20260925-1676,RAW-20260925-TRK-NB-07-01676,2026-09-25T02:58:28Z,64,57359285XXXX,TRK-NB-07,UNMAPPED_TRUNK,2026-09-25T03:15:28Z,false
REJ-20260925-1814,RAW-20260925-TRK-NB-07-01814,2026-09-25T02:58:30Z,22,57361883XXXX,TRK-NB-07,UNMAPPED_TRUNK,2026-09-25T03:15:30Z,false
REJ-20260925-1633,RAW-20260925-TRK-NB-07-01633,2026-09-25T03:05:55Z,59,57364951XXXX,TRK-NB-07,UNMAPPED_TRUNK,2026-09-25T03:22:55Z,false
REJ-20260925-1687,RAW-20260925-TRK-NB-07-01687,2026-09-25T03:10:46Z,15,57355586XXXX,TRK-NB-07,UNMAPPED_TRUNK,2026-09-25T03:27:46Z,false
REJ-20260925-1714,RAW-20260925-TRK-NB-07-01714,2026-09-25T03:11:44Z,47,57301823XXXX,TRK-NB-07,UNMAPPED_TRUNK,2026-09-25T03:28:44Z,false
REJ-20260925-1943,RAW-20260925-TRK-NB-07-01943,2026-09-25T03:12:50Z,28,57336082XXXX,TRK-NB-07,UNMAPPED_TRUNK,2026-09-25T03:29:50Z,false
REJ-20260925-1664,RAW-20260925-TRK-NB-07-01664,2026-09-25T03:18:24Z,107,57324902XXXX,TRK-NB-07,UNMAPPED_TRUNK,2026-09-25T03:35:24Z,false
REJ-20260925-1939,RAW-20260925-TRK-NB-07-01939,2026-09-25T03:20:19Z,193,57355785XXXX,TRK-NB-07,UNMAPPED_TRUNK,2026-09-25T03:37:19Z,false
REJ-20260925-1763,RAW-20260925-TRK-NB-07-01763,2026-09-25T03:25:51Z,663,57369024XXXX,TRK-NB-07,UNMAPPED_TRUNK,2026-09-25T03:42:51Z,false
REJ-20260925-1964,RAW-20260925-TRK-NB-07-01964,2026-09-25T03:37:07Z,193,57371166XXXX,TRK-NB-07,UNMAPPED_TRUNK,2026-09-25T03:54:07Z,false
REJ-20260925-1708,RAW-20260925-TRK-NB-07-01708,2026-09-25T03:37:44Z,31,57336615XXXX,TRK-NB-07,UNMAPPED_TRUNK,2026-09-25T03:54:44Z,false
REJ-20260925-1798,RAW-20260925-TRK-NB-07-01798,2026-09-25T03:39:05Z,1086,57355774XXXX,TRK-NB-07,UNMAPPED_TRUNK,2026-09-25T03:56:05Z,false
REJ-20260925-1719,RAW-20260925-TRK-NB-07-01719,2026-09-25T03:45:11Z,32,57376737XXXX,TRK-NB-07,UNMAPPED_TRUNK,2026-09-25T04:02:11Z,false
REJ-20260925-1977,RAW-20260925-TRK-NB-07-01977,2026-09-25T03:45:11Z,48,57350867XXXX,TRK-NB-07,UNMAPPED_TRUNK,2026-09-25T04:02:11Z,false
REJ-20260925-1779,RAW-20260925-TRK-NB-07-01779,2026-09-25T03:47:05Z,13,57318629XXXX,TRK-NB-07,UNMAPPED_TRUNK,2026-09-25T04:04:05Z,false
REJ-20260925-1694,RAW-20260925-TRK-NB-07-01694,2026-09-25T03:48:36Z,58,57396268XXXX,TRK-NB-07,UNMAPPED_TRUNK,2026-09-25T04:05:36Z,false
REJ-20260925-1787,RAW-20260925-TRK-NB-07-01787,2026-09-25T03:54:50Z,2,57394314XXXX,TRK-NB-07,UNMAPPED_TRUNK,2026-09-25T04:11:50Z,false
REJ-20260925-1672,RAW-20260925-TRK-NB-07-01672,2026-09-25T03:56:31Z,195,57306055XXXX,TRK-NB-07,UNMAPPED_TRUNK,2026-09-25T04:13:31Z,false
REJ-20260925-1772,RAW-20260925-TRK-NB-07-01772,2026-09-25T03:56:49Z,28,57331300XXXX,TRK-NB-07,UNMAPPED_TRUNK,2026-09-25T04:13:49Z,false
REJ-20260925-1941,RAW-20260925-TRK-NB-07-01941,2026-09-25T03:57:16Z,333,57344587XXXX,TRK-NB-07,UNMAPPED_TRUNK,2026-09-25T04:14:16Z,false
REJ-20260925-1764,RAW-20260925-TRK-NB-07-01764,2026-09-25T03:59:04Z,387,57319403XXXX,TRK-NB-07,UNMAPPED_TRUNK,2026-09-25T04:16:04Z,false
REJ-20260925-1842,RAW-20260925-TRK-NB-07-01842,2026-09-25T04:02:39Z,27,57396068XXXX,TRK-NB-07,UNMAPPED_TRUNK,2026-09-25T04:19:39Z,false
REJ-20260925-1889,RAW-20260925-TRK-NB-07-01889,2026-09-25T04:06:52Z,39,57387066XXXX,TRK-NB-07,UNMAPPED_TRUNK,2026-09-25T04:23:52Z,false
REJ-20260925-1771,RAW-20260925-TRK-NB-07-01771,2026-09-25T04:08:19Z,21,57373229XXXX,TRK-NB-07,UNMAPPED_TRUNK,2026-09-25T04:25:19Z,false
REJ-20260925-1866,RAW-20260925-TRK-NB-07-01866,2026-09-25T04:08:43Z,274,57362293XXXX,TRK-NB-07,UNMAPPED_TRUNK,2026-09-25T04:25:43Z,false
REJ-20260925-1844,RAW-20260925-TRK-NB-07-01844,2026-09-25T04:13:08Z,10,57352573XXXX,TRK-NB-07,UNMAPPED_TRUNK,2026-09-25T04:30:08Z,false
REJ-20260925-1903,RAW-20260925-TRK-NB-07-01903,2026-09-25T04:14:59Z,44,57353124XXXX,TRK-NB-07,UNMAPPED_TRUNK,2026-09-25T04:31:59Z,false
REJ-20260925-1647,RAW-20260925-TRK-NB-07-01647,2026-09-25T04:22:06Z,21,57327746XXXX,TRK-NB-07,UNMAPPED_TRUNK,2026-09-25T04:39:06Z,false
REJ-20260925-1962,RAW-20260925-TRK-NB-07-01962,2026-09-25T04:25:09Z,6,57373065XXXX,TRK-NB-07,UNMAPPED_TRUNK,2026-09-25T04:42:09Z,false
REJ-20260925-1801,RAW-20260925-TRK-NB-07-01801,2026-09-25T04:25:30Z,1,57393398XXXX,TRK-NB-07,UNMAPPED_TRUNK,2026-09-25T04:42:30Z,false
REJ-20260925-1741,RAW-20260925-TRK-NB-07-01741,2026-09-25T04:32:22Z,660,57378029XXXX,TRK-NB-07,UNMAPPED_TRUNK,2026-09-25T04:49:22Z,false
REJ-20260925-1762,RAW-20260925-TRK-NB-07-01762,2026-09-25T04:46:37Z,25,57368437XXXX,TRK-NB-07,UNMAPPED_TRUNK,2026-09-25T05:03:37Z,false
REJ-20260925-1909,RAW-20260925-TRK-NB-07-01909,2026-09-25T04:46:40Z,120,57326249XXXX,TRK-NB-07,UNMAPPED_TRUNK,2026-09-25T05:03:40Z,false
REJ-20260925-1750,RAW-20260925-TRK-NB-07-01750,2026-09-25T04:53:31Z,14,57373835XXXX,TRK-NB-07,UNMAPPED_TRUNK,2026-09-25T05:10:31Z,false
REJ-20260925-1922,RAW-20260925-TRK-NB-07-01922,2026-09-25T05:01:42Z,302,57369164XXXX,TRK-NB-07,UNMAPPED_TRUNK,2026-09-25T05:18:42Z,false
REJ-20260925-1927,RAW-20260925-TRK-NB-07-01927,2026-09-25T05:06:17Z,645,57312497XXXX,TRK-NB-07,UNMAPPED_TRUNK,2026-09-25T05:23:17Z,false
REJ-20260925-1908,RAW-20260925-TRK-NB-07-01908,2026-09-25T05:09:27Z,148,57366519XXXX,TRK-NB-07,UNMAPPED_TRUNK,2026-09-25T05:26:27Z,false
REJ-20260925-1952,RAW-20260925-TRK-NB-07-01952,2026-09-25T05:21:05Z,125,57302112XXXX,TRK-NB-07,UNMAPPED_TRUNK,2026-09-25T05:38:05Z,false
REJ-20260925-1900,RAW-20260925-TRK-NB-07-01900,2026-09-25T05:21:44Z,42,57356839XXXX,TRK-NB-07,UNMAPPED_TRUNK,2026-09-25T05:38:44Z,false
REJ-20260925-1999,RAW-20260925-TRK-NB-07-01999,2026-09-25T05:23:27Z,213,57385529XXXX,TRK-NB-07,UNMAPPED_TRUNK,2026-09-25T05:40:27Z,false
REJ-20260925-1800,RAW-20260925-TRK-NB-07-01800,2026-09-25T05:23:44Z,60,57373206XXXX,TRK-NB-07,UNMAPPED_TRUNK,2026-09-25T05:40:44Z,false
REJ-20260925-1967,RAW-20260925-TRK-NB-07-01967,2026-09-25T05:34:06Z,590,57329552XXXX,TRK-NB-07,UNMAPPED_TRUNK,2026-09-25T05:51:06Z,false
REJ-20260925-1623,RAW-20260925-TRK-NB-07-01623,2026-09-25T05:45:04Z,101,57382459XXXX,TRK-NB-07,UNMAPPED_TRUNK,2026-09-25T06:02:04Z,false
REJ-20260925-1923,RAW-20260925-TRK-NB-07-01923,2026-09-25T05:47:25Z,113,57316749XXXX,TRK-NB-07,UNMAPPED_TRUNK,2026-09-25T06:04:25Z,false
REJ-20260925-1904,RAW-20260925-TRK-NB-07-01904,2026-09-25T05:47:44Z,135,57311623XXXX,TRK-NB-07,UNMAPPED_TRUNK,2026-09-25T06:04:44Z,false
REJ-20260925-1945,RAW-20260925-TRK-NB-07-01945,2026-09-25T05:48:36Z,13,57381611XXXX,TRK-NB-07,UNMAPPED_TRUNK,2026-09-25T06:05:36Z,false
REJ-20260925-1843,RAW-20260925-TRK-NB-07-01843,2026-09-25T06:00:11Z,56,57314351XXXX,TRK-NB-07,UNMAPPED_TRUNK,2026-09-25T06:17:11Z,false
REJ-20260925-1838,RAW-20260925-TRK-NB-07-01838,2026-09-25T06:03:04Z,10,57304102XXXX,TRK-NB-07,UNMAPPED_TRUNK,2026-09-25T06:20:04Z,false
REJ-20260925-1624,RAW-20260925-TRK-NB-07-01624,2026-09-25T06:03:27Z,54,57337910XXXX,TRK-NB-07,UNMAPPED_TRUNK,2026-09-25T06:20:27Z,false
REJ-20260925-1748,RAW-20260925-TRK-NB-07-01748,2026-09-25T06:06:24Z,108,57371993XXXX,TRK-NB-07,UNMAPPED_TRUNK,2026-09-25T06:23:24Z,false
REJ-20260925-1620,RAW-20260925-TRK-NB-07-01620,2026-09-25T06:09:14Z,172,57337429XXXX,TRK-NB-07,UNMAPPED_TRUNK,2026-09-25T06:26:14Z,false
REJ-20260925-1915,RAW-20260925-TRK-NB-07-01915,2026-09-25T06:10:57Z,167,57354778XXXX,TRK-NB-07,UNMAPPED_TRUNK,2026-09-25T06:27:57Z,false
REJ-20260925-1894,RAW-20260925-TRK-NB-07-01894,2026-09-25T06:13:37Z,266,57326115XXXX,TRK-NB-07,UNMAPPED_TRUNK,2026-09-25T06:30:37Z,false
REJ-20260925-1875,RAW-20260925-TRK-NB-07-01875,2026-09-25T06:14:03Z,571,57313056XXXX,TRK-NB-07,UNMAPPED_TRUNK,2026-09-25T06:31:03Z,false
REJ-20260925-1921,RAW-20260925-TRK-NB-07-01921,2026-09-25T06:18:23Z,48,57304923XXXX,TRK-NB-07,UNMAPPED_TRUNK,2026-09-25T06:35:23Z,false
REJ-20260925-1795,RAW-20260925-TRK-NB-07-01795,2026-09-25T06:19:18Z,11,57368339XXXX,TRK-NB-07,UNMAPPED_TRUNK,2026-09-25T06:36:18Z,false
REJ-20260925-1879,RAW-20260925-TRK-NB-07-01879,2026-09-25T06:27:30Z,14,57302489XXXX,TRK-NB-07,UNMAPPED_TRUNK,2026-09-25T06:44:30Z,false
REJ-20260925-1817,RAW-20260925-TRK-NB-07-01817,2026-09-25T06:36:17Z,53,57392757XXXX,TRK-NB-07,UNMAPPED_TRUNK,2026-09-25T06:53:17Z,false
REJ-20260925-1604,RAW-20260925-TRK-NB-07-01604,2026-09-25T06:38:28Z,36,57329148XXXX,TRK-NB-07,UNMAPPED_TRUNK,2026-09-25T06:55:28Z,false
REJ-20260925-1756,RAW-20260925-TRK-NB-07-01756,2026-09-25T06:44:06Z,53,57370326XXXX,TRK-NB-07,UNMAPPED_TRUNK,2026-09-25T07:01:06Z,false
REJ-20260925-1659,RAW-20260925-TRK-NB-07-01659,2026-09-25T06:44:19Z,369,57387646XXXX,TRK-NB-07,UNMAPPED_TRUNK,2026-09-25T07:01:19Z,false
REJ-20260925-1724,RAW-20260925-TRK-NB-07-01724,2026-09-25T06:45:56Z,1014,57317278XXXX,TRK-NB-07,UNMAPPED_TRUNK,2026-09-25T07:02:56Z,false
REJ-20260925-1940,RAW-20260925-TRK-NB-07-01940,2026-09-25T06:51:48Z,469,57300547XXXX,TRK-NB-07,UNMAPPED_TRUNK,2026-09-25T07:08:48Z,false
REJ-20260925-1789,RAW-20260925-TRK-NB-07-01789,2026-09-25T06:55:01Z,104,57382388XXXX,TRK-NB-07,UNMAPPED_TRUNK,2026-09-25T07:12:01Z,false
REJ-20260925-1815,RAW-20260925-TRK-NB-07-01815,2026-09-25T07:03:09Z,19,57341133XXXX,TRK-NB-07,UNMAPPED_TRUNK,2026-09-25T07:20:09Z,false
REJ-20260925-1753,RAW-20260925-TRK-NB-07-01753,2026-09-25T07:05:42Z,26,57364682XXXX,TRK-NB-07,UNMAPPED_TRUNK,2026-09-25T07:22:42Z,false
REJ-20260925-1775,RAW-20260925-TRK-NB-07-01775,2026-09-25T07:06:42Z,77,57384765XXXX,TRK-NB-07,UNMAPPED_TRUNK,2026-09-25T07:23:42Z,false
REJ-20260925-1650,RAW-20260925-TRK-NB-07-01650,2026-09-25T07:07:20Z,7,57348209XXXX,TRK-NB-07,UNMAPPED_TRUNK,2026-09-25T07:24:20Z,false
REJ-20260925-1914,RAW-20260925-TRK-NB-07-01914,2026-09-25T07:11:47Z,139,57357278XXXX,TRK-NB-07,UNMAPPED_TRUNK,2026-09-25T07:28:47Z,false
REJ-20260925-1884,RAW-20260925-TRK-NB-07-01884,2026-09-25T07:13:50Z,62,57329899XXXX,TRK-NB-07,UNMAPPED_TRUNK,2026-09-25T07:30:50Z,false
REJ-20260925-1910,RAW-20260925-TRK-NB-07-01910,2026-09-25T07:15:34Z,32,57358165XXXX,TRK-NB-07,UNMAPPED_TRUNK,2026-09-25T07:32:34Z,false
REJ-20260925-1693,RAW-20260925-TRK-NB-07-01693,2026-09-25T07:18:48Z,126,57351976XXXX,TRK-NB-07,UNMAPPED_TRUNK,2026-09-25T07:35:48Z,false
REJ-20260925-1897,RAW-20260925-TRK-NB-07-01897,2026-09-25T07:20:06Z,28,57336516XXXX,TRK-NB-07,UNMAPPED_TRUNK,2026-09-25T07:37:06Z,false
REJ-20260925-1969,RAW-20260925-TRK-NB-07-01969,2026-09-25T07:21:25Z,106,57328300XXXX,TRK-NB-07,UNMAPPED_TRUNK,2026-09-25T07:38:25Z,false
REJ-20260925-1845,RAW-20260925-TRK-NB-07-01845,2026-09-25T07:22:38Z,16,57302566XXXX,TRK-NB-07,UNMAPPED_TRUNK,2026-09-25T07:39:38Z,false
REJ-20260925-1883,RAW-20260925-TRK-NB-07-01883,2026-09-25T07:28:26Z,212,57374994XXXX,TRK-NB-07,UNMAPPED_TRUNK,2026-09-25T07:45:26Z,false
REJ-20260925-1769,RAW-20260925-TRK-NB-07-01769,2026-09-25T07:32:26Z,28,57355185XXXX,TRK-NB-07,UNMAPPED_TRUNK,2026-09-25T07:49:26Z,false
REJ-20260925-1829,RAW-20260925-TRK-NB-07-01829,2026-09-25T07:35:08Z,73,57310438XXXX,TRK-NB-07,UNMAPPED_TRUNK,2026-09-25T07:52:08Z,false
REJ-20260925-1629,RAW-20260925-TRK-NB-07-01629,2026-09-25T07:35:41Z,886,57341893XXXX,TRK-NB-07,UNMAPPED_TRUNK,2026-09-25T07:52:41Z,false
REJ-20260925-1816,RAW-20260925-TRK-NB-07-01816,2026-09-25T07:39:19Z,26,57335749XXXX,TRK-NB-07,UNMAPPED_TRUNK,2026-09-25T07:56:19Z,false
REJ-20260925-1760,RAW-20260925-TRK-NB-07-01760,2026-09-25T07:46:32Z,14,57329725XXXX,TRK-NB-07,UNMAPPED_TRUNK,2026-09-25T08:03:32Z,false
REJ-20260925-1710,RAW-20260925-TRK-NB-07-01710,2026-09-25T07:48:39Z,8,57399230XXXX,TRK-NB-07,UNMAPPED_TRUNK,2026-09-25T08:05:39Z,false
REJ-20260925-1859,RAW-20260925-TRK-NB-07-01859,2026-09-25T07:50:14Z,99,57352926XXXX,TRK-NB-07,UNMAPPED_TRUNK,2026-09-25T08:07:14Z,false
REJ-20260925-1682,RAW-20260925-TRK-NB-07-01682,2026-09-25T07:52:20Z,284,57348731XXXX,TRK-NB-07,UNMAPPED_TRUNK,2026-09-25T08:09:20Z,false
REJ-20260925-1706,RAW-20260925-TRK-NB-07-01706,2026-09-25T07:56:32Z,75,57357190XXXX,TRK-NB-07,UNMAPPED_TRUNK,2026-09-25T08:13:32Z,false
REJ-20260925-1990,RAW-20260925-TRK-NB-07-01990,2026-09-25T07:59:42Z,17,57348222XXXX,TRK-NB-07,UNMAPPED_TRUNK,2026-09-25T08:16:42Z,false
REJ-20260925-1868,RAW-20260925-TRK-NB-07-01868,2026-09-25T08:02:34Z,179,57386937XXXX,TRK-NB-07,UNMAPPED_TRUNK,2026-09-25T08:19:34Z,false
REJ-20260925-1819,RAW-20260925-TRK-NB-07-01819,2026-09-25T08:03:54Z,60,57302076XXXX,TRK-NB-07,UNMAPPED_TRUNK,2026-09-25T08:20:54Z,false
REJ-20260925-1937,RAW-20260925-TRK-NB-07-01937,2026-09-25T08:04:35Z,71,57349833XXXX,TRK-NB-07,UNMAPPED_TRUNK,2026-09-25T08:21:35Z,false
REJ-20260925-1856,RAW-20260925-TRK-NB-07-01856,2026-09-25T08:05:38Z,3,57328613XXXX,TRK-NB-07,UNMAPPED_TRUNK,2026-09-25T08:22:38Z,false
REJ-20260925-1851,RAW-20260925-TRK-NB-07-01851,2026-09-25T08:13:02Z,49,57373343XXXX,TRK-NB-07,UNMAPPED_TRUNK,2026-09-25T08:30:02Z,false
REJ-20260925-1645,RAW-20260925-TRK-NB-07-01645,2026-09-25T08:19:13Z,334,57331015XXXX,TRK-NB-07,UNMAPPED_TRUNK,2026-09-25T08:36:13Z,false
REJ-20260925-1992,RAW-20260925-TRK-NB-07-01992,2026-09-25T08:26:09Z,176,57311189XXXX,TRK-NB-07,UNMAPPED_TRUNK,2026-09-25T08:43:09Z,false
REJ-20260925-1637,RAW-20260925-TRK-NB-07-01637,2026-09-25T08:27:49Z,125,57341427XXXX,TRK-NB-07,UNMAPPED_TRUNK,2026-09-25T08:44:49Z,false
REJ-20260925-Z043,RAW-20260925-TRK-NB-05-Z043,2026-09-25T08:29:12Z,0,50252755XXXX,TRK-NB-05,ZERO_DURATION,2026-09-25T08:46:12Z,false
REJ-20260925-1752,RAW-20260925-TRK-NB-07-01752,2026-09-25T08:32:59Z,321,57345224XXXX,TRK-NB-07,UNMAPPED_TRUNK,2026-09-25T08:49:59Z,false
REJ-20260925-1755,RAW-20260925-TRK-NB-07-01755,2026-09-25T08:33:07Z,383,57372399XXXX,TRK-NB-07,UNMAPPED_TRUNK,2026-09-25T08:50:07Z,false
REJ-20260925-1618,RAW-20260925-TRK-NB-07-01618,2026-09-25T08:38:52Z,154,57337013XXXX,TRK-NB-07,UNMAPPED_TRUNK,2026-09-25T08:55:52Z,false
REJ-20260925-1949,RAW-20260925-TRK-NB-07-01949,2026-09-25T08:47:32Z,86,57390746XXXX,TRK-NB-07,UNMAPPED_TRUNK,2026-09-25T09:04:32Z,false
REJ-20260925-1783,RAW-20260925-TRK-NB-07-01783,2026-09-25T08:51:57Z,230,57336983XXXX,TRK-NB-07,UNMAPPED_TRUNK,2026-09-25T09:08:57Z,false
REJ-20260925-1896,RAW-20260925-TRK-NB-07-01896,2026-09-25T08:53:25Z,20,57307372XXXX,TRK-NB-07,UNMAPPED_TRUNK,2026-09-25T09:10:25Z,false
REJ-20260925-1678,RAW-20260925-TRK-NB-07-01678,2026-09-25T08:58:35Z,773,57371045XXXX,TRK-NB-07,UNMAPPED_TRUNK,2026-09-25T09:15:35Z,false
REJ-20260925-1980,RAW-20260925-TRK-NB-07-01980,2026-09-25T09:00:16Z,60,57361743XXXX,TRK-NB-07,UNMAPPED_TRUNK,2026-09-25T09:17:16Z,false
REJ-20260925-1606,RAW-20260925-TRK-NB-07-01606,2026-09-25T09:05:01Z,48,57346574XXXX,TRK-NB-07,UNMAPPED_TRUNK,2026-09-25T09:22:01Z,false
REJ-20260925-1994,RAW-20260925-TRK-NB-07-01994,2026-09-25T09:07:24Z,166,57319405XXXX,TRK-NB-07,UNMAPPED_TRUNK,2026-09-25T09:24:24Z,false
REJ-20260925-1886,RAW-20260925-TRK-NB-07-01886,2026-09-25T09:14:56Z,183,57355184XXXX,TRK-NB-07,UNMAPPED_TRUNK,2026-09-25T09:31:56Z,false
REJ-20260925-1751,RAW-20260925-TRK-NB-07-01751,2026-09-25T09:16:21Z,16,57340757XXXX,TRK-NB-07,UNMAPPED_TRUNK,2026-09-25T09:33:21Z,false
REJ-20260925-1958,RAW-20260925-TRK-NB-07-01958,2026-09-25T09:18:08Z,3,57371731XXXX,TRK-NB-07,UNMAPPED_TRUNK,2026-09-25T09:35:08Z,false
REJ-20260925-1718,RAW-20260925-TRK-NB-07-01718,2026-09-25T09:20:07Z,186,57398879XXXX,TRK-NB-07,UNMAPPED_TRUNK,2026-09-25T09:37:07Z,false
REJ-20260925-1651,RAW-20260925-TRK-NB-07-01651,2026-09-25T09:21:14Z,269,57339274XXXX,TRK-NB-07,UNMAPPED_TRUNK,2026-09-25T09:38:14Z,false
REJ-20260925-1953,RAW-20260925-TRK-NB-07-01953,2026-09-25T09:21:30Z,60,57351593XXXX,TRK-NB-07,UNMAPPED_TRUNK,2026-09-25T09:38:30Z,false
REJ-20260925-1743,RAW-20260925-TRK-NB-07-01743,2026-09-25T09:26:25Z,121,57397301XXXX,TRK-NB-07,UNMAPPED_TRUNK,2026-09-25T09:43:25Z,false
REJ-20260925-1673,RAW-20260925-TRK-NB-07-01673,2026-09-25T09:26:41Z,88,57340046XXXX,TRK-NB-07,UNMAPPED_TRUNK,2026-09-25T09:43:41Z,false
REJ-20260925-1685,RAW-20260925-TRK-NB-07-01685,2026-09-25T09:27:42Z,160,57336364XXXX,TRK-NB-07,UNMAPPED_TRUNK,2026-09-25T09:44:42Z,false
REJ-20260925-1960,RAW-20260925-TRK-NB-07-01960,2026-09-25T09:34:13Z,15,57320882XXXX,TRK-NB-07,UNMAPPED_TRUNK,2026-09-25T09:51:13Z,false
REJ-20260925-1738,RAW-20260925-TRK-NB-07-01738,2026-09-25T09:37:55Z,45,57392577XXXX,TRK-NB-07,UNMAPPED_TRUNK,2026-09-25T09:54:55Z,false
REJ-20260925-1965,RAW-20260925-TRK-NB-07-01965,2026-09-25T09:39:08Z,60,57352451XXXX,TRK-NB-07,UNMAPPED_TRUNK,2026-09-25T09:56:08Z,false
REJ-20260925-1758,RAW-20260925-TRK-NB-07-01758,2026-09-25T09:39:46Z,163,57306266XXXX,TRK-NB-07,UNMAPPED_TRUNK,2026-09-25T09:56:46Z,false
REJ-20260925-1709,RAW-20260925-TRK-NB-07-01709,2026-09-25T09:42:49Z,41,57362385XXXX,TRK-NB-07,UNMAPPED_TRUNK,2026-09-25T09:59:49Z,false
REJ-20260925-1968,RAW-20260925-TRK-NB-07-01968,2026-09-25T09:50:39Z,69,57319528XXXX,TRK-NB-07,UNMAPPED_TRUNK,2026-09-25T10:07:39Z,false
REJ-20260925-1646,RAW-20260925-TRK-NB-07-01646,2026-09-25T09:54:27Z,151,57389114XXXX,TRK-NB-07,UNMAPPED_TRUNK,2026-09-25T10:11:27Z,false
REJ-20260925-1892,RAW-20260925-TRK-NB-07-01892,2026-09-25T09:56:09Z,59,57308293XXXX,TRK-NB-07,UNMAPPED_TRUNK,2026-09-25T10:13:09Z,false
REJ-20260925-1648,RAW-20260925-TRK-NB-07-01648,2026-09-25T09:57:41Z,308,57325633XXXX,TRK-NB-07,UNMAPPED_TRUNK,2026-09-25T10:14:41Z,false
REJ-20260925-1690,RAW-20260925-TRK-NB-07-01690,2026-09-25T09:59:23Z,135,57386662XXXX,TRK-NB-07,UNMAPPED_TRUNK,2026-09-25T10:16:23Z,false
REJ-20260925-1638,RAW-20260925-TRK-NB-07-01638,2026-09-25T10:03:49Z,646,57380121XXXX,TRK-NB-07,UNMAPPED_TRUNK,2026-09-25T10:20:49Z,false
REJ-20260925-1901,RAW-20260925-TRK-NB-07-01901,2026-09-25T10:06:27Z,13,57399405XXXX,TRK-NB-07,UNMAPPED_TRUNK,2026-09-25T10:23:27Z,false
REJ-20260925-1610,RAW-20260925-TRK-NB-07-01610,2026-09-25T10:25:28Z,3,57358631XXXX,TRK-NB-07,UNMAPPED_TRUNK,2026-09-25T10:42:28Z,false
REJ-20260925-1657,RAW-20260925-TRK-NB-07-01657,2026-09-25T10:31:47Z,1467,57309510XXXX,TRK-NB-07,UNMAPPED_TRUNK,2026-09-25T10:48:47Z,false
REJ-20260925-1877,RAW-20260925-TRK-NB-07-01877,2026-09-25T10:34:51Z,205,57332653XXXX,TRK-NB-07,UNMAPPED_TRUNK,2026-09-25T10:51:51Z,false
REJ-20260925-1747,RAW-20260925-TRK-NB-07-01747,2026-09-25T10:35:14Z,648,57389790XXXX,TRK-NB-07,UNMAPPED_TRUNK,2026-09-25T10:52:14Z,false
REJ-20260925-1850,RAW-20260925-TRK-NB-07-01850,2026-09-25T10:38:47Z,46,57327554XXXX,TRK-NB-07,UNMAPPED_TRUNK,2026-09-25T10:55:47Z,false
REJ-20260925-1972,RAW-20260925-TRK-NB-07-01972,2026-09-25T10:51:52Z,73,57338170XXXX,TRK-NB-07,UNMAPPED_TRUNK,2026-09-25T11:08:52Z,false
REJ-20260925-1601,RAW-20260925-TRK-NB-07-01601,2026-09-25T10:58:30Z,18,57349939XXXX,TRK-NB-07,UNMAPPED_TRUNK,2026-09-25T11:15:30Z,false
REJ-20260925-1929,RAW-20260925-TRK-NB-07-01929,2026-09-25T11:00:14Z,11,57307820XXXX,TRK-NB-07,UNMAPPED_TRUNK,2026-09-25T11:17:14Z,false
REJ-20260925-1926,RAW-20260925-TRK-NB-07-01926,2026-09-25T11:01:10Z,591,57377193XXXX,TRK-NB-07,UNMAPPED_TRUNK,2026-09-25T11:18:10Z,false
REJ-20260925-1955,RAW-20260925-TRK-NB-07-01955,2026-09-25T11:03:52Z,38,57308816XXXX,TRK-NB-07,UNMAPPED_TRUNK,2026-09-25T11:20:52Z,false
REJ-20260925-1786,RAW-20260925-TRK-NB-07-01786,2026-09-25T11:10:35Z,219,57371855XXXX,TRK-NB-07,UNMAPPED_TRUNK,2026-09-25T11:27:35Z,false
REJ-20260925-1959,RAW-20260925-TRK-NB-07-01959,2026-09-25T11:12:17Z,37,57376283XXXX,TRK-NB-07,UNMAPPED_TRUNK,2026-09-25T11:29:17Z,false
REJ-20260925-1674,RAW-20260925-TRK-NB-07-01674,2026-09-25T11:13:19Z,32,57361431XXXX,TRK-NB-07,UNMAPPED_TRUNK,2026-09-25T11:30:19Z,false
REJ-20260925-1961,RAW-20260925-TRK-NB-07-01961,2026-09-25T11:19:39Z,52,57353411XXXX,TRK-NB-07,UNMAPPED_TRUNK,2026-09-25T11:36:39Z,false
REJ-20260925-1847,RAW-20260925-TRK-NB-07-01847,2026-09-25T11:26:30Z,5,57321719XXXX,TRK-NB-07,UNMAPPED_TRUNK,2026-09-25T11:43:30Z,false
REJ-20260925-1739,RAW-20260925-TRK-NB-07-01739,2026-09-25T11:28:06Z,155,57358108XXXX,TRK-NB-07,UNMAPPED_TRUNK,2026-09-25T11:45:06Z,false
REJ-20260925-1827,RAW-20260925-TRK-NB-07-01827,2026-09-25T11:29:41Z,42,57315778XXXX,TRK-NB-07,UNMAPPED_TRUNK,2026-09-25T11:46:41Z,false
REJ-20260925-1846,RAW-20260925-TRK-NB-07-01846,2026-09-25T11:30:24Z,20,57354928XXXX,TRK-NB-07,UNMAPPED_TRUNK,2026-09-25T11:47:24Z,false
REJ-20260925-1839,RAW-20260925-TRK-NB-07-01839,2026-09-25T11:32:07Z,112,57342865XXXX,TRK-NB-07,UNMAPPED_TRUNK,2026-09-25T11:49:07Z,false
REJ-20260925-1836,RAW-20260925-TRK-NB-07-01836,2026-09-25T11:36:15Z,658,57380794XXXX,TRK-NB-07,UNMAPPED_TRUNK,2026-09-25T11:53:15Z,false
REJ-20260925-1730,RAW-20260925-TRK-NB-07-01730,2026-09-25T11:39:47Z,93,57364370XXXX,TRK-NB-07,UNMAPPED_TRUNK,2026-09-25T11:56:47Z,false
REJ-20260925-1643,RAW-20260925-TRK-NB-07-01643,2026-09-25T11:44:23Z,266,57392770XXXX,TRK-NB-07,UNMAPPED_TRUNK,2026-09-25T12:01:23Z,false
REJ-20260925-1675,RAW-20260925-TRK-NB-07-01675,2026-09-25T11:46:14Z,52,57328910XXXX,TRK-NB-07,UNMAPPED_TRUNK,2026-09-25T12:03:14Z,false
REJ-20260925-1957,RAW-20260925-TRK-NB-07-01957,2026-09-25T11:47:55Z,7,57346071XXXX,TRK-NB-07,UNMAPPED_TRUNK,2026-09-25T12:04:55Z,false
REJ-20260925-1613,RAW-20260925-TRK-NB-07-01613,2026-09-25T11:55:17Z,558,57310418XXXX,TRK-NB-07,UNMAPPED_TRUNK,2026-09-25T12:12:17Z,false
REJ-20260925-1946,RAW-20260925-TRK-NB-07-01946,2026-09-25T12:03:44Z,120,57313929XXXX,TRK-NB-07,UNMAPPED_TRUNK,2026-09-25T12:20:44Z,false
REJ-20260925-1652,RAW-20260925-TRK-NB-07-01652,2026-09-25T12:06:04Z,137,57365724XXXX,TRK-NB-07,UNMAPPED_TRUNK,2026-09-25T12:23:04Z,false
REJ-20260925-1733,RAW-20260925-TRK-NB-07-01733,2026-09-25T12:14:48Z,117,57331893XXXX,TRK-NB-07,UNMAPPED_TRUNK,2026-09-25T12:31:48Z,false
REJ-20260925-1642,RAW-20260925-TRK-NB-07-01642,2026-09-25T12:16:39Z,113,57315823XXXX,TRK-NB-07,UNMAPPED_TRUNK,2026-09-25T12:33:39Z,false
REJ-20260925-1821,RAW-20260925-TRK-NB-07-01821,2026-09-25T12:20:36Z,84,57377356XXXX,TRK-NB-07,UNMAPPED_TRUNK,2026-09-25T12:37:36Z,false
REJ-20260925-1985,RAW-20260925-TRK-NB-07-01985,2026-09-25T12:29:48Z,124,57304089XXXX,TRK-NB-07,UNMAPPED_TRUNK,2026-09-25T12:46:48Z,false
REJ-20260925-1639,RAW-20260925-TRK-NB-07-01639,2026-09-25T12:32:29Z,42,57326559XXXX,TRK-NB-07,UNMAPPED_TRUNK,2026-09-25T12:49:29Z,false
REJ-20260925-1609,RAW-20260925-TRK-NB-07-01609,2026-09-25T12:32:34Z,129,57338113XXXX,TRK-NB-07,UNMAPPED_TRUNK,2026-09-25T12:49:34Z,false
REJ-20260925-1699,RAW-20260925-TRK-NB-07-01699,2026-09-25T12:32:46Z,115,57352993XXXX,TRK-NB-07,UNMAPPED_TRUNK,2026-09-25T12:49:46Z,false
REJ-20260925-1861,RAW-20260925-TRK-NB-07-01861,2026-09-25T12:33:11Z,110,57389257XXXX,TRK-NB-07,UNMAPPED_TRUNK,2026-09-25T12:50:11Z,false
REJ-20260925-1742,RAW-20260925-TRK-NB-07-01742,2026-09-25T12:34:26Z,24,57309793XXXX,TRK-NB-07,UNMAPPED_TRUNK,2026-09-25T12:51:26Z,false
REJ-20260925-1848,RAW-20260925-TRK-NB-07-01848,2026-09-25T12:41:26Z,18,57393032XXXX,TRK-NB-07,UNMAPPED_TRUNK,2026-09-25T12:58:26Z,false
REJ-20260925-1602,RAW-20260925-TRK-NB-07-01602,2026-09-25T12:46:35Z,17,57302004XXXX,TRK-NB-07,UNMAPPED_TRUNK,2026-09-25T13:03:35Z,false
REJ-20260925-1871,RAW-20260925-TRK-NB-07-01871,2026-09-25T12:47:49Z,137,57303956XXXX,TRK-NB-07,UNMAPPED_TRUNK,2026-09-25T13:04:49Z,false
REJ-20260925-1721,RAW-20260925-TRK-NB-07-01721,2026-09-25T12:52:06Z,110,57340336XXXX,TRK-NB-07,UNMAPPED_TRUNK,2026-09-25T13:09:06Z,false
REJ-20260925-1700,RAW-20260925-TRK-NB-07-01700,2026-09-25T12:56:11Z,636,57346349XXXX,TRK-NB-07,UNMAPPED_TRUNK,2026-09-25T13:13:11Z,false
REJ-20260925-1696,RAW-20260925-TRK-NB-07-01696,2026-09-25T12:57:46Z,46,57303437XXXX,TRK-NB-07,UNMAPPED_TRUNK,2026-09-25T13:14:46Z,false
REJ-20260925-1716,RAW-20260925-TRK-NB-07-01716,2026-09-25T12:57:49Z,25,57346354XXXX,TRK-NB-07,UNMAPPED_TRUNK,2026-09-25T13:14:49Z,false
REJ-20260925-1991,RAW-20260925-TRK-NB-07-01991,2026-09-25T12:59:07Z,20,57379212XXXX,TRK-NB-07,UNMAPPED_TRUNK,2026-09-25T13:16:07Z,false
REJ-20260925-1981,RAW-20260925-TRK-NB-07-01981,2026-09-25T13:00:26Z,39,57316248XXXX,TRK-NB-07,UNMAPPED_TRUNK,2026-09-25T13:17:26Z,false
REJ-20260925-1627,RAW-20260925-TRK-NB-07-01627,2026-09-25T13:01:57Z,72,57347345XXXX,TRK-NB-07,UNMAPPED_TRUNK,2026-09-25T13:18:57Z,false
REJ-20260925-1970,RAW-20260925-TRK-NB-07-01970,2026-09-25T13:02:22Z,50,57331678XXXX,TRK-NB-07,UNMAPPED_TRUNK,2026-09-25T13:19:22Z,false
REJ-20260925-1880,RAW-20260925-TRK-NB-07-01880,2026-09-25T13:03:34Z,365,57369064XXXX,TRK-NB-07,UNMAPPED_TRUNK,2026-09-25T13:20:34Z,false
REJ-20260925-1867,RAW-20260925-TRK-NB-07-01867,2026-09-25T13:03:57Z,191,57375084XXXX,TRK-NB-07,UNMAPPED_TRUNK,2026-09-25T13:20:57Z,false
REJ-20260925-1697,RAW-20260925-TRK-NB-07-01697,2026-09-25T13:10:00Z,38,57379429XXXX,TRK-NB-07,UNMAPPED_TRUNK,2026-09-25T13:27:00Z,false
REJ-20260925-1857,RAW-20260925-TRK-NB-07-01857,2026-09-25T13:16:16Z,437,57307269XXXX,TRK-NB-07,UNMAPPED_TRUNK,2026-09-25T13:33:16Z,false
REJ-20260925-1778,RAW-20260925-TRK-NB-07-01778,2026-09-25T13:25:08Z,126,57352844XXXX,TRK-NB-07,UNMAPPED_TRUNK,2026-09-25T13:42:08Z,false
REJ-20260925-1832,RAW-20260925-TRK-NB-07-01832,2026-09-25T13:28:14Z,34,57377612XXXX,TRK-NB-07,UNMAPPED_TRUNK,2026-09-25T13:45:14Z,false
REJ-20260925-1918,RAW-20260925-TRK-NB-07-01918,2026-09-25T13:29:32Z,109,57302986XXXX,TRK-NB-07,UNMAPPED_TRUNK,2026-09-25T13:46:32Z,false
REJ-20260925-1630,RAW-20260925-TRK-NB-07-01630,2026-09-25T13:33:01Z,521,57331716XXXX,TRK-NB-07,UNMAPPED_TRUNK,2026-09-25T13:50:01Z,false
REJ-20260925-1628,RAW-20260925-TRK-NB-07-01628,2026-09-25T13:33:16Z,7,57307174XXXX,TRK-NB-07,UNMAPPED_TRUNK,2026-09-25T13:50:16Z,false
REJ-20260925-1770,RAW-20260925-TRK-NB-07-01770,2026-09-25T13:35:17Z,81,57320478XXXX,TRK-NB-07,UNMAPPED_TRUNK,2026-09-25T13:52:17Z,false
REJ-20260925-1935,RAW-20260925-TRK-NB-07-01935,2026-09-25T13:35:34Z,557,57336501XXXX,TRK-NB-07,UNMAPPED_TRUNK,2026-09-25T13:52:34Z,false
REJ-20260925-1773,RAW-20260925-TRK-NB-07-01773,2026-09-25T13:37:36Z,245,57332257XXXX,TRK-NB-07,UNMAPPED_TRUNK,2026-09-25T13:54:36Z,false
REJ-20260925-1858,RAW-20260925-TRK-NB-07-01858,2026-09-25T13:50:01Z,46,57311916XXXX,TRK-NB-07,UNMAPPED_TRUNK,2026-09-25T14:07:01Z,false
REJ-20260925-1727,RAW-20260925-TRK-NB-07-01727,2026-09-25T14:02:47Z,1,57314716XXXX,TRK-NB-07,UNMAPPED_TRUNK,2026-09-25T14:19:47Z,false
REJ-20260925-1668,RAW-20260925-TRK-NB-07-01668,2026-09-25T14:07:31Z,195,57351504XXXX,TRK-NB-07,UNMAPPED_TRUNK,2026-09-25T14:24:31Z,false
REJ-20260925-1761,RAW-20260925-TRK-NB-07-01761,2026-09-25T14:07:34Z,22,57337569XXXX,TRK-NB-07,UNMAPPED_TRUNK,2026-09-25T14:24:34Z,false
REJ-20260925-1670,RAW-20260925-TRK-NB-07-01670,2026-09-25T14:21:04Z,40,57377598XXXX,TRK-NB-07,UNMAPPED_TRUNK,2026-09-25T14:38:04Z,false
REJ-20260925-1722,RAW-20260925-TRK-NB-07-01722,2026-09-25T14:21:07Z,78,57356639XXXX,TRK-NB-07,UNMAPPED_TRUNK,2026-09-25T14:38:07Z,false
REJ-20260925-1669,RAW-20260925-TRK-NB-07-01669,2026-09-25T14:23:19Z,1218,57365719XXXX,TRK-NB-07,UNMAPPED_TRUNK,2026-09-25T14:40:19Z,false
REJ-20260925-1870,RAW-20260925-TRK-NB-07-01870,2026-09-25T14:27:35Z,205,57388768XXXX,TRK-NB-07,UNMAPPED_TRUNK,2026-09-25T14:44:35Z,false
REJ-20260925-1895,RAW-20260925-TRK-NB-07-01895,2026-09-25T14:38:33Z,38,57338173XXXX,TRK-NB-07,UNMAPPED_TRUNK,2026-09-25T14:55:33Z,false
REJ-20260925-1809,RAW-20260925-TRK-NB-07-01809,2026-09-25T14:49:12Z,141,57336133XXXX,TRK-NB-07,UNMAPPED_TRUNK,2026-09-25T15:06:12Z,false
REJ-20260925-1691,RAW-20260925-TRK-NB-07-01691,2026-09-25T14:50:25Z,41,57323436XXXX,TRK-NB-07,UNMAPPED_TRUNK,2026-09-25T15:07:25Z,false
REJ-20260925-1777,RAW-20260925-TRK-NB-07-01777,2026-09-25T14:50:50Z,46,57344036XXXX,TRK-NB-07,UNMAPPED_TRUNK,2026-09-25T15:07:50Z,false
REJ-20260925-1794,RAW-20260925-TRK-NB-07-01794,2026-09-25T14:58:19Z,40,57322884XXXX,TRK-NB-07,UNMAPPED_TRUNK,2026-09-25T15:15:19Z,false
REJ-20260925-1729,RAW-20260925-TRK-NB-07-01729,2026-09-25T14:58:56Z,16,57352195XXXX,TRK-NB-07,UNMAPPED_TRUNK,2026-09-25T15:15:56Z,false
REJ-20260925-1622,RAW-20260925-TRK-NB-07-01622,2026-09-25T15:00:50Z,103,57366313XXXX,TRK-NB-07,UNMAPPED_TRUNK,2026-09-25T15:17:50Z,false
REJ-20260925-1898,RAW-20260925-TRK-NB-07-01898,2026-09-25T15:02:43Z,64,57385885XXXX,TRK-NB-07,UNMAPPED_TRUNK,2026-09-25T15:19:43Z,false
REJ-20260925-1888,RAW-20260925-TRK-NB-07-01888,2026-09-25T15:03:22Z,162,57380259XXXX,TRK-NB-07,UNMAPPED_TRUNK,2026-09-25T15:20:22Z,false
REJ-20260925-1820,RAW-20260925-TRK-NB-07-01820,2026-09-25T15:04:32Z,117,57311161XXXX,TRK-NB-07,UNMAPPED_TRUNK,2026-09-25T15:21:32Z,false
REJ-20260925-1913,RAW-20260925-TRK-NB-07-01913,2026-09-25T15:05:39Z,6,57385613XXXX,TRK-NB-07,UNMAPPED_TRUNK,2026-09-25T15:22:39Z,false
REJ-20260925-1660,RAW-20260925-TRK-NB-07-01660,2026-09-25T15:06:30Z,58,57369779XXXX,TRK-NB-07,UNMAPPED_TRUNK,2026-09-25T15:23:30Z,false
REJ-20260925-1876,RAW-20260925-TRK-NB-07-01876,2026-09-25T15:08:28Z,10,57387337XXXX,TRK-NB-07,UNMAPPED_TRUNK,2026-09-25T15:25:28Z,false
REJ-20260925-1698,RAW-20260925-TRK-NB-07-01698,2026-09-25T15:09:20Z,35,57376710XXXX,TRK-NB-07,UNMAPPED_TRUNK,2026-09-25T15:26:20Z,false
REJ-20260925-1942,RAW-20260925-TRK-NB-07-01942,2026-09-25T15:11:11Z,103,57379292XXXX,TRK-NB-07,UNMAPPED_TRUNK,2026-09-25T15:28:11Z,false
REJ-20260925-1619,RAW-20260925-TRK-NB-07-01619,2026-09-25T15:13:30Z,19,57363551XXXX,TRK-NB-07,UNMAPPED_TRUNK,2026-09-25T15:30:30Z,false
REJ-20260925-1828,RAW-20260925-TRK-NB-07-01828,2026-09-25T15:17:40Z,156,57346054XXXX,TRK-NB-07,UNMAPPED_TRUNK,2026-09-25T15:34:40Z,false
REJ-20260925-1803,RAW-20260925-TRK-NB-07-01803,2026-09-25T15:19:36Z,577,57377303XXXX,TRK-NB-07,UNMAPPED_TRUNK,2026-09-25T15:36:36Z,false
REJ-20260925-1938,RAW-20260925-TRK-NB-07-01938,2026-09-25T15:20:04Z,15,57341650XXXX,TRK-NB-07,UNMAPPED_TRUNK,2026-09-25T15:37:04Z,false
REJ-20260925-1841,RAW-20260925-TRK-NB-07-01841,2026-09-25T15:24:40Z,18,57383174XXXX,TRK-NB-07,UNMAPPED_TRUNK,2026-09-25T15:41:40Z,false
REJ-20260925-1683,RAW-20260925-TRK-NB-07-01683,2026-09-25T15:27:51Z,41,57363755XXXX,TRK-NB-07,UNMAPPED_TRUNK,2026-09-25T15:44:51Z,false
REJ-20260925-1813,RAW-20260925-TRK-NB-07-01813,2026-09-25T15:27:57Z,145,57367378XXXX,TRK-NB-07,UNMAPPED_TRUNK,2026-09-25T15:44:57Z,false
REJ-20260925-1864,RAW-20260925-TRK-NB-07-01864,2026-09-25T15:31:02Z,137,57352210XXXX,TRK-NB-07,UNMAPPED_TRUNK,2026-09-25T15:48:02Z,false
REJ-20260925-1835,RAW-20260925-TRK-NB-07-01835,2026-09-25T15:41:20Z,49,57319514XXXX,TRK-NB-07,UNMAPPED_TRUNK,2026-09-25T15:58:20Z,false
REJ-20260925-1825,RAW-20260925-TRK-NB-07-01825,2026-09-25T15:42:38Z,40,57370129XXXX,TRK-NB-07,UNMAPPED_TRUNK,2026-09-25T15:59:38Z,false
REJ-20260925-1746,RAW-20260925-TRK-NB-07-01746,2026-09-25T15:43:08Z,92,57395652XXXX,TRK-NB-07,UNMAPPED_TRUNK,2026-09-25T16:00:08Z,false
REJ-20260925-1667,RAW-20260925-TRK-NB-07-01667,2026-09-25T15:49:44Z,40,57343442XXXX,TRK-NB-07,UNMAPPED_TRUNK,2026-09-25T16:06:44Z,false
REJ-20260925-1656,RAW-20260925-TRK-NB-07-01656,2026-09-25T16:00:10Z,21,57398601XXXX,TRK-NB-07,UNMAPPED_TRUNK,2026-09-25T16:17:10Z,false
REJ-20260925-1917,RAW-20260925-TRK-NB-07-01917,2026-09-25T16:02:57Z,72,57337411XXXX,TRK-NB-07,UNMAPPED_TRUNK,2026-09-25T16:19:57Z,false
REJ-20260925-1899,RAW-20260925-TRK-NB-07-01899,2026-09-25T16:18:18Z,270,57363256XXXX,TRK-NB-07,UNMAPPED_TRUNK,2026-09-25T16:35:18Z,false
REJ-20260925-1608,RAW-20260925-TRK-NB-07-01608,2026-09-25T16:24:55Z,59,57359757XXXX,TRK-NB-07,UNMAPPED_TRUNK,2026-09-25T16:41:55Z,false
REJ-20260925-1930,RAW-20260925-TRK-NB-07-01930,2026-09-25T16:25:34Z,114,57321407XXXX,TRK-NB-07,UNMAPPED_TRUNK,2026-09-25T16:42:34Z,false
REJ-20260925-1723,RAW-20260925-TRK-NB-07-01723,2026-09-25T16:31:30Z,270,57393905XXXX,TRK-NB-07,UNMAPPED_TRUNK,2026-09-25T16:48:30Z,false
REJ-20260925-1734,RAW-20260925-TRK-NB-07-01734,2026-09-25T16:32:17Z,113,57395955XXXX,TRK-NB-07,UNMAPPED_TRUNK,2026-09-25T16:49:17Z,false
REJ-20260925-1615,RAW-20260925-TRK-NB-07-01615,2026-09-25T16:33:52Z,392,57325767XXXX,TRK-NB-07,UNMAPPED_TRUNK,2026-09-25T16:50:52Z,false
REJ-20260925-1944,RAW-20260925-TRK-NB-07-01944,2026-09-25T16:39:38Z,214,57383773XXXX,TRK-NB-07,UNMAPPED_TRUNK,2026-09-25T16:56:38Z,false
REJ-20260925-1905,RAW-20260925-TRK-NB-07-01905,2026-09-25T16:42:16Z,19,57394085XXXX,TRK-NB-07,UNMAPPED_TRUNK,2026-09-25T16:59:16Z,false
REJ-20260925-1925,RAW-20260925-TRK-NB-07-01925,2026-09-25T16:42:50Z,28,57321652XXXX,TRK-NB-07,UNMAPPED_TRUNK,2026-09-25T16:59:50Z,false
REJ-20260925-1754,RAW-20260925-TRK-NB-07-01754,2026-09-25T16:45:12Z,6,57373670XXXX,TRK-NB-07,UNMAPPED_TRUNK,2026-09-25T17:02:12Z,false
REJ-20260925-1649,RAW-20260925-TRK-NB-07-01649,2026-09-25T16:48:48Z,24,57362540XXXX,TRK-NB-07,UNMAPPED_TRUNK,2026-09-25T17:05:48Z,false
REJ-20260925-1677,RAW-20260925-TRK-NB-07-01677,2026-09-25T16:51:22Z,60,57361112XXXX,TRK-NB-07,UNMAPPED_TRUNK,2026-09-25T17:08:22Z,false
REJ-20260925-1978,RAW-20260925-TRK-NB-07-01978,2026-09-25T16:55:17Z,303,57340924XXXX,TRK-NB-07,UNMAPPED_TRUNK,2026-09-25T17:12:17Z,false
REJ-20260925-1862,RAW-20260925-TRK-NB-07-01862,2026-09-25T17:00:25Z,14,57387084XXXX,TRK-NB-07,UNMAPPED_TRUNK,2026-09-25T17:17:25Z,false
REJ-20260925-1837,RAW-20260925-TRK-NB-07-01837,2026-09-25T17:07:31Z,25,57349224XXXX,TRK-NB-07,UNMAPPED_TRUNK,2026-09-25T17:24:31Z,false
REJ-20260925-1791,RAW-20260925-TRK-NB-07-01791,2026-09-25T17:07:54Z,2,57387271XXXX,TRK-NB-07,UNMAPPED_TRUNK,2026-09-25T17:24:54Z,false
REJ-20260925-1818,RAW-20260925-TRK-NB-07-01818,2026-09-25T17:14:00Z,287,57353664XXXX,TRK-NB-07,UNMAPPED_TRUNK,2026-09-25T17:31:00Z,false
REJ-20260925-1863,RAW-20260925-TRK-NB-07-01863,2026-09-25T17:19:41Z,278,57306437XXXX,TRK-NB-07,UNMAPPED_TRUNK,2026-09-25T17:36:41Z,false
REJ-20260925-1686,RAW-20260925-TRK-NB-07-01686,2026-09-25T17:23:16Z,227,57360337XXXX,TRK-NB-07,UNMAPPED_TRUNK,2026-09-25T17:40:16Z,false
REJ-20260925-D021,RAW-20260925-TRK-NB-06-DUP021,2026-09-25T17:28:22Z,72,52616972XXXX,TRK-NB-06,DUPLICATE,2026-09-25T17:45:22Z,false
REJ-20260925-1853,RAW-20260925-TRK-NB-07-01853,2026-09-25T17:42:54Z,21,57353278XXXX,TRK-NB-07,UNMAPPED_TRUNK,2026-09-25T17:59:54Z,false
REJ-20260925-1974,RAW-20260925-TRK-NB-07-01974,2026-09-25T17:43:25Z,6,57336076XXXX,TRK-NB-07,UNMAPPED_TRUNK,2026-09-25T18:00:25Z,false
REJ-20260925-1902,RAW-20260925-TRK-NB-07-01902,2026-09-25T17:43:27Z,46,57377900XXXX,TRK-NB-07,UNMAPPED_TRUNK,2026-09-25T18:00:27Z,false
REJ-20260925-1982,RAW-20260925-TRK-NB-07-01982,2026-09-25T17:46:38Z,331,57346273XXXX,TRK-NB-07,UNMAPPED_TRUNK,2026-09-25T18:03:38Z,false
REJ-20260925-1712,RAW-20260925-TRK-NB-07-01712,2026-09-25T17:46:58Z,358,57335702XXXX,TRK-NB-07,UNMAPPED_TRUNK,2026-09-25T18:03:58Z,false
REJ-20260925-1956,RAW-20260925-TRK-NB-07-01956,2026-09-25T17:47:43Z,163,57315146XXXX,TRK-NB-07,UNMAPPED_TRUNK,2026-09-25T18:04:43Z,false
REJ-20260925-1971,RAW-20260925-TRK-NB-07-01971,2026-09-25T17:48:45Z,76,57381660XXXX,TRK-NB-07,UNMAPPED_TRUNK,2026-09-25T18:05:45Z,false
REJ-20260925-1912,RAW-20260925-TRK-NB-07-01912,2026-09-25T18:00:51Z,161,57319110XXXX,TRK-NB-07,UNMAPPED_TRUNK,2026-09-25T18:17:51Z,false
REJ-20260925-1933,RAW-20260925-TRK-NB-07-01933,2026-09-25T18:04:28Z,101,57375801XXXX,TRK-NB-07,UNMAPPED_TRUNK,2026-09-25T18:21:28Z,false
REJ-20260925-1782,RAW-20260925-TRK-NB-07-01782,2026-09-25T18:08:28Z,230,57331973XXXX,TRK-NB-07,UNMAPPED_TRUNK,2026-09-25T18:25:28Z,false
REJ-20260925-1928,RAW-20260925-TRK-NB-07-01928,2026-09-25T18:11:05Z,22,57351340XXXX,TRK-NB-07,UNMAPPED_TRUNK,2026-09-25T18:28:05Z,false
REJ-20260925-1654,RAW-20260925-TRK-NB-07-01654,2026-09-25T18:16:05Z,96,57354114XXXX,TRK-NB-07,UNMAPPED_TRUNK,2026-09-25T18:33:05Z,false
REJ-20260925-1640,RAW-20260925-TRK-NB-07-01640,2026-09-25T18:19:49Z,36,57342317XXXX,TRK-NB-07,UNMAPPED_TRUNK,2026-09-25T18:36:49Z,false
REJ-20260925-1680,RAW-20260925-TRK-NB-07-01680,2026-09-25T18:26:14Z,16,57366857XXXX,TRK-NB-07,UNMAPPED_TRUNK,2026-09-25T18:43:14Z,false
REJ-20260925-1878,RAW-20260925-TRK-NB-07-01878,2026-09-25T18:29:05Z,778,57314527XXXX,TRK-NB-07,UNMAPPED_TRUNK,2026-09-25T18:46:05Z,false
REJ-20260925-1797,RAW-20260925-TRK-NB-07-01797,2026-09-25T18:31:40Z,9,57356000XXXX,TRK-NB-07,UNMAPPED_TRUNK,2026-09-25T18:48:40Z,false
REJ-20260925-1891,RAW-20260925-TRK-NB-07-01891,2026-09-25T18:33:45Z,5,57330619XXXX,TRK-NB-07,UNMAPPED_TRUNK,2026-09-25T18:50:45Z,false
REJ-20260925-1713,RAW-20260925-TRK-NB-07-01713,2026-09-25T18:34:03Z,82,57313778XXXX,TRK-NB-07,UNMAPPED_TRUNK,2026-09-25T18:51:03Z,false
REJ-20260925-1759,RAW-20260925-TRK-NB-07-01759,2026-09-25T18:34:47Z,110,57352786XXXX,TRK-NB-07,UNMAPPED_TRUNK,2026-09-25T18:51:47Z,false
REJ-20260925-1785,RAW-20260925-TRK-NB-07-01785,2026-09-25T18:35:18Z,37,57383232XXXX,TRK-NB-07,UNMAPPED_TRUNK,2026-09-25T18:52:18Z,false
REJ-20260925-1810,RAW-20260925-TRK-NB-07-01810,2026-09-25T18:37:03Z,49,57388304XXXX,TRK-NB-07,UNMAPPED_TRUNK,2026-09-25T18:54:03Z,false
REJ-20260925-1768,RAW-20260925-TRK-NB-07-01768,2026-09-25T18:38:00Z,13,57386310XXXX,TRK-NB-07,UNMAPPED_TRUNK,2026-09-25T18:55:00Z,false
REJ-20260925-1824,RAW-20260925-TRK-NB-07-01824,2026-09-25T18:40:30Z,14,57346916XXXX,TRK-NB-07,UNMAPPED_TRUNK,2026-09-25T18:57:30Z,false
REJ-20260925-1881,RAW-20260925-TRK-NB-07-01881,2026-09-25T18:42:37Z,215,57390961XXXX,TRK-NB-07,UNMAPPED_TRUNK,2026-09-25T18:59:37Z,false
REJ-20260925-1887,RAW-20260925-TRK-NB-07-01887,2026-09-25T18:42:40Z,42,57343909XXXX,TRK-NB-07,UNMAPPED_TRUNK,2026-09-25T18:59:40Z,false
REJ-20260925-1793,RAW-20260925-TRK-NB-07-01793,2026-09-25T18:51:29Z,21,57327967XXXX,TRK-NB-07,UNMAPPED_TRUNK,2026-09-25T19:08:29Z,false
REJ-20260925-1776,RAW-20260925-TRK-NB-07-01776,2026-09-25T18:55:10Z,85,57330969XXXX,TRK-NB-07,UNMAPPED_TRUNK,2026-09-25T19:12:10Z,false
REJ-20260925-1890,RAW-20260925-TRK-NB-07-01890,2026-09-25T18:55:32Z,80,57369307XXXX,TRK-NB-07,UNMAPPED_TRUNK,2026-09-25T19:12:32Z,false
REJ-20260925-1947,RAW-20260925-TRK-NB-07-01947,2026-09-25T18:56:41Z,262,57379034XXXX,TRK-NB-07,UNMAPPED_TRUNK,2026-09-25T19:13:41Z,false
REJ-20260925-1790,RAW-20260925-TRK-NB-07-01790,2026-09-25T19:01:17Z,73,57307080XXXX,TRK-NB-07,UNMAPPED_TRUNK,2026-09-25T19:18:17Z,false
REJ-20260925-1702,RAW-20260925-TRK-NB-07-01702,2026-09-25T19:01:25Z,92,57348188XXXX,TRK-NB-07,UNMAPPED_TRUNK,2026-09-25T19:18:25Z,false
REJ-20260925-1826,RAW-20260925-TRK-NB-07-01826,2026-09-25T19:07:14Z,13,57300221XXXX,TRK-NB-07,UNMAPPED_TRUNK,2026-09-25T19:24:14Z,false
REJ-20260925-1653,RAW-20260925-TRK-NB-07-01653,2026-09-25T19:15:41Z,13,57320669XXXX,TRK-NB-07,UNMAPPED_TRUNK,2026-09-25T19:32:41Z,false
REJ-20260925-1695,RAW-20260925-TRK-NB-07-01695,2026-09-25T19:15:44Z,91,57394225XXXX,TRK-NB-07,UNMAPPED_TRUNK,2026-09-25T19:32:44Z,false
REJ-20260925-1631,RAW-20260925-TRK-NB-07-01631,2026-09-25T19:16:04Z,4,57339879XXXX,TRK-NB-07,UNMAPPED_TRUNK,2026-09-25T19:33:04Z,false
REJ-20260925-1632,RAW-20260925-TRK-NB-07-01632,2026-09-25T19:16:49Z,8,57370446XXXX,TRK-NB-07,UNMAPPED_TRUNK,2026-09-25T19:33:49Z,false
REJ-20260925-1607,RAW-20260925-TRK-NB-07-01607,2026-09-25T19:19:46Z,42,57324248XXXX,TRK-NB-07,UNMAPPED_TRUNK,2026-09-25T19:36:46Z,false
REJ-20260925-1749,RAW-20260925-TRK-NB-07-01749,2026-09-25T19:24:19Z,16,57340466XXXX,TRK-NB-07,UNMAPPED_TRUNK,2026-09-25T19:41:19Z,false
REJ-20260925-1611,RAW-20260925-TRK-NB-07-01611,2026-09-25T19:27:03Z,56,57304001XXXX,TRK-NB-07,UNMAPPED_TRUNK,2026-09-25T19:44:03Z,false
REJ-20260925-1855,RAW-20260925-TRK-NB-07-01855,2026-09-25T19:32:21Z,56,57365592XXXX,TRK-NB-07,UNMAPPED_TRUNK,2026-09-25T19:49:21Z,false
REJ-20260925-1802,RAW-20260925-TRK-NB-07-01802,2026-09-25T19:32:49Z,326,57386511XXXX,TRK-NB-07,UNMAPPED_TRUNK,2026-09-25T19:49:49Z,false
REJ-20260925-D022,RAW-20260925-TRK-NB-02-DUP022,2026-09-25T19:49:24Z,50,52153234XXXX,TRK-NB-02,DUPLICATE,2026-09-25T20:06:24Z,false
REJ-20260925-1692,RAW-20260925-TRK-NB-07-01692,2026-09-25T19:50:57Z,481,57387639XXXX,TRK-NB-07,UNMAPPED_TRUNK,2026-09-25T20:07:57Z,false
REJ-20260925-1636,RAW-20260925-TRK-NB-07-01636,2026-09-25T19:57:29Z,58,57318748XXXX,TRK-NB-07,UNMAPPED_TRUNK,2026-09-25T20:14:29Z,false
REJ-20260925-1644,RAW-20260925-TRK-NB-07-01644,2026-09-25T19:58:53Z,135,57377130XXXX,TRK-NB-07,UNMAPPED_TRUNK,2026-09-25T20:15:53Z,false
REJ-20260925-1679,RAW-20260925-TRK-NB-07-01679,2026-09-25T20:01:16Z,50,57349568XXXX,TRK-NB-07,UNMAPPED_TRUNK,2026-09-25T20:18:16Z,false
REJ-20260925-1621,RAW-20260925-TRK-NB-07-01621,2026-09-25T20:01:28Z,10,57379570XXXX,TRK-NB-07,UNMAPPED_TRUNK,2026-09-25T20:18:28Z,false
REJ-20260925-1860,RAW-20260925-TRK-NB-07-01860,2026-09-25T20:02:21Z,13,57358062XXXX,TRK-NB-07,UNMAPPED_TRUNK,2026-09-25T20:19:21Z,false
REJ-20260925-1666,RAW-20260925-TRK-NB-07-01666,2026-09-25T20:06:48Z,90,57391623XXXX,TRK-NB-07,UNMAPPED_TRUNK,2026-09-25T20:23:48Z,false
REJ-20260925-1720,RAW-20260925-TRK-NB-07-01720,2026-09-25T20:12:54Z,30,57396830XXXX,TRK-NB-07,UNMAPPED_TRUNK,2026-09-25T20:29:54Z,false
REJ-20260925-1684,RAW-20260925-TRK-NB-07-01684,2026-09-25T20:30:59Z,551,57329330XXXX,TRK-NB-07,UNMAPPED_TRUNK,2026-09-25T20:47:59Z,false
REJ-20260925-1707,RAW-20260925-TRK-NB-07-01707,2026-09-25T20:34:58Z,21,57384002XXXX,TRK-NB-07,UNMAPPED_TRUNK,2026-09-25T20:51:58Z,false
REJ-20260925-1603,RAW-20260925-TRK-NB-07-01603,2026-09-25T20:36:59Z,10,57331955XXXX,TRK-NB-07,UNMAPPED_TRUNK,2026-09-25T20:53:59Z,false
REJ-20260925-1954,RAW-20260925-TRK-NB-07-01954,2026-09-25T20:39:23Z,595,57316039XXXX,TRK-NB-07,UNMAPPED_TRUNK,2026-09-25T20:56:23Z,false
REJ-20260925-1911,RAW-20260925-TRK-NB-07-01911,2026-09-25T20:42:11Z,331,57360375XXXX,TRK-NB-07,UNMAPPED_TRUNK,2026-09-25T20:59:11Z,false
REJ-20260925-1805,RAW-20260925-TRK-NB-07-01805,2026-09-25T20:42:54Z,12,57334154XXXX,TRK-NB-07,UNMAPPED_TRUNK,2026-09-25T20:59:54Z,false
REJ-20260925-1732,RAW-20260925-TRK-NB-07-01732,2026-09-25T20:53:05Z,3,57349182XXXX,TRK-NB-07,UNMAPPED_TRUNK,2026-09-25T21:10:05Z,false
REJ-20260925-1808,RAW-20260925-TRK-NB-07-01808,2026-09-25T21:04:28Z,63,57346978XXXX,TRK-NB-07,UNMAPPED_TRUNK,2026-09-25T21:21:28Z,false
REJ-20260925-1745,RAW-20260925-TRK-NB-07-01745,2026-09-25T21:08:00Z,184,57392367XXXX,TRK-NB-07,UNMAPPED_TRUNK,2026-09-25T21:25:00Z,false
REJ-20260925-1711,RAW-20260925-TRK-NB-07-01711,2026-09-25T21:08:53Z,87,57316680XXXX,TRK-NB-07,UNMAPPED_TRUNK,2026-09-25T21:25:53Z,false
REJ-20260925-1767,RAW-20260925-TRK-NB-07-01767,2026-09-25T21:10:21Z,160,57377451XXXX,TRK-NB-07,UNMAPPED_TRUNK,2026-09-25T21:27:21Z,false
REJ-20260925-1792,RAW-20260925-TRK-NB-07-01792,2026-09-25T21:10:51Z,721,57305433XXXX,TRK-NB-07,UNMAPPED_TRUNK,2026-09-25T21:27:51Z,false
REJ-20260925-1916,RAW-20260925-TRK-NB-07-01916,2026-09-25T21:14:02Z,482,57322079XXXX,TRK-NB-07,UNMAPPED_TRUNK,2026-09-25T21:31:02Z,false
REJ-20260925-1831,RAW-20260925-TRK-NB-07-01831,2026-09-25T21:16:12Z,57,57350274XXXX,TRK-NB-07,UNMAPPED_TRUNK,2026-09-25T21:33:12Z,false
REJ-20260925-1873,RAW-20260925-TRK-NB-07-01873,2026-09-25T21:21:47Z,68,57343820XXXX,TRK-NB-07,UNMAPPED_TRUNK,2026-09-25T21:38:47Z,false
REJ-20260925-1766,RAW-20260925-TRK-NB-07-01766,2026-09-25T21:23:58Z,347,57328665XXXX,TRK-NB-07,UNMAPPED_TRUNK,2026-09-25T21:40:58Z,false
REJ-20260925-1661,RAW-20260925-TRK-NB-07-01661,2026-09-25T21:30:30Z,63,57351192XXXX,TRK-NB-07,UNMAPPED_TRUNK,2026-09-25T21:47:30Z,false
REJ-20260925-1885,RAW-20260925-TRK-NB-07-01885,2026-09-25T21:31:21Z,16,57321247XXXX,TRK-NB-07,UNMAPPED_TRUNK,2026-09-25T21:48:21Z,false
REJ-20260925-1854,RAW-20260925-TRK-NB-07-01854,2026-09-25T21:37:31Z,145,57384673XXXX,TRK-NB-07,UNMAPPED_TRUNK,2026-09-25T21:54:31Z,false
REJ-20260925-1781,RAW-20260925-TRK-NB-07-01781,2026-09-25T21:48:26Z,39,57339491XXXX,TRK-NB-07,UNMAPPED_TRUNK,2026-09-25T22:05:26Z,false
REJ-20260925-1973,RAW-20260925-TRK-NB-07-01973,2026-09-25T21:55:16Z,25,57308971XXXX,TRK-NB-07,UNMAPPED_TRUNK,2026-09-25T22:12:16Z,false
REJ-20260925-1983,RAW-20260925-TRK-NB-07-01983,2026-09-25T21:58:01Z,25,57399118XXXX,TRK-NB-07,UNMAPPED_TRUNK,2026-09-25T22:15:01Z,false
REJ-20260925-1765,RAW-20260925-TRK-NB-07-01765,2026-09-25T22:04:30Z,42,57344913XXXX,TRK-NB-07,UNMAPPED_TRUNK,2026-09-25T22:21:30Z,false
REJ-20260925-1658,RAW-20260925-TRK-NB-07-01658,2026-09-25T22:07:43Z,163,57320957XXXX,TRK-NB-07,UNMAPPED_TRUNK,2026-09-25T22:24:43Z,false
REJ-20260925-1807,RAW-20260925-TRK-NB-07-01807,2026-09-25T22:10:04Z,594,57352098XXXX,TRK-NB-07,UNMAPPED_TRUNK,2026-09-25T22:27:04Z,false
REJ-20260925-1984,RAW-20260925-TRK-NB-07-01984,2026-09-25T22:11:57Z,41,57372581XXXX,TRK-NB-07,UNMAPPED_TRUNK,2026-09-25T22:28:57Z,false
REJ-20260925-1997,RAW-20260925-TRK-NB-07-01997,2026-09-25T22:16:06Z,5,57300593XXXX,TRK-NB-07,UNMAPPED_TRUNK,2026-09-25T22:33:06Z,false
REJ-20260925-1737,RAW-20260925-TRK-NB-07-01737,2026-09-25T22:21:53Z,84,57300581XXXX,TRK-NB-07,UNMAPPED_TRUNK,2026-09-25T22:38:53Z,false
REJ-20260925-1717,RAW-20260925-TRK-NB-07-01717,2026-09-25T22:35:21Z,49,57366404XXXX,TRK-NB-07,UNMAPPED_TRUNK,2026-09-25T22:52:21Z,false
REJ-20260925-1988,RAW-20260925-TRK-NB-07-01988,2026-09-25T22:41:01Z,43,57325001XXXX,TRK-NB-07,UNMAPPED_TRUNK,2026-09-25T22:58:01Z,false
REJ-20260925-1655,RAW-20260925-TRK-NB-07-01655,2026-09-25T22:42:00Z,93,57351116XXXX,TRK-NB-07,UNMAPPED_TRUNK,2026-09-25T22:59:00Z,false
REJ-20260925-1951,RAW-20260925-TRK-NB-07-01951,2026-09-25T22:48:30Z,169,57372340XXXX,TRK-NB-07,UNMAPPED_TRUNK,2026-09-25T23:05:30Z,false
REJ-20260925-1788,RAW-20260925-TRK-NB-07-01788,2026-09-25T22:49:48Z,133,57388317XXXX,TRK-NB-07,UNMAPPED_TRUNK,2026-09-25T23:06:48Z,false
REJ-20260925-1979,RAW-20260925-TRK-NB-07-01979,2026-09-25T22:50:29Z,450,57344751XXXX,TRK-NB-07,UNMAPPED_TRUNK,2026-09-25T23:07:29Z,false
REJ-20260925-1932,RAW-20260925-TRK-NB-07-01932,2026-09-25T22:50:45Z,128,57350328XXXX,TRK-NB-07,UNMAPPED_TRUNK,2026-09-25T23:07:45Z,false
REJ-20260925-1735,RAW-20260925-TRK-NB-07-01735,2026-09-25T22:52:35Z,147,57373170XXXX,TRK-NB-07,UNMAPPED_TRUNK,2026-09-25T23:09:35Z,false
REJ-20260925-1830,RAW-20260925-TRK-NB-07-01830,2026-09-25T22:53:58Z,44,57370013XXXX,TRK-NB-07,UNMAPPED_TRUNK,2026-09-25T23:10:58Z,false
REJ-20260925-1852,RAW-20260925-TRK-NB-07-01852,2026-09-25T23:03:17Z,161,57301077XXXX,TRK-NB-07,UNMAPPED_TRUNK,2026-09-25T23:20:17Z,false
REJ-20260925-1663,RAW-20260925-TRK-NB-07-01663,2026-09-25T23:09:47Z,108,57319003XXXX,TRK-NB-07,UNMAPPED_TRUNK,2026-09-25T23:26:47Z,false
REJ-20260925-1996,RAW-20260925-TRK-NB-07-01996,2026-09-25T23:12:14Z,22,57385929XXXX,TRK-NB-07,UNMAPPED_TRUNK,2026-09-25T23:29:14Z,false
REJ-20260925-1799,RAW-20260925-TRK-NB-07-01799,2026-09-25T23:12:30Z,47,57373149XXXX,TRK-NB-07,UNMAPPED_TRUNK,2026-09-25T23:29:30Z,false
REJ-20260925-1811,RAW-20260925-TRK-NB-07-01811,2026-09-25T23:17:29Z,6,57365412XXXX,TRK-NB-07,UNMAPPED_TRUNK,2026-09-25T23:34:29Z,false
REJ-20260925-1919,RAW-20260925-TRK-NB-07-01919,2026-09-25T23:18:10Z,10,57345977XXXX,TRK-NB-07,UNMAPPED_TRUNK,2026-09-25T23:35:10Z,false
REJ-20260925-1681,RAW-20260925-TRK-NB-07-01681,2026-09-25T23:19:20Z,51,57331503XXXX,TRK-NB-07,UNMAPPED_TRUNK,2026-09-25T23:36:20Z,false
REJ-20260925-1784,RAW-20260925-TRK-NB-07-01784,2026-09-25T23:19:56Z,22,57329206XXXX,TRK-NB-07,UNMAPPED_TRUNK,2026-09-25T23:36:56Z,false
REJ-20260925-1625,RAW-20260925-TRK-NB-07-01625,2026-09-25T23:21:13Z,288,57376429XXXX,TRK-NB-07,UNMAPPED_TRUNK,2026-09-25T23:38:13Z,false
REJ-20260925-1725,RAW-20260925-TRK-NB-07-01725,2026-09-25T23:25:55Z,66,57335513XXXX,TRK-NB-07,UNMAPPED_TRUNK,2026-09-25T23:42:55Z,false
REJ-20260925-1976,RAW-20260925-TRK-NB-07-01976,2026-09-25T23:26:03Z,47,57397359XXXX,TRK-NB-07,UNMAPPED_TRUNK,2026-09-25T23:43:03Z,false
REJ-20260925-1995,RAW-20260925-TRK-NB-07-01995,2026-09-25T23:27:30Z,34,57361597XXXX,TRK-NB-07,UNMAPPED_TRUNK,2026-09-25T23:44:30Z,false
REJ-20260925-1907,RAW-20260925-TRK-NB-07-01907,2026-09-25T23:28:48Z,189,57363151XXXX,TRK-NB-07,UNMAPPED_TRUNK,2026-09-25T23:45:48Z,false
REJ-20260925-1736,RAW-20260925-TRK-NB-07-01736,2026-09-25T23:31:28Z,51,57358213XXXX,TRK-NB-07,UNMAPPED_TRUNK,2026-09-25T23:48:28Z,false
REJ-20260925-1744,RAW-20260925-TRK-NB-07-01744,2026-09-25T23:40:05Z,41,57335255XXXX,TRK-NB-07,UNMAPPED_TRUNK,2026-09-25T23:57:05Z,false
REJ-20260925-1823,RAW-20260925-TRK-NB-07-01823,2026-09-25T23:42:28Z,33,57330985XXXX,TRK-NB-07,UNMAPPED_TRUNK,2026-09-25T23:59:28Z,false
REJ-20260925-1626,RAW-20260925-TRK-NB-07-01626,2026-09-25T23:44:11Z,46,57331822XXXX,TRK-NB-07,UNMAPPED_TRUNK,2026-09-26T00:01:11Z,false
REJ-20260925-1920,RAW-20260925-TRK-NB-07-01920,2026-09-25T23:44:27Z,771,57387895XXXX,TRK-NB-07,UNMAPPED_TRUNK,2026-09-26T00:01:27Z,false
REJ-20260925-1701,RAW-20260925-TRK-NB-07-01701,2026-09-25T23:46:13Z,5,57375907XXXX,TRK-NB-07,UNMAPPED_TRUNK,2026-09-26T00:03:13Z,false
REJ-20260925-1662,RAW-20260925-TRK-NB-07-01662,2026-09-25T23:47:39Z,720,57327404XXXX,TRK-NB-07,UNMAPPED_TRUNK,2026-09-26T00:04:39Z,false
REJ-20260925-1812,RAW-20260925-TRK-NB-07-01812,2026-09-25T23:48:47Z,196,57344298XXXX,TRK-NB-07,UNMAPPED_TRUNK,2026-09-26T00:05:47Z,false
REJ-20260925-1872,RAW-20260925-TRK-NB-07-01872,2026-09-25T23:58:01Z,4,57352898XXXX,TRK-NB-07,UNMAPPED_TRUNK,2026-09-26T00:15:01Z,false
REJ-20260926-2169,RAW-20260926-TRK-NB-07-02169,2026-09-26T00:01:22Z,134,57332680XXXX,TRK-NB-07,UNMAPPED_TRUNK,2026-09-26T00:18:22Z,false
REJ-20260926-2005,RAW-20260926-TRK-NB-07-02005,2026-09-26T00:03:48Z,255,57303969XXXX,TRK-NB-07,UNMAPPED_TRUNK,2026-09-26T00:20:48Z,false
REJ-20260926-2262,RAW-20260926-TRK-NB-07-02262,2026-09-26T00:08:13Z,154,57351335XXXX,TRK-NB-07,UNMAPPED_TRUNK,2026-09-26T00:25:13Z,false
REJ-20260926-2311,RAW-20260926-TRK-NB-07-02311,2026-09-26T00:12:39Z,121,57332358XXXX,TRK-NB-07,UNMAPPED_TRUNK,2026-09-26T00:29:39Z,false
REJ-20260926-2131,RAW-20260926-TRK-NB-07-02131,2026-09-26T00:15:43Z,37,57371377XXXX,TRK-NB-07,UNMAPPED_TRUNK,2026-09-26T00:32:43Z,false
REJ-20260926-2133,RAW-20260926-TRK-NB-07-02133,2026-09-26T00:28:48Z,16,57344891XXXX,TRK-NB-07,UNMAPPED_TRUNK,2026-09-26T00:45:48Z,false
REJ-20260926-2162,RAW-20260926-TRK-NB-07-02162,2026-09-26T00:30:43Z,149,57346644XXXX,TRK-NB-07,UNMAPPED_TRUNK,2026-09-26T00:47:43Z,false
REJ-20260926-2093,RAW-20260926-TRK-NB-07-02093,2026-09-26T00:32:50Z,171,57392538XXXX,TRK-NB-07,UNMAPPED_TRUNK,2026-09-26T00:49:50Z,false
REJ-20260926-2197,RAW-20260926-TRK-NB-07-02197,2026-09-26T00:34:54Z,164,57381163XXXX,TRK-NB-07,UNMAPPED_TRUNK,2026-09-26T00:51:54Z,false
REJ-20260926-2344,RAW-20260926-TRK-NB-07-02344,2026-09-26T00:39:37Z,112,57380989XXXX,TRK-NB-07,UNMAPPED_TRUNK,2026-09-26T00:56:37Z,false
REJ-20260926-2381,RAW-20260926-TRK-NB-07-02381,2026-09-26T00:44:33Z,232,57327234XXXX,TRK-NB-07,UNMAPPED_TRUNK,2026-09-26T01:01:33Z,false
REJ-20260926-2364,RAW-20260926-TRK-NB-07-02364,2026-09-26T00:45:39Z,18,57381576XXXX,TRK-NB-07,UNMAPPED_TRUNK,2026-09-26T01:02:39Z,false
REJ-20260926-2052,RAW-20260926-TRK-NB-07-02052,2026-09-26T00:55:28Z,223,57365454XXXX,TRK-NB-07,UNMAPPED_TRUNK,2026-09-26T01:12:28Z,false
REJ-20260926-2107,RAW-20260926-TRK-NB-07-02107,2026-09-26T00:59:44Z,310,57322330XXXX,TRK-NB-07,UNMAPPED_TRUNK,2026-09-26T01:16:44Z,false
REJ-20260926-2136,RAW-20260926-TRK-NB-07-02136,2026-09-26T00:59:49Z,180,57311132XXXX,TRK-NB-07,UNMAPPED_TRUNK,2026-09-26T01:16:49Z,false
REJ-20260926-2256,RAW-20260926-TRK-NB-07-02256,2026-09-26T01:02:09Z,15,57351981XXXX,TRK-NB-07,UNMAPPED_TRUNK,2026-09-26T01:19:09Z,false
REJ-20260926-2227,RAW-20260926-TRK-NB-07-02227,2026-09-26T01:03:00Z,234,57390204XXXX,TRK-NB-07,UNMAPPED_TRUNK,2026-09-26T01:20:00Z,false
REJ-20260926-2223,RAW-20260926-TRK-NB-07-02223,2026-09-26T01:07:01Z,88,57328679XXXX,TRK-NB-07,UNMAPPED_TRUNK,2026-09-26T01:24:01Z,false
REJ-20260926-2067,RAW-20260926-TRK-NB-07-02067,2026-09-26T01:16:43Z,469,57383264XXXX,TRK-NB-07,UNMAPPED_TRUNK,2026-09-26T01:33:43Z,false
REJ-20260926-2328,RAW-20260926-TRK-NB-07-02328,2026-09-26T01:21:26Z,6,57345629XXXX,TRK-NB-07,UNMAPPED_TRUNK,2026-09-26T01:38:26Z,false
REJ-20260926-2244,RAW-20260926-TRK-NB-07-02244,2026-09-26T01:22:18Z,26,57333348XXXX,TRK-NB-07,UNMAPPED_TRUNK,2026-09-26T01:39:18Z,false
REJ-20260926-2359,RAW-20260926-TRK-NB-07-02359,2026-09-26T01:24:03Z,38,57334959XXXX,TRK-NB-07,UNMAPPED_TRUNK,2026-09-26T01:41:03Z,false
REJ-20260926-2102,RAW-20260926-TRK-NB-07-02102,2026-09-26T01:28:52Z,18,57329001XXXX,TRK-NB-07,UNMAPPED_TRUNK,2026-09-26T01:45:52Z,false
REJ-20260926-2201,RAW-20260926-TRK-NB-07-02201,2026-09-26T01:30:44Z,551,57335690XXXX,TRK-NB-07,UNMAPPED_TRUNK,2026-09-26T01:47:44Z,false
REJ-20260926-2214,RAW-20260926-TRK-NB-07-02214,2026-09-26T01:32:10Z,100,57306508XXXX,TRK-NB-07,UNMAPPED_TRUNK,2026-09-26T01:49:10Z,false
REJ-20260926-2110,RAW-20260926-TRK-NB-07-02110,2026-09-26T01:33:40Z,141,57356753XXXX,TRK-NB-07,UNMAPPED_TRUNK,2026-09-26T01:50:40Z,false
REJ-20260926-2297,RAW-20260926-TRK-NB-07-02297,2026-09-26T01:39:38Z,195,57369102XXXX,TRK-NB-07,UNMAPPED_TRUNK,2026-09-26T01:56:38Z,false
REJ-20260926-2287,RAW-20260926-TRK-NB-07-02287,2026-09-26T01:47:37Z,10,57382763XXXX,TRK-NB-07,UNMAPPED_TRUNK,2026-09-26T02:04:37Z,false
REJ-20260926-2132,RAW-20260926-TRK-NB-07-02132,2026-09-26T01:47:45Z,119,57393615XXXX,TRK-NB-07,UNMAPPED_TRUNK,2026-09-26T02:04:45Z,false
REJ-20260926-2010,RAW-20260926-TRK-NB-07-02010,2026-09-26T01:51:29Z,56,57331843XXXX,TRK-NB-07,UNMAPPED_TRUNK,2026-09-26T02:08:29Z,false
REJ-20260926-2231,RAW-20260926-TRK-NB-07-02231,2026-09-26T01:51:40Z,59,57367639XXXX,TRK-NB-07,UNMAPPED_TRUNK,2026-09-26T02:08:40Z,false
REJ-20260926-2128,RAW-20260926-TRK-NB-07-02128,2026-09-26T02:12:24Z,2,57337889XXXX,TRK-NB-07,UNMAPPED_TRUNK,2026-09-26T02:29:24Z,false
REJ-20260926-2118,RAW-20260926-TRK-NB-07-02118,2026-09-26T02:19:41Z,284,57378655XXXX,TRK-NB-07,UNMAPPED_TRUNK,2026-09-26T02:36:41Z,false
REJ-20260926-2016,RAW-20260926-TRK-NB-07-02016,2026-09-26T02:20:54Z,17,57327342XXXX,TRK-NB-07,UNMAPPED_TRUNK,2026-09-26T02:37:54Z,false
REJ-20260926-2291,RAW-20260926-TRK-NB-07-02291,2026-09-26T02:22:13Z,101,57385198XXXX,TRK-NB-07,UNMAPPED_TRUNK,2026-09-26T02:39:13Z,false
REJ-20260926-2319,RAW-20260926-TRK-NB-07-02319,2026-09-26T02:24:11Z,97,57386062XXXX,TRK-NB-07,UNMAPPED_TRUNK,2026-09-26T02:41:11Z,false
REJ-20260926-2366,RAW-20260926-TRK-NB-07-02366,2026-09-26T02:25:55Z,616,57319161XXXX,TRK-NB-07,UNMAPPED_TRUNK,2026-09-26T02:42:55Z,false
REJ-20260926-2139,RAW-20260926-TRK-NB-07-02139,2026-09-26T02:27:47Z,103,57312525XXXX,TRK-NB-07,UNMAPPED_TRUNK,2026-09-26T02:44:47Z,false
REJ-20260926-2095,RAW-20260926-TRK-NB-07-02095,2026-09-26T02:29:40Z,36,57377590XXXX,TRK-NB-07,UNMAPPED_TRUNK,2026-09-26T02:46:40Z,false
REJ-20260926-2019,RAW-20260926-TRK-NB-07-02019,2026-09-26T02:31:16Z,91,57341552XXXX,TRK-NB-07,UNMAPPED_TRUNK,2026-09-26T02:48:16Z,false
REJ-20260926-2006,RAW-20260926-TRK-NB-07-02006,2026-09-26T02:32:20Z,37,57338839XXXX,TRK-NB-07,UNMAPPED_TRUNK,2026-09-26T02:49:20Z,false
REJ-20260926-2167,RAW-20260926-TRK-NB-07-02167,2026-09-26T02:37:05Z,16,57344856XXXX,TRK-NB-07,UNMAPPED_TRUNK,2026-09-26T02:54:05Z,false
REJ-20260926-2271,RAW-20260926-TRK-NB-07-02271,2026-09-26T02:38:10Z,156,57321758XXXX,TRK-NB-07,UNMAPPED_TRUNK,2026-09-26T02:55:10Z,false
REJ-20260926-2234,RAW-20260926-TRK-NB-07-02234,2026-09-26T02:40:40Z,233,57346678XXXX,TRK-NB-07,UNMAPPED_TRUNK,2026-09-26T02:57:40Z,false
REJ-20260926-2120,RAW-20260926-TRK-NB-07-02120,2026-09-26T02:43:11Z,77,57332159XXXX,TRK-NB-07,UNMAPPED_TRUNK,2026-09-26T03:00:11Z,false
REJ-20260926-2051,RAW-20260926-TRK-NB-07-02051,2026-09-26T02:44:47Z,6,57318893XXXX,TRK-NB-07,UNMAPPED_TRUNK,2026-09-26T03:01:47Z,false
REJ-20260926-2290,RAW-20260926-TRK-NB-07-02290,2026-09-26T02:49:24Z,59,57307993XXXX,TRK-NB-07,UNMAPPED_TRUNK,2026-09-26T03:06:24Z,false
REJ-20260926-2059,RAW-20260926-TRK-NB-07-02059,2026-09-26T02:52:38Z,329,57323224XXXX,TRK-NB-07,UNMAPPED_TRUNK,2026-09-26T03:09:38Z,false
REJ-20260926-2142,RAW-20260926-TRK-NB-07-02142,2026-09-26T02:52:50Z,381,57392864XXXX,TRK-NB-07,UNMAPPED_TRUNK,2026-09-26T03:09:50Z,false
REJ-20260926-2399,RAW-20260926-TRK-NB-07-02399,2026-09-26T02:54:07Z,23,57302228XXXX,TRK-NB-07,UNMAPPED_TRUNK,2026-09-26T03:11:07Z,false
REJ-20260926-2348,RAW-20260926-TRK-NB-07-02348,2026-09-26T02:54:33Z,232,57384137XXXX,TRK-NB-07,UNMAPPED_TRUNK,2026-09-26T03:11:33Z,false
REJ-20260926-2274,RAW-20260926-TRK-NB-07-02274,2026-09-26T02:58:09Z,259,57304635XXXX,TRK-NB-07,UNMAPPED_TRUNK,2026-09-26T03:15:09Z,false
REJ-20260926-2163,RAW-20260926-TRK-NB-07-02163,2026-09-26T02:58:55Z,76,57330804XXXX,TRK-NB-07,UNMAPPED_TRUNK,2026-09-26T03:15:55Z,false
REJ-20260926-2039,RAW-20260926-TRK-NB-07-02039,2026-09-26T02:59:26Z,147,57381931XXXX,TRK-NB-07,UNMAPPED_TRUNK,2026-09-26T03:16:26Z,false
REJ-20260926-2108,RAW-20260926-TRK-NB-07-02108,2026-09-26T03:07:12Z,487,57397942XXXX,TRK-NB-07,UNMAPPED_TRUNK,2026-09-26T03:24:12Z,false
REJ-20260926-2304,RAW-20260926-TRK-NB-07-02304,2026-09-26T03:13:12Z,219,57363482XXXX,TRK-NB-07,UNMAPPED_TRUNK,2026-09-26T03:30:12Z,false
REJ-20260926-2215,RAW-20260926-TRK-NB-07-02215,2026-09-26T03:16:31Z,33,57378508XXXX,TRK-NB-07,UNMAPPED_TRUNK,2026-09-26T03:33:31Z,false
REJ-20260926-2336,RAW-20260926-TRK-NB-07-02336,2026-09-26T03:21:48Z,47,57386952XXXX,TRK-NB-07,UNMAPPED_TRUNK,2026-09-26T03:38:48Z,false
REJ-20260926-2094,RAW-20260926-TRK-NB-07-02094,2026-09-26T03:22:51Z,560,57327786XXXX,TRK-NB-07,UNMAPPED_TRUNK,2026-09-26T03:39:51Z,false
REJ-20260926-2130,RAW-20260926-TRK-NB-07-02130,2026-09-26T03:26:18Z,69,57349561XXXX,TRK-NB-07,UNMAPPED_TRUNK,2026-09-26T03:43:18Z,false
REJ-20260926-2277,RAW-20260926-TRK-NB-07-02277,2026-09-26T03:27:21Z,44,57394055XXXX,TRK-NB-07,UNMAPPED_TRUNK,2026-09-26T03:44:21Z,false
REJ-20260926-2153,RAW-20260926-TRK-NB-07-02153,2026-09-26T03:30:53Z,52,57307687XXXX,TRK-NB-07,UNMAPPED_TRUNK,2026-09-26T03:47:53Z,false
REJ-20260926-2308,RAW-20260926-TRK-NB-07-02308,2026-09-26T03:41:52Z,154,57309587XXXX,TRK-NB-07,UNMAPPED_TRUNK,2026-09-26T03:58:52Z,false
REJ-20260926-2253,RAW-20260926-TRK-NB-07-02253,2026-09-26T03:42:53Z,204,57394000XXXX,TRK-NB-07,UNMAPPED_TRUNK,2026-09-26T03:59:53Z,false
REJ-20260926-2320,RAW-20260926-TRK-NB-07-02320,2026-09-26T03:54:28Z,275,57330889XXXX,TRK-NB-07,UNMAPPED_TRUNK,2026-09-26T04:11:28Z,false
REJ-20260926-2106,RAW-20260926-TRK-NB-07-02106,2026-09-26T03:55:58Z,1,57381879XXXX,TRK-NB-07,UNMAPPED_TRUNK,2026-09-26T04:12:58Z,false
REJ-20260926-2184,RAW-20260926-TRK-NB-07-02184,2026-09-26T04:04:22Z,100,57320244XXXX,TRK-NB-07,UNMAPPED_TRUNK,2026-09-26T04:21:22Z,false
REJ-20260926-2327,RAW-20260926-TRK-NB-07-02327,2026-09-26T04:07:02Z,161,57333463XXXX,TRK-NB-07,UNMAPPED_TRUNK,2026-09-26T04:24:02Z,false
REJ-20260926-2356,RAW-20260926-TRK-NB-07-02356,2026-09-26T04:07:29Z,149,57330136XXXX,TRK-NB-07,UNMAPPED_TRUNK,2026-09-26T04:24:29Z,false
REJ-20260926-2224,RAW-20260926-TRK-NB-07-02224,2026-09-26T04:09:37Z,39,57377777XXXX,TRK-NB-07,UNMAPPED_TRUNK,2026-09-26T04:26:37Z,false
REJ-20260926-2309,RAW-20260926-TRK-NB-07-02309,2026-09-26T04:12:19Z,1332,57391629XXXX,TRK-NB-07,UNMAPPED_TRUNK,2026-09-26T04:29:19Z,false
REJ-20260926-2151,RAW-20260926-TRK-NB-07-02151,2026-09-26T04:14:03Z,157,57344179XXXX,TRK-NB-07,UNMAPPED_TRUNK,2026-09-26T04:31:03Z,false
REJ-20260926-2261,RAW-20260926-TRK-NB-07-02261,2026-09-26T04:15:16Z,189,57323649XXXX,TRK-NB-07,UNMAPPED_TRUNK,2026-09-26T04:32:16Z,false
REJ-20260926-2307,RAW-20260926-TRK-NB-07-02307,2026-09-26T04:17:21Z,107,57340309XXXX,TRK-NB-07,UNMAPPED_TRUNK,2026-09-26T04:34:21Z,false
REJ-20260926-2063,RAW-20260926-TRK-NB-07-02063,2026-09-26T04:20:31Z,69,57359948XXXX,TRK-NB-07,UNMAPPED_TRUNK,2026-09-26T04:37:31Z,false
REJ-20260926-2323,RAW-20260926-TRK-NB-07-02323,2026-09-26T04:26:26Z,263,57360650XXXX,TRK-NB-07,UNMAPPED_TRUNK,2026-09-26T04:43:26Z,false
REJ-20260926-2050,RAW-20260926-TRK-NB-07-02050,2026-09-26T04:26:49Z,46,57389530XXXX,TRK-NB-07,UNMAPPED_TRUNK,2026-09-26T04:43:49Z,false
REJ-20260926-2075,RAW-20260926-TRK-NB-07-02075,2026-09-26T04:31:56Z,3,57390866XXXX,TRK-NB-07,UNMAPPED_TRUNK,2026-09-26T04:48:56Z,false
REJ-20260926-2070,RAW-20260926-TRK-NB-07-02070,2026-09-26T04:36:52Z,39,57351457XXXX,TRK-NB-07,UNMAPPED_TRUNK,2026-09-26T04:53:52Z,false
REJ-20260926-2060,RAW-20260926-TRK-NB-07-02060,2026-09-26T04:38:40Z,2,57397716XXXX,TRK-NB-07,UNMAPPED_TRUNK,2026-09-26T04:55:40Z,false
REJ-20260926-2316,RAW-20260926-TRK-NB-07-02316,2026-09-26T04:46:41Z,158,57373265XXXX,TRK-NB-07,UNMAPPED_TRUNK,2026-09-26T05:03:41Z,false
REJ-20260926-2305,RAW-20260926-TRK-NB-07-02305,2026-09-26T05:02:31Z,8,57309730XXXX,TRK-NB-07,UNMAPPED_TRUNK,2026-09-26T05:19:31Z,false
REJ-20260926-2069,RAW-20260926-TRK-NB-07-02069,2026-09-26T05:11:44Z,1,57330547XXXX,TRK-NB-07,UNMAPPED_TRUNK,2026-09-26T05:28:44Z,false
REJ-20260926-2198,RAW-20260926-TRK-NB-07-02198,2026-09-26T05:20:46Z,77,57353149XXXX,TRK-NB-07,UNMAPPED_TRUNK,2026-09-26T05:37:46Z,false
REJ-20260926-2113,RAW-20260926-TRK-NB-07-02113,2026-09-26T05:23:12Z,155,57351275XXXX,TRK-NB-07,UNMAPPED_TRUNK,2026-09-26T05:40:12Z,false
REJ-20260926-2178,RAW-20260926-TRK-NB-07-02178,2026-09-26T05:27:07Z,46,57325266XXXX,TRK-NB-07,UNMAPPED_TRUNK,2026-09-26T05:44:07Z,false
REJ-20260926-2206,RAW-20260926-TRK-NB-07-02206,2026-09-26T05:27:46Z,91,57346814XXXX,TRK-NB-07,UNMAPPED_TRUNK,2026-09-26T05:44:46Z,false
REJ-20260926-2049,RAW-20260926-TRK-NB-07-02049,2026-09-26T05:33:10Z,520,57335372XXXX,TRK-NB-07,UNMAPPED_TRUNK,2026-09-26T05:50:10Z,false
REJ-20260926-2149,RAW-20260926-TRK-NB-07-02149,2026-09-26T05:34:38Z,157,57339108XXXX,TRK-NB-07,UNMAPPED_TRUNK,2026-09-26T05:51:38Z,false
REJ-20260926-2284,RAW-20260926-TRK-NB-07-02284,2026-09-26T05:40:05Z,211,57324068XXXX,TRK-NB-07,UNMAPPED_TRUNK,2026-09-26T05:57:05Z,false
REJ-20260926-2180,RAW-20260926-TRK-NB-07-02180,2026-09-26T05:44:41Z,203,57316860XXXX,TRK-NB-07,UNMAPPED_TRUNK,2026-09-26T06:01:41Z,false
REJ-20260926-2232,RAW-20260926-TRK-NB-07-02232,2026-09-26T05:57:37Z,32,57346886XXXX,TRK-NB-07,UNMAPPED_TRUNK,2026-09-26T06:14:37Z,false
REJ-20260926-2222,RAW-20260926-TRK-NB-07-02222,2026-09-26T05:59:33Z,318,57302599XXXX,TRK-NB-07,UNMAPPED_TRUNK,2026-09-26T06:16:33Z,false
REJ-20260926-2283,RAW-20260926-TRK-NB-07-02283,2026-09-26T06:02:14Z,104,57303502XXXX,TRK-NB-07,UNMAPPED_TRUNK,2026-09-26T06:19:14Z,false
REJ-20260926-2056,RAW-20260926-TRK-NB-07-02056,2026-09-26T06:03:13Z,21,57377113XXXX,TRK-NB-07,UNMAPPED_TRUNK,2026-09-26T06:20:13Z,false
REJ-20260926-2353,RAW-20260926-TRK-NB-07-02353,2026-09-26T06:08:03Z,26,57322961XXXX,TRK-NB-07,UNMAPPED_TRUNK,2026-09-26T06:25:03Z,false
REJ-20260926-2238,RAW-20260926-TRK-NB-07-02238,2026-09-26T06:10:54Z,388,57303905XXXX,TRK-NB-07,UNMAPPED_TRUNK,2026-09-26T06:27:54Z,false
REJ-20260926-2138,RAW-20260926-TRK-NB-07-02138,2026-09-26T06:11:49Z,77,57353995XXXX,TRK-NB-07,UNMAPPED_TRUNK,2026-09-26T06:28:49Z,false
REJ-20260926-2097,RAW-20260926-TRK-NB-07-02097,2026-09-26T06:12:03Z,153,57343498XXXX,TRK-NB-07,UNMAPPED_TRUNK,2026-09-26T06:29:03Z,false
REJ-20260926-2329,RAW-20260926-TRK-NB-07-02329,2026-09-26T06:16:24Z,34,57397598XXXX,TRK-NB-07,UNMAPPED_TRUNK,2026-09-26T06:33:24Z,false
REJ-20260926-2001,RAW-20260926-TRK-NB-07-02001,2026-09-26T06:16:55Z,17,57338198XXXX,TRK-NB-07,UNMAPPED_TRUNK,2026-09-26T06:33:55Z,false
REJ-20260926-2218,RAW-20260926-TRK-NB-07-02218,2026-09-26T06:17:35Z,892,57361920XXXX,TRK-NB-07,UNMAPPED_TRUNK,2026-09-26T06:34:35Z,false
REJ-20260926-2322,RAW-20260926-TRK-NB-07-02322,2026-09-26T06:19:24Z,355,57364369XXXX,TRK-NB-07,UNMAPPED_TRUNK,2026-09-26T06:36:24Z,false
REJ-20260926-2083,RAW-20260926-TRK-NB-07-02083,2026-09-26T06:20:52Z,196,57326194XXXX,TRK-NB-07,UNMAPPED_TRUNK,2026-09-26T06:37:52Z,false
REJ-20260926-2205,RAW-20260926-TRK-NB-07-02205,2026-09-26T06:23:38Z,53,57301733XXXX,TRK-NB-07,UNMAPPED_TRUNK,2026-09-26T06:40:38Z,false
REJ-20260926-2365,RAW-20260926-TRK-NB-07-02365,2026-09-26T06:25:08Z,47,57331812XXXX,TRK-NB-07,UNMAPPED_TRUNK,2026-09-26T06:42:08Z,false
REJ-20260926-2398,RAW-20260926-TRK-NB-07-02398,2026-09-26T06:26:20Z,92,57377102XXXX,TRK-NB-07,UNMAPPED_TRUNK,2026-09-26T06:43:20Z,false
REJ-20260926-2188,RAW-20260926-TRK-NB-07-02188,2026-09-26T06:27:49Z,92,57329304XXXX,TRK-NB-07,UNMAPPED_TRUNK,2026-09-26T06:44:49Z,false
REJ-20260926-2164,RAW-20260926-TRK-NB-07-02164,2026-09-26T06:33:41Z,172,57325244XXXX,TRK-NB-07,UNMAPPED_TRUNK,2026-09-26T06:50:41Z,false
REJ-20260926-2216,RAW-20260926-TRK-NB-07-02216,2026-09-26T06:36:58Z,25,57329763XXXX,TRK-NB-07,UNMAPPED_TRUNK,2026-09-26T06:53:58Z,false
REJ-20260926-2280,RAW-20260926-TRK-NB-07-02280,2026-09-26T06:39:01Z,26,57398982XXXX,TRK-NB-07,UNMAPPED_TRUNK,2026-09-26T06:56:01Z,false
REJ-20260926-2027,RAW-20260926-TRK-NB-07-02027,2026-09-26T06:41:57Z,38,57379436XXXX,TRK-NB-07,UNMAPPED_TRUNK,2026-09-26T06:58:57Z,false
REJ-20260926-2012,RAW-20260926-TRK-NB-07-02012,2026-09-26T06:42:34Z,171,57364949XXXX,TRK-NB-07,UNMAPPED_TRUNK,2026-09-26T06:59:34Z,false
REJ-20260926-2341,RAW-20260926-TRK-NB-07-02341,2026-09-26T06:42:57Z,56,57304753XXXX,TRK-NB-07,UNMAPPED_TRUNK,2026-09-26T06:59:57Z,false
REJ-20260926-2372,RAW-20260926-TRK-NB-07-02372,2026-09-26T06:44:14Z,42,57393043XXXX,TRK-NB-07,UNMAPPED_TRUNK,2026-09-26T07:01:14Z,false
REJ-20260926-D023,RAW-20260926-TRK-NB-03-DUP023,2026-09-26T06:50:37Z,335,57359126XXXX,TRK-NB-03,DUPLICATE,2026-09-26T07:07:37Z,false
REJ-20260926-2228,RAW-20260926-TRK-NB-07-02228,2026-09-26T06:54:55Z,50,57331879XXXX,TRK-NB-07,UNMAPPED_TRUNK,2026-09-26T07:11:55Z,false
REJ-20260926-2092,RAW-20260926-TRK-NB-07-02092,2026-09-26T06:59:26Z,255,57345242XXXX,TRK-NB-07,UNMAPPED_TRUNK,2026-09-26T07:16:26Z,false
REJ-20260926-2189,RAW-20260926-TRK-NB-07-02189,2026-09-26T06:59:49Z,28,57397301XXXX,TRK-NB-07,UNMAPPED_TRUNK,2026-09-26T07:16:49Z,false
REJ-20260926-2265,RAW-20260926-TRK-NB-07-02265,2026-09-26T07:00:08Z,103,57342080XXXX,TRK-NB-07,UNMAPPED_TRUNK,2026-09-26T07:17:08Z,false
REJ-20260926-2054,RAW-20260926-TRK-NB-07-02054,2026-09-26T07:04:47Z,539,57333943XXXX,TRK-NB-07,UNMAPPED_TRUNK,2026-09-26T07:21:47Z,false
REJ-20260926-2122,RAW-20260926-TRK-NB-07-02122,2026-09-26T07:06:25Z,609,57344303XXXX,TRK-NB-07,UNMAPPED_TRUNK,2026-09-26T07:23:25Z,false
REJ-20260926-2212,RAW-20260926-TRK-NB-07-02212,2026-09-26T07:12:36Z,93,57358958XXXX,TRK-NB-07,UNMAPPED_TRUNK,2026-09-26T07:29:36Z,false
REJ-20260926-2038,RAW-20260926-TRK-NB-07-02038,2026-09-26T07:22:29Z,110,57370731XXXX,TRK-NB-07,UNMAPPED_TRUNK,2026-09-26T07:39:29Z,false
REJ-20260926-2121,RAW-20260926-TRK-NB-07-02121,2026-09-26T07:29:55Z,234,57352176XXXX,TRK-NB-07,UNMAPPED_TRUNK,2026-09-26T07:46:55Z,false
REJ-20260926-2057,RAW-20260926-TRK-NB-07-02057,2026-09-26T07:30:09Z,57,57390396XXXX,TRK-NB-07,UNMAPPED_TRUNK,2026-09-26T07:47:09Z,false
REJ-20260926-2202,RAW-20260926-TRK-NB-07-02202,2026-09-26T07:31:40Z,6,57379020XXXX,TRK-NB-07,UNMAPPED_TRUNK,2026-09-26T07:48:40Z,false
REJ-20260926-2298,RAW-20260926-TRK-NB-07-02298,2026-09-26T07:35:38Z,337,57351914XXXX,TRK-NB-07,UNMAPPED_TRUNK,2026-09-26T07:52:38Z,false
REJ-20260926-2275,RAW-20260926-TRK-NB-07-02275,2026-09-26T07:39:51Z,235,57316173XXXX,TRK-NB-07,UNMAPPED_TRUNK,2026-09-26T07:56:51Z,false
REJ-20260926-2186,RAW-20260926-TRK-NB-07-02186,2026-09-26T07:43:41Z,131,57326696XXXX,TRK-NB-07,UNMAPPED_TRUNK,2026-09-26T08:00:41Z,false
REJ-20260926-2299,RAW-20260926-TRK-NB-07-02299,2026-09-26T07:48:23Z,154,57305207XXXX,TRK-NB-07,UNMAPPED_TRUNK,2026-09-26T08:05:23Z,false
REJ-20260926-2317,RAW-20260926-TRK-NB-07-02317,2026-09-26T07:48:34Z,278,57374943XXXX,TRK-NB-07,UNMAPPED_TRUNK,2026-09-26T08:05:34Z,false
REJ-20260926-2176,RAW-20260926-TRK-NB-07-02176,2026-09-26T07:49:59Z,52,57328828XXXX,TRK-NB-07,UNMAPPED_TRUNK,2026-09-26T08:06:59Z,false
REJ-20260926-2373,RAW-20260926-TRK-NB-07-02373,2026-09-26T07:51:15Z,49,57337737XXXX,TRK-NB-07,UNMAPPED_TRUNK,2026-09-26T08:08:15Z,false
REJ-20260926-2376,RAW-20260926-TRK-NB-07-02376,2026-09-26T07:53:46Z,240,57361672XXXX,TRK-NB-07,UNMAPPED_TRUNK,2026-09-26T08:10:46Z,false
REJ-20260926-2270,RAW-20260926-TRK-NB-07-02270,2026-09-26T07:54:19Z,112,57397735XXXX,TRK-NB-07,UNMAPPED_TRUNK,2026-09-26T08:11:19Z,false
REJ-20260926-2267,RAW-20260926-TRK-NB-07-02267,2026-09-26T08:05:31Z,24,57310330XXXX,TRK-NB-07,UNMAPPED_TRUNK,2026-09-26T08:22:31Z,false
REJ-20260926-2179,RAW-20260926-TRK-NB-07-02179,2026-09-26T08:09:21Z,29,57351079XXXX,TRK-NB-07,UNMAPPED_TRUNK,2026-09-26T08:26:21Z,false
REJ-20260926-2302,RAW-20260926-TRK-NB-07-02302,2026-09-26T08:09:22Z,518,57358028XXXX,TRK-NB-07,UNMAPPED_TRUNK,2026-09-26T08:26:22Z,false
REJ-20260926-2382,RAW-20260926-TRK-NB-07-02382,2026-09-26T08:09:28Z,231,57393916XXXX,TRK-NB-07,UNMAPPED_TRUNK,2026-09-26T08:26:28Z,false
REJ-20260926-2072,RAW-20260926-TRK-NB-07-02072,2026-09-26T08:11:13Z,864,57339308XXXX,TRK-NB-07,UNMAPPED_TRUNK,2026-09-26T08:28:13Z,false
REJ-20260926-2251,RAW-20260926-TRK-NB-07-02251,2026-09-26T08:12:49Z,77,57339495XXXX,TRK-NB-07,UNMAPPED_TRUNK,2026-09-26T08:29:49Z,false
REJ-20260926-2096,RAW-20260926-TRK-NB-07-02096,2026-09-26T08:13:18Z,4,57311441XXXX,TRK-NB-07,UNMAPPED_TRUNK,2026-09-26T08:30:18Z,false
REJ-20260926-2007,RAW-20260926-TRK-NB-07-02007,2026-09-26T08:13:53Z,57,57391307XXXX,TRK-NB-07,UNMAPPED_TRUNK,2026-09-26T08:30:53Z,false
REJ-20260926-2272,RAW-20260926-TRK-NB-07-02272,2026-09-26T08:21:28Z,4,57329989XXXX,TRK-NB-07,UNMAPPED_TRUNK,2026-09-26T08:38:28Z,false
REJ-20260926-2340,RAW-20260926-TRK-NB-07-02340,2026-09-26T08:23:09Z,1,57378983XXXX,TRK-NB-07,UNMAPPED_TRUNK,2026-09-26T08:40:09Z,false
REJ-20260926-2301,RAW-20260926-TRK-NB-07-02301,2026-09-26T08:24:47Z,50,57321016XXXX,TRK-NB-07,UNMAPPED_TRUNK,2026-09-26T08:41:47Z,false
REJ-20260926-2043,RAW-20260926-TRK-NB-07-02043,2026-09-26T08:29:38Z,162,57370221XXXX,TRK-NB-07,UNMAPPED_TRUNK,2026-09-26T08:46:38Z,false
REJ-20260926-2073,RAW-20260926-TRK-NB-07-02073,2026-09-26T08:30:08Z,426,57388763XXXX,TRK-NB-07,UNMAPPED_TRUNK,2026-09-26T08:47:08Z,false
REJ-20260926-2192,RAW-20260926-TRK-NB-07-02192,2026-09-26T08:34:24Z,22,57332053XXXX,TRK-NB-07,UNMAPPED_TRUNK,2026-09-26T08:51:24Z,false
REJ-20260926-2312,RAW-20260926-TRK-NB-07-02312,2026-09-26T08:34:51Z,78,57327455XXXX,TRK-NB-07,UNMAPPED_TRUNK,2026-09-26T08:51:51Z,false
REJ-20260926-2392,RAW-20260926-TRK-NB-07-02392,2026-09-26T08:35:53Z,237,57321280XXXX,TRK-NB-07,UNMAPPED_TRUNK,2026-09-26T08:52:53Z,false
REJ-20260926-2105,RAW-20260926-TRK-NB-07-02105,2026-09-26T08:52:25Z,31,57345797XXXX,TRK-NB-07,UNMAPPED_TRUNK,2026-09-26T09:09:25Z,false
REJ-20260926-2358,RAW-20260926-TRK-NB-07-02358,2026-09-26T08:52:32Z,29,57341018XXXX,TRK-NB-07,UNMAPPED_TRUNK,2026-09-26T09:09:32Z,false
REJ-20260926-2037,RAW-20260926-TRK-NB-07-02037,2026-09-26T08:55:27Z,19,57391013XXXX,TRK-NB-07,UNMAPPED_TRUNK,2026-09-26T09:12:27Z,false
REJ-20260926-2208,RAW-20260926-TRK-NB-07-02208,2026-09-26T08:56:46Z,263,57322851XXXX,TRK-NB-07,UNMAPPED_TRUNK,2026-09-26T09:13:46Z,false
REJ-20260926-2203,RAW-20260926-TRK-NB-07-02203,2026-09-26T09:01:05Z,55,57380298XXXX,TRK-NB-07,UNMAPPED_TRUNK,2026-09-26T09:18:05Z,false
REJ-20260926-2241,RAW-20260926-TRK-NB-07-02241,2026-09-26T09:05:21Z,60,57322538XXXX,TRK-NB-07,UNMAPPED_TRUNK,2026-09-26T09:22:21Z,false
REJ-20260926-2109,RAW-20260926-TRK-NB-07-02109,2026-09-26T09:12:22Z,36,57320958XXXX,TRK-NB-07,UNMAPPED_TRUNK,2026-09-26T09:29:22Z,false
REJ-20260926-2099,RAW-20260926-TRK-NB-07-02099,2026-09-26T09:12:23Z,44,57303699XXXX,TRK-NB-07,UNMAPPED_TRUNK,2026-09-26T09:29:23Z,false
REJ-20260926-2115,RAW-20260926-TRK-NB-07-02115,2026-09-26T09:21:18Z,5,57321037XXXX,TRK-NB-07,UNMAPPED_TRUNK,2026-09-26T09:38:18Z,false
REJ-20260926-2321,RAW-20260926-TRK-NB-07-02321,2026-09-26T09:21:23Z,302,57303969XXXX,TRK-NB-07,UNMAPPED_TRUNK,2026-09-26T09:38:23Z,false
REJ-20260926-2100,RAW-20260926-TRK-NB-07-02100,2026-09-26T09:26:32Z,338,57371192XXXX,TRK-NB-07,UNMAPPED_TRUNK,2026-09-26T09:43:32Z,false
REJ-20260926-2195,RAW-20260926-TRK-NB-07-02195,2026-09-26T09:28:11Z,14,57359378XXXX,TRK-NB-07,UNMAPPED_TRUNK,2026-09-26T09:45:11Z,false
REJ-20260926-2342,RAW-20260926-TRK-NB-07-02342,2026-09-26T09:29:19Z,32,57371579XXXX,TRK-NB-07,UNMAPPED_TRUNK,2026-09-26T09:46:19Z,false
REJ-20260926-2002,RAW-20260926-TRK-NB-07-02002,2026-09-26T09:31:13Z,99,57345175XXXX,TRK-NB-07,UNMAPPED_TRUNK,2026-09-26T09:48:13Z,false
REJ-20260926-2090,RAW-20260926-TRK-NB-07-02090,2026-09-26T09:31:24Z,53,57301405XXXX,TRK-NB-07,UNMAPPED_TRUNK,2026-09-26T09:48:24Z,false
REJ-20260926-2085,RAW-20260926-TRK-NB-07-02085,2026-09-26T09:36:42Z,2,57393924XXXX,TRK-NB-07,UNMAPPED_TRUNK,2026-09-26T09:53:42Z,false
REJ-20260926-2314,RAW-20260926-TRK-NB-07-02314,2026-09-26T09:37:27Z,92,57354934XXXX,TRK-NB-07,UNMAPPED_TRUNK,2026-09-26T09:54:27Z,false
REJ-20260926-2368,RAW-20260926-TRK-NB-07-02368,2026-09-26T09:40:34Z,34,57327298XXXX,TRK-NB-07,UNMAPPED_TRUNK,2026-09-26T09:57:34Z,false
REJ-20260926-2389,RAW-20260926-TRK-NB-07-02389,2026-09-26T09:42:47Z,1952,57312058XXXX,TRK-NB-07,UNMAPPED_TRUNK,2026-09-26T09:59:47Z,false
REJ-20260926-2036,RAW-20260926-TRK-NB-07-02036,2026-09-26T09:45:15Z,91,57325843XXXX,TRK-NB-07,UNMAPPED_TRUNK,2026-09-26T10:02:15Z,false
REJ-20260926-2303,RAW-20260926-TRK-NB-07-02303,2026-09-26T09:47:47Z,55,57345677XXXX,TRK-NB-07,UNMAPPED_TRUNK,2026-09-26T10:04:47Z,false
REJ-20260926-2360,RAW-20260926-TRK-NB-07-02360,2026-09-26T09:52:04Z,18,57325264XXXX,TRK-NB-07,UNMAPPED_TRUNK,2026-09-26T10:09:04Z,false
REJ-20260926-2243,RAW-20260926-TRK-NB-07-02243,2026-09-26T09:54:54Z,58,57351210XXXX,TRK-NB-07,UNMAPPED_TRUNK,2026-09-26T10:11:54Z,false
REJ-20260926-2034,RAW-20260926-TRK-NB-07-02034,2026-09-26T09:57:12Z,32,57337665XXXX,TRK-NB-07,UNMAPPED_TRUNK,2026-09-26T10:14:12Z,false
REJ-20260926-2397,RAW-20260926-TRK-NB-07-02397,2026-09-26T10:06:32Z,292,57326444XXXX,TRK-NB-07,UNMAPPED_TRUNK,2026-09-26T10:23:32Z,false
REJ-20260926-2053,RAW-20260926-TRK-NB-07-02053,2026-09-26T10:08:13Z,8,57395368XXXX,TRK-NB-07,UNMAPPED_TRUNK,2026-09-26T10:25:13Z,false
REJ-20260926-2315,RAW-20260926-TRK-NB-07-02315,2026-09-26T10:16:42Z,149,57308346XXXX,TRK-NB-07,UNMAPPED_TRUNK,2026-09-26T10:33:42Z,false
REJ-20260926-2088,RAW-20260926-TRK-NB-07-02088,2026-09-26T10:28:47Z,706,57359843XXXX,TRK-NB-07,UNMAPPED_TRUNK,2026-09-26T10:45:47Z,false
REJ-20260926-2279,RAW-20260926-TRK-NB-07-02279,2026-09-26T10:29:28Z,269,57333091XXXX,TRK-NB-07,UNMAPPED_TRUNK,2026-09-26T10:46:28Z,false
REJ-20260926-2383,RAW-20260926-TRK-NB-07-02383,2026-09-26T10:34:42Z,57,57394222XXXX,TRK-NB-07,UNMAPPED_TRUNK,2026-09-26T10:51:42Z,false
REJ-20260926-2022,RAW-20260926-TRK-NB-07-02022,2026-09-26T10:34:57Z,34,57395194XXXX,TRK-NB-07,UNMAPPED_TRUNK,2026-09-26T10:51:57Z,false
REJ-20260926-2111,RAW-20260926-TRK-NB-07-02111,2026-09-26T10:35:16Z,195,57347135XXXX,TRK-NB-07,UNMAPPED_TRUNK,2026-09-26T10:52:16Z,false
REJ-20260926-2268,RAW-20260926-TRK-NB-07-02268,2026-09-26T10:37:13Z,150,57397454XXXX,TRK-NB-07,UNMAPPED_TRUNK,2026-09-26T10:54:13Z,false
REJ-20260926-2086,RAW-20260926-TRK-NB-07-02086,2026-09-26T10:37:53Z,140,57370433XXXX,TRK-NB-07,UNMAPPED_TRUNK,2026-09-26T10:54:53Z,false
REJ-20260926-2147,RAW-20260926-TRK-NB-07-02147,2026-09-26T10:42:30Z,2,57356132XXXX,TRK-NB-07,UNMAPPED_TRUNK,2026-09-26T10:59:30Z,false
REJ-20260926-2011,RAW-20260926-TRK-NB-07-02011,2026-09-26T10:50:34Z,29,57307587XXXX,TRK-NB-07,UNMAPPED_TRUNK,2026-09-26T11:07:34Z,false
REJ-20260926-2148,RAW-20260926-TRK-NB-07-02148,2026-09-26T10:53:11Z,37,57331189XXXX,TRK-NB-07,UNMAPPED_TRUNK,2026-09-26T11:10:11Z,false
REJ-20260926-2140,RAW-20260926-TRK-NB-07-02140,2026-09-26T10:56:09Z,37,57309080XXXX,TRK-NB-07,UNMAPPED_TRUNK,2026-09-26T11:13:09Z,false
REJ-20260926-2292,RAW-20260926-TRK-NB-07-02292,2026-09-26T10:56:43Z,4,57361859XXXX,TRK-NB-07,UNMAPPED_TRUNK,2026-09-26T11:13:43Z,false
REJ-20260926-2119,RAW-20260926-TRK-NB-07-02119,2026-09-26T11:16:19Z,387,57318627XXXX,TRK-NB-07,UNMAPPED_TRUNK,2026-09-26T11:33:19Z,false
REJ-20260926-2032,RAW-20260926-TRK-NB-07-02032,2026-09-26T11:20:01Z,20,57316671XXXX,TRK-NB-07,UNMAPPED_TRUNK,2026-09-26T11:37:01Z,false
REJ-20260926-2395,RAW-20260926-TRK-NB-07-02395,2026-09-26T11:20:14Z,15,57328299XXXX,TRK-NB-07,UNMAPPED_TRUNK,2026-09-26T11:37:14Z,false
REJ-20260926-2024,RAW-20260926-TRK-NB-07-02024,2026-09-26T11:28:45Z,95,57337964XXXX,TRK-NB-07,UNMAPPED_TRUNK,2026-09-26T11:45:45Z,false
REJ-20260926-2371,RAW-20260926-TRK-NB-07-02371,2026-09-26T11:32:05Z,77,57349267XXXX,TRK-NB-07,UNMAPPED_TRUNK,2026-09-26T11:49:05Z,false
REJ-20260926-2391,RAW-20260926-TRK-NB-07-02391,2026-09-26T11:33:58Z,772,57326974XXXX,TRK-NB-07,UNMAPPED_TRUNK,2026-09-26T11:50:58Z,false
REJ-20260926-2220,RAW-20260926-TRK-NB-07-02220,2026-09-26T11:43:32Z,1,57318025XXXX,TRK-NB-07,UNMAPPED_TRUNK,2026-09-26T12:00:32Z,false
REJ-20260926-2200,RAW-20260926-TRK-NB-07-02200,2026-09-26T11:43:49Z,31,57383799XXXX,TRK-NB-07,UNMAPPED_TRUNK,2026-09-26T12:00:49Z,false
REJ-20260926-2295,RAW-20260926-TRK-NB-07-02295,2026-09-26T11:45:07Z,102,57397873XXXX,TRK-NB-07,UNMAPPED_TRUNK,2026-09-26T12:02:07Z,false
REJ-20260926-2062,RAW-20260926-TRK-NB-07-02062,2026-09-26T11:57:50Z,562,57317318XXXX,TRK-NB-07,UNMAPPED_TRUNK,2026-09-26T12:14:50Z,false
REJ-20260926-2080,RAW-20260926-TRK-NB-07-02080,2026-09-26T12:01:23Z,259,57344780XXXX,TRK-NB-07,UNMAPPED_TRUNK,2026-09-26T12:18:23Z,false
REJ-20260926-2240,RAW-20260926-TRK-NB-07-02240,2026-09-26T12:04:51Z,22,57307326XXXX,TRK-NB-07,UNMAPPED_TRUNK,2026-09-26T12:21:51Z,false
REJ-20260926-2146,RAW-20260926-TRK-NB-07-02146,2026-09-26T12:10:37Z,407,57335802XXXX,TRK-NB-07,UNMAPPED_TRUNK,2026-09-26T12:27:37Z,false
REJ-20260926-2065,RAW-20260926-TRK-NB-07-02065,2026-09-26T12:13:40Z,8,57305244XXXX,TRK-NB-07,UNMAPPED_TRUNK,2026-09-26T12:30:40Z,false
REJ-20260926-2235,RAW-20260926-TRK-NB-07-02235,2026-09-26T12:16:20Z,180,57399461XXXX,TRK-NB-07,UNMAPPED_TRUNK,2026-09-26T12:33:20Z,false
REJ-20260926-2144,RAW-20260926-TRK-NB-07-02144,2026-09-26T12:17:04Z,162,57342422XXXX,TRK-NB-07,UNMAPPED_TRUNK,2026-09-26T12:34:04Z,false
REJ-20260926-2041,RAW-20260926-TRK-NB-07-02041,2026-09-26T12:17:34Z,826,57393668XXXX,TRK-NB-07,UNMAPPED_TRUNK,2026-09-26T12:34:34Z,false
REJ-20260926-2226,RAW-20260926-TRK-NB-07-02226,2026-09-26T12:20:06Z,62,57390375XXXX,TRK-NB-07,UNMAPPED_TRUNK,2026-09-26T12:37:06Z,false
REJ-20260926-2127,RAW-20260926-TRK-NB-07-02127,2026-09-26T12:21:12Z,32,57343887XXXX,TRK-NB-07,UNMAPPED_TRUNK,2026-09-26T12:38:12Z,false
REJ-20260926-2380,RAW-20260926-TRK-NB-07-02380,2026-09-26T12:24:05Z,69,57348384XXXX,TRK-NB-07,UNMAPPED_TRUNK,2026-09-26T12:41:05Z,false
REJ-20260926-2236,RAW-20260926-TRK-NB-07-02236,2026-09-26T12:29:24Z,54,57363387XXXX,TRK-NB-07,UNMAPPED_TRUNK,2026-09-26T12:46:24Z,false
REJ-20260926-2137,RAW-20260926-TRK-NB-07-02137,2026-09-26T12:35:13Z,415,57334822XXXX,TRK-NB-07,UNMAPPED_TRUNK,2026-09-26T12:52:13Z,false
REJ-20260926-2014,RAW-20260926-TRK-NB-07-02014,2026-09-26T12:35:56Z,89,57360943XXXX,TRK-NB-07,UNMAPPED_TRUNK,2026-09-26T12:52:56Z,false
REJ-20260926-2071,RAW-20260926-TRK-NB-07-02071,2026-09-26T12:37:28Z,32,57379064XXXX,TRK-NB-07,UNMAPPED_TRUNK,2026-09-26T12:54:28Z,false
REJ-20260926-2157,RAW-20260926-TRK-NB-07-02157,2026-09-26T12:39:07Z,23,57358570XXXX,TRK-NB-07,UNMAPPED_TRUNK,2026-09-26T12:56:07Z,false
REJ-20260926-2135,RAW-20260926-TRK-NB-07-02135,2026-09-26T12:39:26Z,30,57360307XXXX,TRK-NB-07,UNMAPPED_TRUNK,2026-09-26T12:56:26Z,false
REJ-20260926-2354,RAW-20260926-TRK-NB-07-02354,2026-09-26T12:51:21Z,112,57379893XXXX,TRK-NB-07,UNMAPPED_TRUNK,2026-09-26T13:08:21Z,false
REJ-20260926-2247,RAW-20260926-TRK-NB-07-02247,2026-09-26T12:55:52Z,46,57363234XXXX,TRK-NB-07,UNMAPPED_TRUNK,2026-09-26T13:12:52Z,false
REJ-20260926-2386,RAW-20260926-TRK-NB-07-02386,2026-09-26T12:56:03Z,28,57337589XXXX,TRK-NB-07,UNMAPPED_TRUNK,2026-09-26T13:13:03Z,false
REJ-20260926-2161,RAW-20260926-TRK-NB-07-02161,2026-09-26T13:05:24Z,106,57328163XXXX,TRK-NB-07,UNMAPPED_TRUNK,2026-09-26T13:22:24Z,false
REJ-20260926-2225,RAW-20260926-TRK-NB-07-02225,2026-09-26T13:06:50Z,47,57317678XXXX,TRK-NB-07,UNMAPPED_TRUNK,2026-09-26T13:23:50Z,false
REJ-20260926-2123,RAW-20260926-TRK-NB-07-02123,2026-09-26T13:08:43Z,56,57357687XXXX,TRK-NB-07,UNMAPPED_TRUNK,2026-09-26T13:25:43Z,false
REJ-20260926-2258,RAW-20260926-TRK-NB-07-02258,2026-09-26T13:09:44Z,6,57314260XXXX,TRK-NB-07,UNMAPPED_TRUNK,2026-09-26T13:26:44Z,false
REJ-20260926-2351,RAW-20260926-TRK-NB-07-02351,2026-09-26T13:12:53Z,103,57380727XXXX,TRK-NB-07,UNMAPPED_TRUNK,2026-09-26T13:29:53Z,false
REJ-20260926-2289,RAW-20260926-TRK-NB-07-02289,2026-09-26T13:16:53Z,78,57333586XXXX,TRK-NB-07,UNMAPPED_TRUNK,2026-09-26T13:33:53Z,false
REJ-20260926-2396,RAW-20260926-TRK-NB-07-02396,2026-09-26T13:27:22Z,52,57312557XXXX,TRK-NB-07,UNMAPPED_TRUNK,2026-09-26T13:44:22Z,false
REJ-20260926-2194,RAW-20260926-TRK-NB-07-02194,2026-09-26T13:36:41Z,124,57343220XXXX,TRK-NB-07,UNMAPPED_TRUNK,2026-09-26T13:53:41Z,false
REJ-20260926-2087,RAW-20260926-TRK-NB-07-02087,2026-09-26T13:37:36Z,44,57340996XXXX,TRK-NB-07,UNMAPPED_TRUNK,2026-09-26T13:54:36Z,false
REJ-20260926-Z023,RAW-20260926-TRK-NB-03-Z023,2026-09-26T13:38:02Z,0,57354865XXXX,TRK-NB-03,ZERO_DURATION,2026-09-26T13:55:02Z,false
REJ-20260926-2257,RAW-20260926-TRK-NB-07-02257,2026-09-26T13:40:18Z,77,57330986XXXX,TRK-NB-07,UNMAPPED_TRUNK,2026-09-26T13:57:18Z,false
REJ-20260926-2182,RAW-20260926-TRK-NB-07-02182,2026-09-26T13:42:25Z,28,57354779XXXX,TRK-NB-07,UNMAPPED_TRUNK,2026-09-26T13:59:25Z,false
REJ-20260926-2150,RAW-20260926-TRK-NB-07-02150,2026-09-26T13:45:13Z,46,57306164XXXX,TRK-NB-07,UNMAPPED_TRUNK,2026-09-26T14:02:13Z,false
REJ-20260926-2104,RAW-20260926-TRK-NB-07-02104,2026-09-26T13:47:28Z,83,57341360XXXX,TRK-NB-07,UNMAPPED_TRUNK,2026-09-26T14:04:28Z,false
REJ-20260926-2026,RAW-20260926-TRK-NB-07-02026,2026-09-26T13:51:09Z,42,57366625XXXX,TRK-NB-07,UNMAPPED_TRUNK,2026-09-26T14:08:09Z,false
REJ-20260926-2018,RAW-20260926-TRK-NB-07-02018,2026-09-26T13:55:39Z,352,57380931XXXX,TRK-NB-07,UNMAPPED_TRUNK,2026-09-26T14:12:39Z,false
REJ-20260926-2343,RAW-20260926-TRK-NB-07-02343,2026-09-26T13:56:10Z,24,57359267XXXX,TRK-NB-07,UNMAPPED_TRUNK,2026-09-26T14:13:10Z,false
REJ-20260926-2367,RAW-20260926-TRK-NB-07-02367,2026-09-26T13:56:13Z,90,57323575XXXX,TRK-NB-07,UNMAPPED_TRUNK,2026-09-26T14:13:13Z,false
REJ-20260926-2143,RAW-20260926-TRK-NB-07-02143,2026-09-26T14:03:14Z,7,57355518XXXX,TRK-NB-07,UNMAPPED_TRUNK,2026-09-26T14:20:14Z,false
REJ-20260926-2211,RAW-20260926-TRK-NB-07-02211,2026-09-26T14:05:01Z,196,57398176XXXX,TRK-NB-07,UNMAPPED_TRUNK,2026-09-26T14:22:01Z,false
REJ-20260926-2331,RAW-20260926-TRK-NB-07-02331,2026-09-26T14:09:09Z,121,57304226XXXX,TRK-NB-07,UNMAPPED_TRUNK,2026-09-26T14:26:09Z,false
REJ-20260926-2242,RAW-20260926-TRK-NB-07-02242,2026-09-26T14:13:48Z,150,57337860XXXX,TRK-NB-07,UNMAPPED_TRUNK,2026-09-26T14:30:48Z,false
REJ-20260926-2394,RAW-20260926-TRK-NB-07-02394,2026-09-26T14:21:42Z,145,57323303XXXX,TRK-NB-07,UNMAPPED_TRUNK,2026-09-26T14:38:42Z,false
REJ-20260926-2196,RAW-20260926-TRK-NB-07-02196,2026-09-26T14:22:15Z,172,57354444XXXX,TRK-NB-07,UNMAPPED_TRUNK,2026-09-26T14:39:15Z,false
REJ-20260926-2385,RAW-20260926-TRK-NB-07-02385,2026-09-26T14:23:14Z,106,57395917XXXX,TRK-NB-07,UNMAPPED_TRUNK,2026-09-26T14:40:14Z,false
REJ-20260926-2370,RAW-20260926-TRK-NB-07-02370,2026-09-26T14:28:06Z,205,57345717XXXX,TRK-NB-07,UNMAPPED_TRUNK,2026-09-26T14:45:06Z,false
REJ-20260926-2332,RAW-20260926-TRK-NB-07-02332,2026-09-26T14:34:43Z,20,57399467XXXX,TRK-NB-07,UNMAPPED_TRUNK,2026-09-26T14:51:43Z,false
REJ-20260926-2171,RAW-20260926-TRK-NB-07-02171,2026-09-26T14:37:10Z,199,57300373XXXX,TRK-NB-07,UNMAPPED_TRUNK,2026-09-26T14:54:10Z,false
REJ-20260926-2114,RAW-20260926-TRK-NB-07-02114,2026-09-26T14:37:30Z,61,57380494XXXX,TRK-NB-07,UNMAPPED_TRUNK,2026-09-26T14:54:30Z,false
REJ-20260926-2055,RAW-20260926-TRK-NB-07-02055,2026-09-26T14:45:19Z,292,57362790XXXX,TRK-NB-07,UNMAPPED_TRUNK,2026-09-26T15:02:19Z,false
REJ-20260926-2190,RAW-20260926-TRK-NB-07-02190,2026-09-26T14:47:23Z,107,57392198XXXX,TRK-NB-07,UNMAPPED_TRUNK,2026-09-26T15:04:23Z,false
REJ-20260926-2028,RAW-20260926-TRK-NB-07-02028,2026-09-26T14:51:19Z,198,57320704XXXX,TRK-NB-07,UNMAPPED_TRUNK,2026-09-26T15:08:19Z,false
REJ-20260926-2191,RAW-20260926-TRK-NB-07-02191,2026-09-26T14:53:07Z,39,57351541XXXX,TRK-NB-07,UNMAPPED_TRUNK,2026-09-26T15:10:07Z,false
REJ-20260926-2338,RAW-20260926-TRK-NB-07-02338,2026-09-26T14:53:35Z,35,57389727XXXX,TRK-NB-07,UNMAPPED_TRUNK,2026-09-26T15:10:35Z,false
REJ-20260926-2266,RAW-20260926-TRK-NB-07-02266,2026-09-26T14:55:14Z,292,57302224XXXX,TRK-NB-07,UNMAPPED_TRUNK,2026-09-26T15:12:14Z,false
REJ-20260926-2129,RAW-20260926-TRK-NB-07-02129,2026-09-26T14:56:09Z,59,57301185XXXX,TRK-NB-07,UNMAPPED_TRUNK,2026-09-26T15:13:09Z,false
REJ-20260926-2379,RAW-20260926-TRK-NB-07-02379,2026-09-26T14:56:45Z,248,57388240XXXX,TRK-NB-07,UNMAPPED_TRUNK,2026-09-26T15:13:45Z,false
REJ-20260926-2117,RAW-20260926-TRK-NB-07-02117,2026-09-26T14:57:47Z,32,57393343XXXX,TRK-NB-07,UNMAPPED_TRUNK,2026-09-26T15:14:47Z,false
REJ-20260926-2324,RAW-20260926-TRK-NB-07-02324,2026-09-26T15:00:05Z,91,57394725XXXX,TRK-NB-07,UNMAPPED_TRUNK,2026-09-26T15:17:05Z,false
REJ-20260926-2239,RAW-20260926-TRK-NB-07-02239,2026-09-26T15:03:25Z,216,57336434XXXX,TRK-NB-07,UNMAPPED_TRUNK,2026-09-26T15:20:25Z,false
REJ-20260926-2250,RAW-20260926-TRK-NB-07-02250,2026-09-26T15:05:15Z,37,57343347XXXX,TRK-NB-07,UNMAPPED_TRUNK,2026-09-26T15:22:15Z,false
REJ-20260926-2210,RAW-20260926-TRK-NB-07-02210,2026-09-26T15:07:02Z,660,57308806XXXX,TRK-NB-07,UNMAPPED_TRUNK,2026-09-26T15:24:02Z,false
REJ-20260926-2313,RAW-20260926-TRK-NB-07-02313,2026-09-26T15:07:05Z,161,57315728XXXX,TRK-NB-07,UNMAPPED_TRUNK,2026-09-26T15:24:05Z,false
REJ-20260926-2004,RAW-20260926-TRK-NB-07-02004,2026-09-26T15:10:31Z,71,57311545XXXX,TRK-NB-07,UNMAPPED_TRUNK,2026-09-26T15:27:31Z,false
REJ-20260926-2217,RAW-20260926-TRK-NB-07-02217,2026-09-26T15:11:08Z,130,57369485XXXX,TRK-NB-07,UNMAPPED_TRUNK,2026-09-26T15:28:08Z,false
REJ-20260926-2042,RAW-20260926-TRK-NB-07-02042,2026-09-26T15:12:20Z,1263,57306963XXXX,TRK-NB-07,UNMAPPED_TRUNK,2026-09-26T15:29:20Z,false
REJ-20260926-2078,RAW-20260926-TRK-NB-07-02078,2026-09-26T15:16:08Z,48,57344724XXXX,TRK-NB-07,UNMAPPED_TRUNK,2026-09-26T15:33:08Z,false
REJ-20260926-2282,RAW-20260926-TRK-NB-07-02282,2026-09-26T15:19:29Z,2,57361246XXXX,TRK-NB-07,UNMAPPED_TRUNK,2026-09-26T15:36:29Z,false
REJ-20260926-2255,RAW-20260926-TRK-NB-07-02255,2026-09-26T15:24:13Z,42,57398214XXXX,TRK-NB-07,UNMAPPED_TRUNK,2026-09-26T15:41:13Z,false
REJ-20260926-2388,RAW-20260926-TRK-NB-07-02388,2026-09-26T15:28:02Z,63,57338757XXXX,TRK-NB-07,UNMAPPED_TRUNK,2026-09-26T15:45:02Z,false
REJ-20260926-2286,RAW-20260926-TRK-NB-07-02286,2026-09-26T15:28:23Z,43,57361660XXXX,TRK-NB-07,UNMAPPED_TRUNK,2026-09-26T15:45:23Z,false
REJ-20260926-2369,RAW-20260926-TRK-NB-07-02369,2026-09-26T15:29:39Z,27,57399126XXXX,TRK-NB-07,UNMAPPED_TRUNK,2026-09-26T15:46:39Z,false
REJ-20260926-2098,RAW-20260926-TRK-NB-07-02098,2026-09-26T15:30:14Z,124,57349541XXXX,TRK-NB-07,UNMAPPED_TRUNK,2026-09-26T15:47:14Z,false
REJ-20260926-2363,RAW-20260926-TRK-NB-07-02363,2026-09-26T15:32:12Z,218,57312760XXXX,TRK-NB-07,UNMAPPED_TRUNK,2026-09-26T15:49:12Z,false
REJ-20260926-2318,RAW-20260926-TRK-NB-07-02318,2026-09-26T15:32:23Z,201,57303786XXXX,TRK-NB-07,UNMAPPED_TRUNK,2026-09-26T15:49:23Z,false
REJ-20260926-2193,RAW-20260926-TRK-NB-07-02193,2026-09-26T15:33:16Z,8,57374816XXXX,TRK-NB-07,UNMAPPED_TRUNK,2026-09-26T15:50:16Z,false
REJ-20260926-2294,RAW-20260926-TRK-NB-07-02294,2026-09-26T15:36:46Z,465,57379834XXXX,TRK-NB-07,UNMAPPED_TRUNK,2026-09-26T15:53:46Z,false
REJ-20260926-2061,RAW-20260926-TRK-NB-07-02061,2026-09-26T15:39:16Z,111,57312874XXXX,TRK-NB-07,UNMAPPED_TRUNK,2026-09-26T15:56:16Z,false
REJ-20260926-2103,RAW-20260926-TRK-NB-07-02103,2026-09-26T15:49:50Z,34,57357117XXXX,TRK-NB-07,UNMAPPED_TRUNK,2026-09-26T16:06:50Z,false
REJ-20260926-2166,RAW-20260926-TRK-NB-07-02166,2026-09-26T15:50:08Z,181,57342243XXXX,TRK-NB-07,UNMAPPED_TRUNK,2026-09-26T16:07:08Z,false
REJ-20260926-2125,RAW-20260926-TRK-NB-07-02125,2026-09-26T15:55:14Z,367,57381666XXXX,TRK-NB-07,UNMAPPED_TRUNK,2026-09-26T16:12:14Z,false
REJ-20260926-2254,RAW-20260926-TRK-NB-07-02254,2026-09-26T15:55:34Z,46,57350291XXXX,TRK-NB-07,UNMAPPED_TRUNK,2026-09-26T16:12:34Z,false
REJ-20260926-2084,RAW-20260926-TRK-NB-07-02084,2026-09-26T15:55:54Z,608,57366446XXXX,TRK-NB-07,UNMAPPED_TRUNK,2026-09-26T16:12:54Z,false
REJ-20260926-Z044,RAW-20260926-TRK-NB-05-Z044,2026-09-26T16:11:19Z,0,50255785XXXX,TRK-NB-05,ZERO_DURATION,2026-09-26T16:28:19Z,false
REJ-20260926-2030,RAW-20260926-TRK-NB-07-02030,2026-09-26T16:16:43Z,12,57351145XXXX,TRK-NB-07,UNMAPPED_TRUNK,2026-09-26T16:33:43Z,false
REJ-20260926-2252,RAW-20260926-TRK-NB-07-02252,2026-09-26T16:21:34Z,5,57389131XXXX,TRK-NB-07,UNMAPPED_TRUNK,2026-09-26T16:38:34Z,false
REJ-20260926-2346,RAW-20260926-TRK-NB-07-02346,2026-09-26T16:26:57Z,82,57378250XXXX,TRK-NB-07,UNMAPPED_TRUNK,2026-09-26T16:43:57Z,false
REJ-20260926-2325,RAW-20260926-TRK-NB-07-02325,2026-09-26T16:28:34Z,23,57377740XXXX,TRK-NB-07,UNMAPPED_TRUNK,2026-09-26T16:45:34Z,false
REJ-20260926-2091,RAW-20260926-TRK-NB-07-02091,2026-09-26T16:31:34Z,36,57369136XXXX,TRK-NB-07,UNMAPPED_TRUNK,2026-09-26T16:48:34Z,false
REJ-20260926-2023,RAW-20260926-TRK-NB-07-02023,2026-09-26T16:35:02Z,371,57345918XXXX,TRK-NB-07,UNMAPPED_TRUNK,2026-09-26T16:52:02Z,false
REJ-20260926-2009,RAW-20260926-TRK-NB-07-02009,2026-09-26T16:35:51Z,472,57363626XXXX,TRK-NB-07,UNMAPPED_TRUNK,2026-09-26T16:52:51Z,false
REJ-20260926-2077,RAW-20260926-TRK-NB-07-02077,2026-09-26T16:37:36Z,50,57371548XXXX,TRK-NB-07,UNMAPPED_TRUNK,2026-09-26T16:54:36Z,false
REJ-20260926-2347,RAW-20260926-TRK-NB-07-02347,2026-09-26T16:37:57Z,69,57398004XXXX,TRK-NB-07,UNMAPPED_TRUNK,2026-09-26T16:54:57Z,false
REJ-20260926-2249,RAW-20260926-TRK-NB-07-02249,2026-09-26T16:46:28Z,68,57340197XXXX,TRK-NB-07,UNMAPPED_TRUNK,2026-09-26T17:03:28Z,false
REJ-20260926-2400,RAW-20260926-TRK-NB-07-02400,2026-09-26T16:51:34Z,2,57376356XXXX,TRK-NB-07,UNMAPPED_TRUNK,2026-09-26T17:08:34Z,false
REJ-20260926-2207,RAW-20260926-TRK-NB-07-02207,2026-09-26T16:52:41Z,410,57302142XXXX,TRK-NB-07,UNMAPPED_TRUNK,2026-09-26T17:09:41Z,false
REJ-20260926-2152,RAW-20260926-TRK-NB-07-02152,2026-09-26T16:53:40Z,32,57310048XXXX,TRK-NB-07,UNMAPPED_TRUNK,2026-09-26T17:10:40Z,false
REJ-20260926-2334,RAW-20260926-TRK-NB-07-02334,2026-09-26T16:57:18Z,135,57395123XXXX,TRK-NB-07,UNMAPPED_TRUNK,2026-09-26T17:14:18Z,false
REJ-20260926-2337,RAW-20260926-TRK-NB-07-02337,2026-09-26T16:57:20Z,169,57385407XXXX,TRK-NB-07,UNMAPPED_TRUNK,2026-09-26T17:14:20Z,false
REJ-20260926-2199,RAW-20260926-TRK-NB-07-02199,2026-09-26T17:03:59Z,471,57366539XXXX,TRK-NB-07,UNMAPPED_TRUNK,2026-09-26T17:20:59Z,false
REJ-20260926-2025,RAW-20260926-TRK-NB-07-02025,2026-09-26T17:17:44Z,37,57305392XXXX,TRK-NB-07,UNMAPPED_TRUNK,2026-09-26T17:34:44Z,false
REJ-20260926-2112,RAW-20260926-TRK-NB-07-02112,2026-09-26T17:23:53Z,75,57377679XXXX,TRK-NB-07,UNMAPPED_TRUNK,2026-09-26T17:40:53Z,false
REJ-20260926-2076,RAW-20260926-TRK-NB-07-02076,2026-09-26T17:24:44Z,276,57324036XXXX,TRK-NB-07,UNMAPPED_TRUNK,2026-09-26T17:41:44Z,false
REJ-20260926-2047,RAW-20260926-TRK-NB-07-02047,2026-09-26T17:33:03Z,76,57335175XXXX,TRK-NB-07,UNMAPPED_TRUNK,2026-09-26T17:50:03Z,false
REJ-20260926-2378,RAW-20260926-TRK-NB-07-02378,2026-09-26T17:45:34Z,48,57313815XXXX,TRK-NB-07,UNMAPPED_TRUNK,2026-09-26T18:02:34Z,false
REJ-20260926-2033,RAW-20260926-TRK-NB-07-02033,2026-09-26T17:50:20Z,12,57328606XXXX,TRK-NB-07,UNMAPPED_TRUNK,2026-09-26T18:07:20Z,false
REJ-20260926-2124,RAW-20260926-TRK-NB-07-02124,2026-09-26T18:04:42Z,148,57376150XXXX,TRK-NB-07,UNMAPPED_TRUNK,2026-09-26T18:21:42Z,false
REJ-20260926-2221,RAW-20260926-TRK-NB-07-02221,2026-09-26T18:10:50Z,54,57380071XXXX,TRK-NB-07,UNMAPPED_TRUNK,2026-09-26T18:27:50Z,false
REJ-20260926-2141,RAW-20260926-TRK-NB-07-02141,2026-09-26T18:11:23Z,23,57325551XXXX,TRK-NB-07,UNMAPPED_TRUNK,2026-09-26T18:28:23Z,false
REJ-20260926-2158,RAW-20260926-TRK-NB-07-02158,2026-09-26T18:19:52Z,45,57377502XXXX,TRK-NB-07,UNMAPPED_TRUNK,2026-09-26T18:36:52Z,false
REJ-20260926-2134,RAW-20260926-TRK-NB-07-02134,2026-09-26T18:19:54Z,57,57315808XXXX,TRK-NB-07,UNMAPPED_TRUNK,2026-09-26T18:36:54Z,false
REJ-20260926-2384,RAW-20260926-TRK-NB-07-02384,2026-09-26T18:21:21Z,61,57391142XXXX,TRK-NB-07,UNMAPPED_TRUNK,2026-09-26T18:38:21Z,false
REJ-20260926-2101,RAW-20260926-TRK-NB-07-02101,2026-09-26T18:22:36Z,513,57383779XXXX,TRK-NB-07,UNMAPPED_TRUNK,2026-09-26T18:39:36Z,false
REJ-20260926-2269,RAW-20260926-TRK-NB-07-02269,2026-09-26T18:28:46Z,5,57388922XXXX,TRK-NB-07,UNMAPPED_TRUNK,2026-09-26T18:45:46Z,false
REJ-20260926-2064,RAW-20260926-TRK-NB-07-02064,2026-09-26T18:29:14Z,29,57350730XXXX,TRK-NB-07,UNMAPPED_TRUNK,2026-09-26T18:46:14Z,false
REJ-20260926-2233,RAW-20260926-TRK-NB-07-02233,2026-09-26T18:29:26Z,122,57340654XXXX,TRK-NB-07,UNMAPPED_TRUNK,2026-09-26T18:46:26Z,false
REJ-20260926-2350,RAW-20260926-TRK-NB-07-02350,2026-09-26T18:31:08Z,15,57398394XXXX,TRK-NB-07,UNMAPPED_TRUNK,2026-09-26T18:48:08Z,false
REJ-20260926-2008,RAW-20260926-TRK-NB-07-02008,2026-09-26T18:31:21Z,30,57380389XXXX,TRK-NB-07,UNMAPPED_TRUNK,2026-09-26T18:48:21Z,false
REJ-20260926-2209,RAW-20260926-TRK-NB-07-02209,2026-09-26T18:32:12Z,30,57389440XXXX,TRK-NB-07,UNMAPPED_TRUNK,2026-09-26T18:49:12Z,false
REJ-20260926-2185,RAW-20260926-TRK-NB-07-02185,2026-09-26T18:32:31Z,70,57362283XXXX,TRK-NB-07,UNMAPPED_TRUNK,2026-09-26T18:49:31Z,false
REJ-20260926-2230,RAW-20260926-TRK-NB-07-02230,2026-09-26T18:32:37Z,292,57302576XXXX,TRK-NB-07,UNMAPPED_TRUNK,2026-09-26T18:49:37Z,false
REJ-20260926-2349,RAW-20260926-TRK-NB-07-02349,2026-09-26T18:32:41Z,38,57328386XXXX,TRK-NB-07,UNMAPPED_TRUNK,2026-09-26T18:49:41Z,false
REJ-20260926-2390,RAW-20260926-TRK-NB-07-02390,2026-09-26T18:37:43Z,34,57374372XXXX,TRK-NB-07,UNMAPPED_TRUNK,2026-09-26T18:54:43Z,false
REJ-20260926-2296,RAW-20260926-TRK-NB-07-02296,2026-09-26T18:38:29Z,237,57343864XXXX,TRK-NB-07,UNMAPPED_TRUNK,2026-09-26T18:55:29Z,false
REJ-20260926-2288,RAW-20260926-TRK-NB-07-02288,2026-09-26T18:38:46Z,6,57351134XXXX,TRK-NB-07,UNMAPPED_TRUNK,2026-09-26T18:55:46Z,false
REJ-20260926-2264,RAW-20260926-TRK-NB-07-02264,2026-09-26T18:41:15Z,40,57303899XXXX,TRK-NB-07,UNMAPPED_TRUNK,2026-09-26T18:58:15Z,false
REJ-20260926-2339,RAW-20260926-TRK-NB-07-02339,2026-09-26T18:41:18Z,56,57348906XXXX,TRK-NB-07,UNMAPPED_TRUNK,2026-09-26T18:58:18Z,false
REJ-20260926-2081,RAW-20260926-TRK-NB-07-02081,2026-09-26T18:43:29Z,110,57336556XXXX,TRK-NB-07,UNMAPPED_TRUNK,2026-09-26T19:00:29Z,false
REJ-20260926-2116,RAW-20260926-TRK-NB-07-02116,2026-09-26T18:47:38Z,695,57369386XXXX,TRK-NB-07,UNMAPPED_TRUNK,2026-09-26T19:04:38Z,false
REJ-20260926-2285,RAW-20260926-TRK-NB-07-02285,2026-09-26T18:49:32Z,3,57385755XXXX,TRK-NB-07,UNMAPPED_TRUNK,2026-09-26T19:06:32Z,false
REJ-20260926-2020,RAW-20260926-TRK-NB-07-02020,2026-09-26T18:49:57Z,45,57365251XXXX,TRK-NB-07,UNMAPPED_TRUNK,2026-09-26T19:06:57Z,false
REJ-20260926-2355,RAW-20260926-TRK-NB-07-02355,2026-09-26T18:51:02Z,1161,57381761XXXX,TRK-NB-07,UNMAPPED_TRUNK,2026-09-26T19:08:02Z,false
REJ-20260926-2165,RAW-20260926-TRK-NB-07-02165,2026-09-26T18:54:16Z,454,57364066XXXX,TRK-NB-07,UNMAPPED_TRUNK,2026-09-26T19:11:16Z,false
REJ-20260926-2387,RAW-20260926-TRK-NB-07-02387,2026-09-26T18:55:28Z,12,57342517XXXX,TRK-NB-07,UNMAPPED_TRUNK,2026-09-26T19:12:28Z,false
REJ-20260926-2172,RAW-20260926-TRK-NB-07-02172,2026-09-26T19:08:05Z,82,57382668XXXX,TRK-NB-07,UNMAPPED_TRUNK,2026-09-26T19:25:05Z,false
REJ-20260926-2300,RAW-20260926-TRK-NB-07-02300,2026-09-26T19:08:35Z,282,57376105XXXX,TRK-NB-07,UNMAPPED_TRUNK,2026-09-26T19:25:35Z,false
REJ-20260926-2237,RAW-20260926-TRK-NB-07-02237,2026-09-26T19:25:04Z,252,57372263XXXX,TRK-NB-07,UNMAPPED_TRUNK,2026-09-26T19:42:04Z,false
REJ-20260926-2175,RAW-20260926-TRK-NB-07-02175,2026-09-26T19:26:30Z,44,57310763XXXX,TRK-NB-07,UNMAPPED_TRUNK,2026-09-26T19:43:30Z,false
REJ-20260926-2245,RAW-20260926-TRK-NB-07-02245,2026-09-26T19:26:49Z,43,57335506XXXX,TRK-NB-07,UNMAPPED_TRUNK,2026-09-26T19:43:49Z,false
REJ-20260926-2375,RAW-20260926-TRK-NB-07-02375,2026-09-26T19:26:59Z,58,57311250XXXX,TRK-NB-07,UNMAPPED_TRUNK,2026-09-26T19:43:59Z,false
REJ-20260926-2040,RAW-20260926-TRK-NB-07-02040,2026-09-26T19:29:36Z,118,57351830XXXX,TRK-NB-07,UNMAPPED_TRUNK,2026-09-26T19:46:36Z,false
REJ-20260926-2159,RAW-20260926-TRK-NB-07-02159,2026-09-26T19:30:05Z,20,57326387XXXX,TRK-NB-07,UNMAPPED_TRUNK,2026-09-26T19:47:05Z,false
REJ-20260926-2259,RAW-20260926-TRK-NB-07-02259,2026-09-26T19:38:35Z,63,57315478XXXX,TRK-NB-07,UNMAPPED_TRUNK,2026-09-26T19:55:35Z,false
REJ-20260926-2017,RAW-20260926-TRK-NB-07-02017,2026-09-26T19:46:10Z,50,57368107XXXX,TRK-NB-07,UNMAPPED_TRUNK,2026-09-26T20:03:10Z,false
REJ-20260926-2021,RAW-20260926-TRK-NB-07-02021,2026-09-26T19:47:43Z,24,57377918XXXX,TRK-NB-07,UNMAPPED_TRUNK,2026-09-26T20:04:43Z,false
REJ-20260926-2156,RAW-20260926-TRK-NB-07-02156,2026-09-26T20:00:24Z,36,57395296XXXX,TRK-NB-07,UNMAPPED_TRUNK,2026-09-26T20:17:24Z,false
REJ-20260926-2168,RAW-20260926-TRK-NB-07-02168,2026-09-26T20:01:50Z,151,57353911XXXX,TRK-NB-07,UNMAPPED_TRUNK,2026-09-26T20:18:50Z,false
REJ-20260926-2213,RAW-20260926-TRK-NB-07-02213,2026-09-26T20:01:56Z,1,57322350XXXX,TRK-NB-07,UNMAPPED_TRUNK,2026-09-26T20:18:56Z,false
REJ-20260926-2126,RAW-20260926-TRK-NB-07-02126,2026-09-26T20:03:57Z,49,57304027XXXX,TRK-NB-07,UNMAPPED_TRUNK,2026-09-26T20:20:57Z,false
REJ-20260926-2068,RAW-20260926-TRK-NB-07-02068,2026-09-26T20:04:57Z,5,57379455XXXX,TRK-NB-07,UNMAPPED_TRUNK,2026-09-26T20:21:57Z,false
REJ-20260926-2352,RAW-20260926-TRK-NB-07-02352,2026-09-26T20:05:28Z,171,57360411XXXX,TRK-NB-07,UNMAPPED_TRUNK,2026-09-26T20:22:28Z,false
REJ-20260926-2293,RAW-20260926-TRK-NB-07-02293,2026-09-26T20:25:17Z,47,57396377XXXX,TRK-NB-07,UNMAPPED_TRUNK,2026-09-26T20:42:17Z,false
REJ-20260926-2219,RAW-20260926-TRK-NB-07-02219,2026-09-26T20:28:20Z,102,57368226XXXX,TRK-NB-07,UNMAPPED_TRUNK,2026-09-26T20:45:20Z,false
REJ-20260926-2326,RAW-20260926-TRK-NB-07-02326,2026-09-26T20:30:32Z,233,57388963XXXX,TRK-NB-07,UNMAPPED_TRUNK,2026-09-26T20:47:32Z,false
REJ-20260926-2204,RAW-20260926-TRK-NB-07-02204,2026-09-26T20:36:09Z,53,57392814XXXX,TRK-NB-07,UNMAPPED_TRUNK,2026-09-26T20:53:09Z,false
REJ-20260926-2044,RAW-20260926-TRK-NB-07-02044,2026-09-26T20:43:06Z,9,57357191XXXX,TRK-NB-07,UNMAPPED_TRUNK,2026-09-26T21:00:06Z,false
REJ-20260926-2310,RAW-20260926-TRK-NB-07-02310,2026-09-26T20:45:00Z,99,57320812XXXX,TRK-NB-07,UNMAPPED_TRUNK,2026-09-26T21:02:00Z,false
REJ-20260926-2229,RAW-20260926-TRK-NB-07-02229,2026-09-26T20:50:28Z,18,57301876XXXX,TRK-NB-07,UNMAPPED_TRUNK,2026-09-26T21:07:28Z,false
REJ-20260926-2177,RAW-20260926-TRK-NB-07-02177,2026-09-26T20:51:41Z,47,57301489XXXX,TRK-NB-07,UNMAPPED_TRUNK,2026-09-26T21:08:41Z,false
REJ-20260926-2330,RAW-20260926-TRK-NB-07-02330,2026-09-26T20:52:14Z,513,57388151XXXX,TRK-NB-07,UNMAPPED_TRUNK,2026-09-26T21:09:14Z,false
REJ-20260926-2089,RAW-20260926-TRK-NB-07-02089,2026-09-26T20:55:31Z,142,57369097XXXX,TRK-NB-07,UNMAPPED_TRUNK,2026-09-26T21:12:31Z,false
REJ-20260926-2263,RAW-20260926-TRK-NB-07-02263,2026-09-26T20:58:40Z,17,57371027XXXX,TRK-NB-07,UNMAPPED_TRUNK,2026-09-26T21:15:40Z,false
REJ-20260926-2187,RAW-20260926-TRK-NB-07-02187,2026-09-26T20:59:27Z,202,57381395XXXX,TRK-NB-07,UNMAPPED_TRUNK,2026-09-26T21:16:27Z,false
REJ-20260926-2170,RAW-20260926-TRK-NB-07-02170,2026-09-26T20:59:46Z,17,57319463XXXX,TRK-NB-07,UNMAPPED_TRUNK,2026-09-26T21:16:46Z,false
REJ-20260926-2173,RAW-20260926-TRK-NB-07-02173,2026-09-26T21:00:46Z,55,57392961XXXX,TRK-NB-07,UNMAPPED_TRUNK,2026-09-26T21:17:46Z,false
REJ-20260926-2145,RAW-20260926-TRK-NB-07-02145,2026-09-26T21:10:11Z,460,57352478XXXX,TRK-NB-07,UNMAPPED_TRUNK,2026-09-26T21:27:11Z,false
REJ-20260926-2035,RAW-20260926-TRK-NB-07-02035,2026-09-26T21:10:47Z,32,57381391XXXX,TRK-NB-07,UNMAPPED_TRUNK,2026-09-26T21:27:47Z,false
REJ-20260926-2377,RAW-20260926-TRK-NB-07-02377,2026-09-26T21:14:43Z,121,57399003XXXX,TRK-NB-07,UNMAPPED_TRUNK,2026-09-26T21:31:43Z,false
REJ-20260926-2045,RAW-20260926-TRK-NB-07-02045,2026-09-26T21:15:52Z,140,57372272XXXX,TRK-NB-07,UNMAPPED_TRUNK,2026-09-26T21:32:52Z,false
REJ-20260926-2333,RAW-20260926-TRK-NB-07-02333,2026-09-26T21:19:04Z,20,57315488XXXX,TRK-NB-07,UNMAPPED_TRUNK,2026-09-26T21:36:04Z,false
REJ-20260926-2079,RAW-20260926-TRK-NB-07-02079,2026-09-26T21:19:34Z,76,57388397XXXX,TRK-NB-07,UNMAPPED_TRUNK,2026-09-26T21:36:34Z,false
REJ-20260926-2276,RAW-20260926-TRK-NB-07-02276,2026-09-26T21:21:15Z,57,57329130XXXX,TRK-NB-07,UNMAPPED_TRUNK,2026-09-26T21:38:15Z,false
REJ-20260926-2154,RAW-20260926-TRK-NB-07-02154,2026-09-26T21:21:42Z,36,57333730XXXX,TRK-NB-07,UNMAPPED_TRUNK,2026-09-26T21:38:42Z,false
REJ-20260926-2335,RAW-20260926-TRK-NB-07-02335,2026-09-26T21:22:18Z,11,57327740XXXX,TRK-NB-07,UNMAPPED_TRUNK,2026-09-26T21:39:18Z,false
REJ-20260926-2174,RAW-20260926-TRK-NB-07-02174,2026-09-26T21:31:37Z,113,57371171XXXX,TRK-NB-07,UNMAPPED_TRUNK,2026-09-26T21:48:37Z,false
REJ-20260926-2155,RAW-20260926-TRK-NB-07-02155,2026-09-26T21:40:18Z,1914,57363659XXXX,TRK-NB-07,UNMAPPED_TRUNK,2026-09-26T21:57:18Z,false
REJ-20260926-2066,RAW-20260926-TRK-NB-07-02066,2026-09-26T21:40:54Z,71,57366791XXXX,TRK-NB-07,UNMAPPED_TRUNK,2026-09-26T21:57:54Z,false
REJ-20260926-2281,RAW-20260926-TRK-NB-07-02281,2026-09-26T21:44:39Z,15,57390750XXXX,TRK-NB-07,UNMAPPED_TRUNK,2026-09-26T22:01:39Z,false
REJ-20260926-2248,RAW-20260926-TRK-NB-07-02248,2026-09-26T21:52:21Z,85,57341729XXXX,TRK-NB-07,UNMAPPED_TRUNK,2026-09-26T22:09:21Z,false
REJ-20260926-2048,RAW-20260926-TRK-NB-07-02048,2026-09-26T21:57:08Z,45,57336364XXXX,TRK-NB-07,UNMAPPED_TRUNK,2026-09-26T22:14:08Z,false
REJ-20260926-2082,RAW-20260926-TRK-NB-07-02082,2026-09-26T21:57:58Z,48,57370381XXXX,TRK-NB-07,UNMAPPED_TRUNK,2026-09-26T22:14:58Z,false
REJ-20260926-2181,RAW-20260926-TRK-NB-07-02181,2026-09-26T22:03:36Z,152,57386546XXXX,TRK-NB-07,UNMAPPED_TRUNK,2026-09-26T22:20:36Z,false
REJ-20260926-2183,RAW-20260926-TRK-NB-07-02183,2026-09-26T22:12:47Z,58,57354924XXXX,TRK-NB-07,UNMAPPED_TRUNK,2026-09-26T22:29:47Z,false
REJ-20260926-2260,RAW-20260926-TRK-NB-07-02260,2026-09-26T22:28:19Z,90,57347285XXXX,TRK-NB-07,UNMAPPED_TRUNK,2026-09-26T22:45:19Z,false
REJ-20260926-2046,RAW-20260926-TRK-NB-07-02046,2026-09-26T22:31:12Z,16,57381176XXXX,TRK-NB-07,UNMAPPED_TRUNK,2026-09-26T22:48:12Z,false
REJ-20260926-2003,RAW-20260926-TRK-NB-07-02003,2026-09-26T22:36:48Z,20,57364324XXXX,TRK-NB-07,UNMAPPED_TRUNK,2026-09-26T22:53:48Z,false
REJ-20260926-2345,RAW-20260926-TRK-NB-07-02345,2026-09-26T22:37:42Z,6,57335928XXXX,TRK-NB-07,UNMAPPED_TRUNK,2026-09-26T22:54:42Z,false
REJ-20260926-2361,RAW-20260926-TRK-NB-07-02361,2026-09-26T22:39:08Z,92,57314358XXXX,TRK-NB-07,UNMAPPED_TRUNK,2026-09-26T22:56:08Z,false
REJ-20260926-2278,RAW-20260926-TRK-NB-07-02278,2026-09-26T22:41:52Z,242,57311045XXXX,TRK-NB-07,UNMAPPED_TRUNK,2026-09-26T22:58:52Z,false
REJ-20260926-2246,RAW-20260926-TRK-NB-07-02246,2026-09-26T22:49:48Z,162,57343221XXXX,TRK-NB-07,UNMAPPED_TRUNK,2026-09-26T23:06:48Z,false
REJ-20260926-2357,RAW-20260926-TRK-NB-07-02357,2026-09-26T22:50:40Z,315,57394171XXXX,TRK-NB-07,UNMAPPED_TRUNK,2026-09-26T23:07:40Z,false
REJ-20260926-2015,RAW-20260926-TRK-NB-07-02015,2026-09-26T22:52:32Z,7,57314857XXXX,TRK-NB-07,UNMAPPED_TRUNK,2026-09-26T23:09:32Z,false
REJ-20260926-2362,RAW-20260926-TRK-NB-07-02362,2026-09-26T22:56:39Z,68,57358096XXXX,TRK-NB-07,UNMAPPED_TRUNK,2026-09-26T23:13:39Z,false
REJ-20260926-2306,RAW-20260926-TRK-NB-07-02306,2026-09-26T22:57:26Z,107,57334889XXXX,TRK-NB-07,UNMAPPED_TRUNK,2026-09-26T23:14:26Z,false
REJ-20260926-2031,RAW-20260926-TRK-NB-07-02031,2026-09-26T23:04:05Z,119,57381148XXXX,TRK-NB-07,UNMAPPED_TRUNK,2026-09-26T23:21:05Z,false
REJ-20260926-2273,RAW-20260926-TRK-NB-07-02273,2026-09-26T23:13:53Z,58,57383431XXXX,TRK-NB-07,UNMAPPED_TRUNK,2026-09-26T23:30:53Z,false
REJ-20260926-2029,RAW-20260926-TRK-NB-07-02029,2026-09-26T23:16:08Z,224,57374528XXXX,TRK-NB-07,UNMAPPED_TRUNK,2026-09-26T23:33:08Z,false
REJ-20260926-2074,RAW-20260926-TRK-NB-07-02074,2026-09-26T23:31:18Z,17,57373102XXXX,TRK-NB-07,UNMAPPED_TRUNK,2026-09-26T23:48:18Z,false
REJ-20260926-2013,RAW-20260926-TRK-NB-07-02013,2026-09-26T23:35:02Z,40,57392595XXXX,TRK-NB-07,UNMAPPED_TRUNK,2026-09-26T23:52:02Z,false
REJ-20260926-2374,RAW-20260926-TRK-NB-07-02374,2026-09-26T23:37:36Z,99,57391872XXXX,TRK-NB-07,UNMAPPED_TRUNK,2026-09-26T23:54:36Z,false
REJ-20260926-2058,RAW-20260926-TRK-NB-07-02058,2026-09-26T23:38:15Z,667,57324242XXXX,TRK-NB-07,UNMAPPED_TRUNK,2026-09-26T23:55:15Z,false
REJ-20260926-2393,RAW-20260926-TRK-NB-07-02393,2026-09-26T23:53:15Z,24,57350093XXXX,TRK-NB-07,UNMAPPED_TRUNK,2026-09-27T00:10:15Z,false
REJ-20260926-2160,RAW-20260926-TRK-NB-07-02160,2026-09-26T23:56:59Z,9,57325489XXXX,TRK-NB-07,UNMAPPED_TRUNK,2026-09-27T00:13:59Z,false
REJ-20260927-2413,RAW-20260927-TRK-NB-07-02413,2026-09-27T00:02:30Z,64,57362810XXXX,TRK-NB-07,UNMAPPED_TRUNK,2026-09-27T00:19:30Z,false
REJ-20260927-2528,RAW-20260927-TRK-NB-07-02528,2026-09-27T00:05:29Z,272,57373923XXXX,TRK-NB-07,UNMAPPED_TRUNK,2026-09-27T00:22:29Z,false
REJ-20260927-2541,RAW-20260927-TRK-NB-07-02541,2026-09-27T00:05:47Z,47,57341353XXXX,TRK-NB-07,UNMAPPED_TRUNK,2026-09-27T00:22:47Z,false
REJ-20260927-2744,RAW-20260927-TRK-NB-07-02744,2026-09-27T00:11:08Z,164,57384815XXXX,TRK-NB-07,UNMAPPED_TRUNK,2026-09-27T00:28:08Z,false
REJ-20260927-2548,RAW-20260927-TRK-NB-07-02548,2026-09-27T00:11:28Z,88,57375015XXXX,TRK-NB-07,UNMAPPED_TRUNK,2026-09-27T00:28:28Z,false
REJ-20260927-2430,RAW-20260927-TRK-NB-07-02430,2026-09-27T00:14:48Z,168,57374426XXXX,TRK-NB-07,UNMAPPED_TRUNK,2026-09-27T00:31:48Z,false
REJ-20260927-2626,RAW-20260927-TRK-NB-07-02626,2026-09-27T00:21:43Z,33,57388514XXXX,TRK-NB-07,UNMAPPED_TRUNK,2026-09-27T00:38:43Z,false
REJ-20260927-2614,RAW-20260927-TRK-NB-07-02614,2026-09-27T00:22:42Z,90,57373760XXXX,TRK-NB-07,UNMAPPED_TRUNK,2026-09-27T00:39:42Z,false
REJ-20260927-2476,RAW-20260927-TRK-NB-07-02476,2026-09-27T00:25:03Z,25,57359074XXXX,TRK-NB-07,UNMAPPED_TRUNK,2026-09-27T00:42:03Z,false
REJ-20260927-2482,RAW-20260927-TRK-NB-07-02482,2026-09-27T00:25:32Z,69,57394719XXXX,TRK-NB-07,UNMAPPED_TRUNK,2026-09-27T00:42:32Z,false
REJ-20260927-2608,RAW-20260927-TRK-NB-07-02608,2026-09-27T00:29:00Z,81,57358312XXXX,TRK-NB-07,UNMAPPED_TRUNK,2026-09-27T00:46:00Z,false
REJ-20260927-2575,RAW-20260927-TRK-NB-07-02575,2026-09-27T00:36:28Z,300,57375722XXXX,TRK-NB-07,UNMAPPED_TRUNK,2026-09-27T00:53:28Z,false
REJ-20260927-2609,RAW-20260927-TRK-NB-07-02609,2026-09-27T00:37:52Z,10,57316525XXXX,TRK-NB-07,UNMAPPED_TRUNK,2026-09-27T00:54:52Z,false
REJ-20260927-2513,RAW-20260927-TRK-NB-07-02513,2026-09-27T00:43:27Z,23,57321664XXXX,TRK-NB-07,UNMAPPED_TRUNK,2026-09-27T01:00:27Z,false
REJ-20260927-2705,RAW-20260927-TRK-NB-07-02705,2026-09-27T00:43:44Z,130,57357222XXXX,TRK-NB-07,UNMAPPED_TRUNK,2026-09-27T01:00:44Z,false
REJ-20260927-2442,RAW-20260927-TRK-NB-07-02442,2026-09-27T00:43:56Z,271,57321407XXXX,TRK-NB-07,UNMAPPED_TRUNK,2026-09-27T01:00:56Z,false
REJ-20260927-2780,RAW-20260927-TRK-NB-07-02780,2026-09-27T00:45:09Z,308,57309214XXXX,TRK-NB-07,UNMAPPED_TRUNK,2026-09-27T01:02:09Z,false
REJ-20260927-2526,RAW-20260927-TRK-NB-07-02526,2026-09-27T00:48:02Z,5,57387461XXXX,TRK-NB-07,UNMAPPED_TRUNK,2026-09-27T01:05:02Z,false
REJ-20260927-2425,RAW-20260927-TRK-NB-07-02425,2026-09-27T00:49:25Z,510,57360915XXXX,TRK-NB-07,UNMAPPED_TRUNK,2026-09-27T01:06:25Z,false
REJ-20260927-2589,RAW-20260927-TRK-NB-07-02589,2026-09-27T01:00:29Z,777,57350048XXXX,TRK-NB-07,UNMAPPED_TRUNK,2026-09-27T01:17:29Z,false
REJ-20260927-2622,RAW-20260927-TRK-NB-07-02622,2026-09-27T01:01:22Z,276,57388699XXXX,TRK-NB-07,UNMAPPED_TRUNK,2026-09-27T01:18:22Z,false
REJ-20260927-2757,RAW-20260927-TRK-NB-07-02757,2026-09-27T01:11:26Z,31,57313701XXXX,TRK-NB-07,UNMAPPED_TRUNK,2026-09-27T01:28:26Z,false
REJ-20260927-2562,RAW-20260927-TRK-NB-07-02562,2026-09-27T01:18:00Z,187,57357782XXXX,TRK-NB-07,UNMAPPED_TRUNK,2026-09-27T01:35:00Z,false
REJ-20260927-2701,RAW-20260927-TRK-NB-07-02701,2026-09-27T01:21:38Z,41,57305195XXXX,TRK-NB-07,UNMAPPED_TRUNK,2026-09-27T01:38:38Z,false
REJ-20260927-2712,RAW-20260927-TRK-NB-07-02712,2026-09-27T01:22:34Z,82,57343034XXXX,TRK-NB-07,UNMAPPED_TRUNK,2026-09-27T01:39:34Z,false
REJ-20260927-2696,RAW-20260927-TRK-NB-07-02696,2026-09-27T01:30:40Z,197,57303972XXXX,TRK-NB-07,UNMAPPED_TRUNK,2026-09-27T01:47:40Z,false
REJ-20260927-2556,RAW-20260927-TRK-NB-07-02556,2026-09-27T01:35:59Z,166,57388659XXXX,TRK-NB-07,UNMAPPED_TRUNK,2026-09-27T01:52:59Z,false
REJ-20260927-2621,RAW-20260927-TRK-NB-07-02621,2026-09-27T01:39:15Z,211,57334368XXXX,TRK-NB-07,UNMAPPED_TRUNK,2026-09-27T01:56:15Z,false
REJ-20260927-2536,RAW-20260927-TRK-NB-07-02536,2026-09-27T01:41:42Z,24,57331832XXXX,TRK-NB-07,UNMAPPED_TRUNK,2026-09-27T01:58:42Z,false
REJ-20260927-2664,RAW-20260927-TRK-NB-07-02664,2026-09-27T01:48:34Z,7,57367501XXXX,TRK-NB-07,UNMAPPED_TRUNK,2026-09-27T02:05:34Z,false
REJ-20260927-2678,RAW-20260927-TRK-NB-07-02678,2026-09-27T01:50:03Z,120,57312977XXXX,TRK-NB-07,UNMAPPED_TRUNK,2026-09-27T02:07:03Z,false
REJ-20260927-2725,RAW-20260927-TRK-NB-07-02725,2026-09-27T01:51:08Z,115,57309579XXXX,TRK-NB-07,UNMAPPED_TRUNK,2026-09-27T02:08:08Z,false
REJ-20260927-2574,RAW-20260927-TRK-NB-07-02574,2026-09-27T01:54:00Z,88,57358048XXXX,TRK-NB-07,UNMAPPED_TRUNK,2026-09-27T02:11:00Z,false
REJ-20260927-2645,RAW-20260927-TRK-NB-07-02645,2026-09-27T01:56:51Z,721,57309982XXXX,TRK-NB-07,UNMAPPED_TRUNK,2026-09-27T02:13:51Z,false
REJ-20260927-2489,RAW-20260927-TRK-NB-07-02489,2026-09-27T02:01:05Z,25,57373349XXXX,TRK-NB-07,UNMAPPED_TRUNK,2026-09-27T02:18:05Z,false
REJ-20260927-2749,RAW-20260927-TRK-NB-07-02749,2026-09-27T02:04:55Z,52,57389236XXXX,TRK-NB-07,UNMAPPED_TRUNK,2026-09-27T02:21:55Z,false
REJ-20260927-2719,RAW-20260927-TRK-NB-07-02719,2026-09-27T02:07:09Z,52,57373157XXXX,TRK-NB-07,UNMAPPED_TRUNK,2026-09-27T02:24:09Z,false
REJ-20260927-2599,RAW-20260927-TRK-NB-07-02599,2026-09-27T02:08:20Z,53,57374331XXXX,TRK-NB-07,UNMAPPED_TRUNK,2026-09-27T02:25:20Z,false
REJ-20260927-2755,RAW-20260927-TRK-NB-07-02755,2026-09-27T02:15:02Z,193,57337183XXXX,TRK-NB-07,UNMAPPED_TRUNK,2026-09-27T02:32:02Z,false
REJ-20260927-2650,RAW-20260927-TRK-NB-07-02650,2026-09-27T02:18:08Z,37,57347044XXXX,TRK-NB-07,UNMAPPED_TRUNK,2026-09-27T02:35:08Z,false
REJ-20260927-2610,RAW-20260927-TRK-NB-07-02610,2026-09-27T02:20:18Z,42,57372763XXXX,TRK-NB-07,UNMAPPED_TRUNK,2026-09-27T02:37:18Z,false
REJ-20260927-2797,RAW-20260927-TRK-NB-07-02797,2026-09-27T02:26:03Z,56,57342663XXXX,TRK-NB-07,UNMAPPED_TRUNK,2026-09-27T02:43:03Z,false
REJ-20260927-2723,RAW-20260927-TRK-NB-07-02723,2026-09-27T02:26:21Z,24,57349713XXXX,TRK-NB-07,UNMAPPED_TRUNK,2026-09-27T02:43:21Z,false
REJ-20260927-2579,RAW-20260927-TRK-NB-07-02579,2026-09-27T02:31:04Z,18,57325500XXXX,TRK-NB-07,UNMAPPED_TRUNK,2026-09-27T02:48:04Z,false
REJ-20260927-2456,RAW-20260927-TRK-NB-07-02456,2026-09-27T02:35:19Z,5,57345146XXXX,TRK-NB-07,UNMAPPED_TRUNK,2026-09-27T02:52:19Z,false
REJ-20260927-2659,RAW-20260927-TRK-NB-07-02659,2026-09-27T02:40:42Z,272,57328364XXXX,TRK-NB-07,UNMAPPED_TRUNK,2026-09-27T02:57:42Z,false
REJ-20260927-2457,RAW-20260927-TRK-NB-07-02457,2026-09-27T02:47:25Z,403,57319912XXXX,TRK-NB-07,UNMAPPED_TRUNK,2026-09-27T03:04:25Z,false
REJ-20260927-2708,RAW-20260927-TRK-NB-07-02708,2026-09-27T02:56:32Z,158,57333656XXXX,TRK-NB-07,UNMAPPED_TRUNK,2026-09-27T03:13:32Z,false
REJ-20260927-2583,RAW-20260927-TRK-NB-07-02583,2026-09-27T02:56:58Z,156,57324367XXXX,TRK-NB-07,UNMAPPED_TRUNK,2026-09-27T03:13:58Z,false
REJ-20260927-2511,RAW-20260927-TRK-NB-07-02511,2026-09-27T02:58:28Z,40,57327288XXXX,TRK-NB-07,UNMAPPED_TRUNK,2026-09-27T03:15:28Z,false
REJ-20260927-2691,RAW-20260927-TRK-NB-07-02691,2026-09-27T03:01:06Z,270,57399189XXXX,TRK-NB-07,UNMAPPED_TRUNK,2026-09-27T03:18:06Z,false
REJ-20260927-2552,RAW-20260927-TRK-NB-07-02552,2026-09-27T03:02:29Z,87,57302695XXXX,TRK-NB-07,UNMAPPED_TRUNK,2026-09-27T03:19:29Z,false
REJ-20260927-2585,RAW-20260927-TRK-NB-07-02585,2026-09-27T03:07:18Z,12,57388881XXXX,TRK-NB-07,UNMAPPED_TRUNK,2026-09-27T03:24:18Z,false
REJ-20260927-2673,RAW-20260927-TRK-NB-07-02673,2026-09-27T03:15:11Z,12,57319234XXXX,TRK-NB-07,UNMAPPED_TRUNK,2026-09-27T03:32:11Z,false
REJ-20260927-2695,RAW-20260927-TRK-NB-07-02695,2026-09-27T03:18:05Z,8,57388374XXXX,TRK-NB-07,UNMAPPED_TRUNK,2026-09-27T03:35:05Z,false
REJ-20260927-2634,RAW-20260927-TRK-NB-07-02634,2026-09-27T03:20:59Z,107,57341284XXXX,TRK-NB-07,UNMAPPED_TRUNK,2026-09-27T03:37:59Z,false
REJ-20260927-2747,RAW-20260927-TRK-NB-07-02747,2026-09-27T03:21:32Z,820,57370060XXXX,TRK-NB-07,UNMAPPED_TRUNK,2026-09-27T03:38:32Z,false
REJ-20260927-2566,RAW-20260927-TRK-NB-07-02566,2026-09-27T03:22:53Z,33,57394054XXXX,TRK-NB-07,UNMAPPED_TRUNK,2026-09-27T03:39:53Z,false
REJ-20260927-2534,RAW-20260927-TRK-NB-07-02534,2026-09-27T03:23:04Z,59,57341119XXXX,TRK-NB-07,UNMAPPED_TRUNK,2026-09-27T03:40:04Z,false
REJ-20260927-2439,RAW-20260927-TRK-NB-07-02439,2026-09-27T03:25:31Z,610,57321840XXXX,TRK-NB-07,UNMAPPED_TRUNK,2026-09-27T03:42:31Z,false
REJ-20260927-2633,RAW-20260927-TRK-NB-07-02633,2026-09-27T03:30:09Z,1,57390135XXXX,TRK-NB-07,UNMAPPED_TRUNK,2026-09-27T03:47:09Z,false
REJ-20260927-2699,RAW-20260927-TRK-NB-07-02699,2026-09-27T03:32:29Z,30,57360042XXXX,TRK-NB-07,UNMAPPED_TRUNK,2026-09-27T03:49:29Z,false
REJ-20260927-2703,RAW-20260927-TRK-NB-07-02703,2026-09-27T03:35:59Z,371,57385078XXXX,TRK-NB-07,UNMAPPED_TRUNK,2026-09-27T03:52:59Z,false
REJ-20260927-2623,RAW-20260927-TRK-NB-07-02623,2026-09-27T03:39:26Z,56,57398266XXXX,TRK-NB-07,UNMAPPED_TRUNK,2026-09-27T03:56:26Z,false
REJ-20260927-2597,RAW-20260927-TRK-NB-07-02597,2026-09-27T03:50:39Z,54,57344534XXXX,TRK-NB-07,UNMAPPED_TRUNK,2026-09-27T04:07:39Z,false
REJ-20260927-2736,RAW-20260927-TRK-NB-07-02736,2026-09-27T03:53:52Z,153,57398510XXXX,TRK-NB-07,UNMAPPED_TRUNK,2026-09-27T04:10:52Z,false
REJ-20260927-2603,RAW-20260927-TRK-NB-07-02603,2026-09-27T03:56:41Z,163,57311498XXXX,TRK-NB-07,UNMAPPED_TRUNK,2026-09-27T04:13:41Z,false
REJ-20260927-2643,RAW-20260927-TRK-NB-07-02643,2026-09-27T03:58:29Z,173,57323803XXXX,TRK-NB-07,UNMAPPED_TRUNK,2026-09-27T04:15:29Z,false
REJ-20260927-2787,RAW-20260927-TRK-NB-07-02787,2026-09-27T04:01:05Z,52,57394496XXXX,TRK-NB-07,UNMAPPED_TRUNK,2026-09-27T04:18:05Z,false
REJ-20260927-2554,RAW-20260927-TRK-NB-07-02554,2026-09-27T04:04:33Z,95,57350699XXXX,TRK-NB-07,UNMAPPED_TRUNK,2026-09-27T04:21:33Z,false
REJ-20260927-2555,RAW-20260927-TRK-NB-07-02555,2026-09-27T04:06:46Z,76,57339596XXXX,TRK-NB-07,UNMAPPED_TRUNK,2026-09-27T04:23:46Z,false
REJ-20260927-2595,RAW-20260927-TRK-NB-07-02595,2026-09-27T04:08:17Z,116,57351326XXXX,TRK-NB-07,UNMAPPED_TRUNK,2026-09-27T04:25:17Z,false
REJ-20260927-2427,RAW-20260927-TRK-NB-07-02427,2026-09-27T04:11:18Z,53,57362746XXXX,TRK-NB-07,UNMAPPED_TRUNK,2026-09-27T04:28:18Z,false
REJ-20260927-2483,RAW-20260927-TRK-NB-07-02483,2026-09-27T04:13:15Z,328,57324097XXXX,TRK-NB-07,UNMAPPED_TRUNK,2026-09-27T04:30:15Z,false
REJ-20260927-2602,RAW-20260927-TRK-NB-07-02602,2026-09-27T04:16:34Z,917,57371819XXXX,TRK-NB-07,UNMAPPED_TRUNK,2026-09-27T04:33:34Z,false
REJ-20260927-2426,RAW-20260927-TRK-NB-07-02426,2026-09-27T04:17:29Z,20,57336998XXXX,TRK-NB-07,UNMAPPED_TRUNK,2026-09-27T04:34:29Z,false
REJ-20260927-2507,RAW-20260927-TRK-NB-07-02507,2026-09-27T04:25:14Z,222,57374266XXXX,TRK-NB-07,UNMAPPED_TRUNK,2026-09-27T04:42:14Z,false
REJ-20260927-2516,RAW-20260927-TRK-NB-07-02516,2026-09-27T04:25:38Z,101,57333497XXXX,TRK-NB-07,UNMAPPED_TRUNK,2026-09-27T04:42:38Z,false
REJ-20260927-2781,RAW-20260927-TRK-NB-07-02781,2026-09-27T04:30:42Z,503,57310741XXXX,TRK-NB-07,UNMAPPED_TRUNK,2026-09-27T04:47:42Z,false
REJ-20260927-2401,RAW-20260927-TRK-NB-07-02401,2026-09-27T04:31:34Z,288,57357148XXXX,TRK-NB-07,UNMAPPED_TRUNK,2026-09-27T04:48:34Z,false
REJ-20260927-2490,RAW-20260927-TRK-NB-07-02490,2026-09-27T04:31:40Z,157,57337575XXXX,TRK-NB-07,UNMAPPED_TRUNK,2026-09-27T04:48:40Z,false
REJ-20260927-2492,RAW-20260927-TRK-NB-07-02492,2026-09-27T04:33:11Z,474,57378493XXXX,TRK-NB-07,UNMAPPED_TRUNK,2026-09-27T04:50:11Z,false
REJ-20260927-2686,RAW-20260927-TRK-NB-07-02686,2026-09-27T04:35:46Z,186,57322002XXXX,TRK-NB-07,UNMAPPED_TRUNK,2026-09-27T04:52:46Z,false
REJ-20260927-2618,RAW-20260927-TRK-NB-07-02618,2026-09-27T04:45:19Z,217,57379237XXXX,TRK-NB-07,UNMAPPED_TRUNK,2026-09-27T05:02:19Z,false
REJ-20260927-2444,RAW-20260927-TRK-NB-07-02444,2026-09-27T04:45:30Z,199,57328874XXXX,TRK-NB-07,UNMAPPED_TRUNK,2026-09-27T05:02:30Z,false
REJ-20260927-2625,RAW-20260927-TRK-NB-07-02625,2026-09-27T04:50:45Z,58,57398334XXXX,TRK-NB-07,UNMAPPED_TRUNK,2026-09-27T05:07:45Z,false
REJ-20260927-2733,RAW-20260927-TRK-NB-07-02733,2026-09-27T05:03:37Z,117,57329895XXXX,TRK-NB-07,UNMAPPED_TRUNK,2026-09-27T05:20:37Z,false
REJ-20260927-2429,RAW-20260927-TRK-NB-07-02429,2026-09-27T05:03:50Z,71,57328139XXXX,TRK-NB-07,UNMAPPED_TRUNK,2026-09-27T05:20:50Z,false
REJ-20260927-2655,RAW-20260927-TRK-NB-07-02655,2026-09-27T05:09:09Z,43,57344511XXXX,TRK-NB-07,UNMAPPED_TRUNK,2026-09-27T05:26:09Z,false
REJ-20260927-2727,RAW-20260927-TRK-NB-07-02727,2026-09-27T05:09:17Z,203,57357422XXXX,TRK-NB-07,UNMAPPED_TRUNK,2026-09-27T05:26:17Z,false
REJ-20260927-2484,RAW-20260927-TRK-NB-07-02484,2026-09-27T05:11:43Z,91,57399686XXXX,TRK-NB-07,UNMAPPED_TRUNK,2026-09-27T05:28:43Z,false
REJ-20260927-2660,RAW-20260927-TRK-NB-07-02660,2026-09-27T05:14:40Z,211,57395002XXXX,TRK-NB-07,UNMAPPED_TRUNK,2026-09-27T05:31:40Z,false
REJ-20260927-2777,RAW-20260927-TRK-NB-07-02777,2026-09-27T05:18:41Z,72,57399905XXXX,TRK-NB-07,UNMAPPED_TRUNK,2026-09-27T05:35:41Z,false
REJ-20260927-2422,RAW-20260927-TRK-NB-07-02422,2026-09-27T05:20:15Z,40,57306180XXXX,TRK-NB-07,UNMAPPED_TRUNK,2026-09-27T05:37:15Z,false
REJ-20260927-2465,RAW-20260927-TRK-NB-07-02465,2026-09-27T05:21:20Z,41,57323777XXXX,TRK-NB-07,UNMAPPED_TRUNK,2026-09-27T05:38:20Z,false
REJ-20260927-2578,RAW-20260927-TRK-NB-07-02578,2026-09-27T05:25:17Z,32,57354679XXXX,TRK-NB-07,UNMAPPED_TRUNK,2026-09-27T05:42:17Z,false
REJ-20260927-2580,RAW-20260927-TRK-NB-07-02580,2026-09-27T05:38:21Z,32,57392994XXXX,TRK-NB-07,UNMAPPED_TRUNK,2026-09-27T05:55:21Z,false
REJ-20260927-2496,RAW-20260927-TRK-NB-07-02496,2026-09-27T05:39:07Z,45,57344508XXXX,TRK-NB-07,UNMAPPED_TRUNK,2026-09-27T05:56:07Z,false
REJ-20260927-2732,RAW-20260927-TRK-NB-07-02732,2026-09-27T05:42:01Z,14,57349444XXXX,TRK-NB-07,UNMAPPED_TRUNK,2026-09-27T05:59:01Z,false
REJ-20260927-2779,RAW-20260927-TRK-NB-07-02779,2026-09-27T05:47:52Z,216,57383628XXXX,TRK-NB-07,UNMAPPED_TRUNK,2026-09-27T06:04:52Z,false
REJ-20260927-2523,RAW-20260927-TRK-NB-07-02523,2026-09-27T05:56:38Z,196,57350588XXXX,TRK-NB-07,UNMAPPED_TRUNK,2026-09-27T06:13:38Z,false
REJ-20260927-2594,RAW-20260927-TRK-NB-07-02594,2026-09-27T06:07:18Z,47,57310184XXXX,TRK-NB-07,UNMAPPED_TRUNK,2026-09-27T06:24:18Z,false
REJ-20260927-2435,RAW-20260927-TRK-NB-07-02435,2026-09-27T06:08:39Z,53,57315008XXXX,TRK-NB-07,UNMAPPED_TRUNK,2026-09-27T06:25:39Z,false
REJ-20260927-2706,RAW-20260927-TRK-NB-07-02706,2026-09-27T06:11:01Z,284,57378046XXXX,TRK-NB-07,UNMAPPED_TRUNK,2026-09-27T06:28:01Z,false
REJ-20260927-2688,RAW-20260927-TRK-NB-07-02688,2026-09-27T06:12:57Z,380,57310873XXXX,TRK-NB-07,UNMAPPED_TRUNK,2026-09-27T06:29:57Z,false
REJ-20260927-2762,RAW-20260927-TRK-NB-07-02762,2026-09-27T06:14:17Z,330,57324229XXXX,TRK-NB-07,UNMAPPED_TRUNK,2026-09-27T06:31:17Z,false
REJ-20260927-2694,RAW-20260927-TRK-NB-07-02694,2026-09-27T06:15:42Z,115,57312911XXXX,TRK-NB-07,UNMAPPED_TRUNK,2026-09-27T06:32:42Z,false
REJ-20260927-2550,RAW-20260927-TRK-NB-07-02550,2026-09-27T06:18:59Z,111,57368879XXXX,TRK-NB-07,UNMAPPED_TRUNK,2026-09-27T06:35:59Z,false
REJ-20260927-2735,RAW-20260927-TRK-NB-07-02735,2026-09-27T06:20:00Z,7,57391895XXXX,TRK-NB-07,UNMAPPED_TRUNK,2026-09-27T06:37:00Z,false
REJ-20260927-2652,RAW-20260927-TRK-NB-07-02652,2026-09-27T06:20:47Z,285,57354779XXXX,TRK-NB-07,UNMAPPED_TRUNK,2026-09-27T06:37:47Z,false
REJ-20260927-2677,RAW-20260927-TRK-NB-07-02677,2026-09-27T06:21:21Z,186,57379652XXXX,TRK-NB-07,UNMAPPED_TRUNK,2026-09-27T06:38:21Z,false
REJ-20260927-2799,RAW-20260927-TRK-NB-07-02799,2026-09-27T06:29:06Z,127,57361064XXXX,TRK-NB-07,UNMAPPED_TRUNK,2026-09-27T06:46:06Z,false
REJ-20260927-2581,RAW-20260927-TRK-NB-07-02581,2026-09-27T06:30:08Z,49,57309217XXXX,TRK-NB-07,UNMAPPED_TRUNK,2026-09-27T06:47:08Z,false
REJ-20260927-2549,RAW-20260927-TRK-NB-07-02549,2026-09-27T06:34:21Z,49,57397867XXXX,TRK-NB-07,UNMAPPED_TRUNK,2026-09-27T06:51:21Z,false
REJ-20260927-2707,RAW-20260927-TRK-NB-07-02707,2026-09-27T06:35:46Z,14,57364656XXXX,TRK-NB-07,UNMAPPED_TRUNK,2026-09-27T06:52:46Z,false
REJ-20260927-2512,RAW-20260927-TRK-NB-07-02512,2026-09-27T06:36:00Z,577,57344258XXXX,TRK-NB-07,UNMAPPED_TRUNK,2026-09-27T06:53:00Z,false
REJ-20260927-2590,RAW-20260927-TRK-NB-07-02590,2026-09-27T06:37:25Z,280,57349487XXXX,TRK-NB-07,UNMAPPED_TRUNK,2026-09-27T06:54:25Z,false
REJ-20260927-2460,RAW-20260927-TRK-NB-07-02460,2026-09-27T06:43:44Z,4,57322878XXXX,TRK-NB-07,UNMAPPED_TRUNK,2026-09-27T07:00:44Z,false
REJ-20260927-2690,RAW-20260927-TRK-NB-07-02690,2026-09-27T06:44:51Z,149,57359745XXXX,TRK-NB-07,UNMAPPED_TRUNK,2026-09-27T07:01:51Z,false
REJ-20260927-2433,RAW-20260927-TRK-NB-07-02433,2026-09-27T06:48:44Z,33,57343598XXXX,TRK-NB-07,UNMAPPED_TRUNK,2026-09-27T07:05:44Z,false
REJ-20260927-2629,RAW-20260927-TRK-NB-07-02629,2026-09-27T06:54:52Z,72,57318701XXXX,TRK-NB-07,UNMAPPED_TRUNK,2026-09-27T07:11:52Z,false
REJ-20260927-2739,RAW-20260927-TRK-NB-07-02739,2026-09-27T06:56:26Z,50,57308036XXXX,TRK-NB-07,UNMAPPED_TRUNK,2026-09-27T07:13:26Z,false
REJ-20260927-2437,RAW-20260927-TRK-NB-07-02437,2026-09-27T06:58:10Z,74,57393385XXXX,TRK-NB-07,UNMAPPED_TRUNK,2026-09-27T07:15:10Z,false
REJ-20260927-2504,RAW-20260927-TRK-NB-07-02504,2026-09-27T07:14:18Z,20,57387634XXXX,TRK-NB-07,UNMAPPED_TRUNK,2026-09-27T07:31:18Z,false
REJ-20260927-2470,RAW-20260927-TRK-NB-07-02470,2026-09-27T07:19:15Z,37,57361305XXXX,TRK-NB-07,UNMAPPED_TRUNK,2026-09-27T07:36:15Z,false
REJ-20260927-2428,RAW-20260927-TRK-NB-07-02428,2026-09-27T07:20:28Z,21,57357982XXXX,TRK-NB-07,UNMAPPED_TRUNK,2026-09-27T07:37:28Z,false
REJ-20260927-2529,RAW-20260927-TRK-NB-07-02529,2026-09-27T07:21:38Z,34,57359436XXXX,TRK-NB-07,UNMAPPED_TRUNK,2026-09-27T07:38:38Z,false
REJ-20260927-2477,RAW-20260927-TRK-NB-07-02477,2026-09-27T07:24:44Z,134,57374482XXXX,TRK-NB-07,UNMAPPED_TRUNK,2026-09-27T07:41:44Z,false
REJ-20260927-2661,RAW-20260927-TRK-NB-07-02661,2026-09-27T07:30:16Z,167,57356227XXXX,TRK-NB-07,UNMAPPED_TRUNK,2026-09-27T07:47:16Z,false
REJ-20260927-2532,RAW-20260927-TRK-NB-07-02532,2026-09-27T07:34:47Z,32,57333944XXXX,TRK-NB-07,UNMAPPED_TRUNK,2026-09-27T07:51:47Z,false
REJ-20260927-2631,RAW-20260927-TRK-NB-07-02631,2026-09-27T07:35:10Z,201,57321650XXXX,TRK-NB-07,UNMAPPED_TRUNK,2026-09-27T07:52:10Z,false
REJ-20260927-2648,RAW-20260927-TRK-NB-07-02648,2026-09-27T07:36:16Z,37,57341697XXXX,TRK-NB-07,UNMAPPED_TRUNK,2026-09-27T07:53:16Z,false
REJ-20260927-2488,RAW-20260927-TRK-NB-07-02488,2026-09-27T07:39:24Z,201,57396093XXXX,TRK-NB-07,UNMAPPED_TRUNK,2026-09-27T07:56:24Z,false
REJ-20260927-2441,RAW-20260927-TRK-NB-07-02441,2026-09-27T07:39:27Z,526,57349425XXXX,TRK-NB-07,UNMAPPED_TRUNK,2026-09-27T07:56:27Z,false
REJ-20260927-2543,RAW-20260927-TRK-NB-07-02543,2026-09-27T07:57:03Z,165,57384216XXXX,TRK-NB-07,UNMAPPED_TRUNK,2026-09-27T08:14:03Z,false
REJ-20260927-2667,RAW-20260927-TRK-NB-07-02667,2026-09-27T08:03:54Z,1,57399368XXXX,TRK-NB-07,UNMAPPED_TRUNK,2026-09-27T08:20:54Z,false
REJ-20260927-2630,RAW-20260927-TRK-NB-07-02630,2026-09-27T08:04:17Z,127,57319043XXXX,TRK-NB-07,UNMAPPED_TRUNK,2026-09-27T08:21:17Z,false
REJ-20260927-2525,RAW-20260927-TRK-NB-07-02525,2026-09-27T08:05:55Z,6,57341920XXXX,TRK-NB-07,UNMAPPED_TRUNK,2026-09-27T08:22:55Z,false
REJ-20260927-2463,RAW-20260927-TRK-NB-07-02463,2026-09-27T08:09:37Z,66,57386446XXXX,TRK-NB-07,UNMAPPED_TRUNK,2026-09-27T08:26:37Z,false
REJ-20260927-2415,RAW-20260927-TRK-NB-07-02415,2026-09-27T08:10:04Z,291,57355417XXXX,TRK-NB-07,UNMAPPED_TRUNK,2026-09-27T08:27:04Z,false
REJ-20260927-2675,RAW-20260927-TRK-NB-07-02675,2026-09-27T08:17:48Z,61,57323351XXXX,TRK-NB-07,UNMAPPED_TRUNK,2026-09-27T08:34:48Z,false
REJ-20260927-2569,RAW-20260927-TRK-NB-07-02569,2026-09-27T08:19:49Z,379,57316981XXXX,TRK-NB-07,UNMAPPED_TRUNK,2026-09-27T08:36:49Z,false
REJ-20260927-2768,RAW-20260927-TRK-NB-07-02768,2026-09-27T08:20:48Z,3,57378735XXXX,TRK-NB-07,UNMAPPED_TRUNK,2026-09-27T08:37:48Z,false
REJ-20260927-2794,RAW-20260927-TRK-NB-07-02794,2026-09-27T08:25:13Z,38,57396662XXXX,TRK-NB-07,UNMAPPED_TRUNK,2026-09-27T08:42:13Z,false
REJ-20260927-2421,RAW-20260927-TRK-NB-07-02421,2026-09-27T08:26:11Z,236,57396109XXXX,TRK-NB-07,UNMAPPED_TRUNK,2026-09-27T08:43:11Z,false
REJ-20260927-2761,RAW-20260927-TRK-NB-07-02761,2026-09-27T08:33:32Z,52,57303695XXXX,TRK-NB-07,UNMAPPED_TRUNK,2026-09-27T08:50:32Z,false
REJ-20260927-2731,RAW-20260927-TRK-NB-07-02731,2026-09-27T08:35:30Z,12,57392881XXXX,TRK-NB-07,UNMAPPED_TRUNK,2026-09-27T08:52:30Z,false
REJ-20260927-2676,RAW-20260927-TRK-NB-07-02676,2026-09-27T08:47:50Z,179,57327737XXXX,TRK-NB-07,UNMAPPED_TRUNK,2026-09-27T09:04:50Z,false
REJ-20260927-2410,RAW-20260927-TRK-NB-07-02410,2026-09-27T08:48:59Z,118,57382241XXXX,TRK-NB-07,UNMAPPED_TRUNK,2026-09-27T09:05:59Z,false
REJ-20260927-2592,RAW-20260927-TRK-NB-07-02592,2026-09-27T08:50:04Z,43,57374742XXXX,TRK-NB-07,UNMAPPED_TRUNK,2026-09-27T09:07:04Z,false
REJ-20260927-2572,RAW-20260927-TRK-NB-07-02572,2026-09-27T08:52:45Z,23,57311056XXXX,TRK-NB-07,UNMAPPED_TRUNK,2026-09-27T09:09:45Z,false
REJ-20260927-2611,RAW-20260927-TRK-NB-07-02611,2026-09-27T08:53:00Z,109,57374476XXXX,TRK-NB-07,UNMAPPED_TRUNK,2026-09-27T09:10:00Z,false
REJ-20260927-2654,RAW-20260927-TRK-NB-07-02654,2026-09-27T08:53:17Z,23,57357190XXXX,TRK-NB-07,UNMAPPED_TRUNK,2026-09-27T09:10:17Z,false
REJ-20260927-2693,RAW-20260927-TRK-NB-07-02693,2026-09-27T08:55:22Z,40,57322731XXXX,TRK-NB-07,UNMAPPED_TRUNK,2026-09-27T09:12:22Z,false
REJ-20260927-2533,RAW-20260927-TRK-NB-07-02533,2026-09-27T08:58:01Z,3,57379523XXXX,TRK-NB-07,UNMAPPED_TRUNK,2026-09-27T09:15:01Z,false
REJ-20260927-2411,RAW-20260927-TRK-NB-07-02411,2026-09-27T09:09:15Z,58,57390796XXXX,TRK-NB-07,UNMAPPED_TRUNK,2026-09-27T09:26:15Z,false
REJ-20260927-2475,RAW-20260927-TRK-NB-07-02475,2026-09-27T09:12:04Z,450,57399309XXXX,TRK-NB-07,UNMAPPED_TRUNK,2026-09-27T09:29:04Z,false
REJ-20260927-2786,RAW-20260927-TRK-NB-07-02786,2026-09-27T09:12:32Z,163,57373083XXXX,TRK-NB-07,UNMAPPED_TRUNK,2026-09-27T09:29:32Z,false
REJ-20260927-2669,RAW-20260927-TRK-NB-07-02669,2026-09-27T09:22:28Z,290,57352471XXXX,TRK-NB-07,UNMAPPED_TRUNK,2026-09-27T09:39:28Z,false
REJ-20260927-2716,RAW-20260927-TRK-NB-07-02716,2026-09-27T09:29:05Z,530,57357411XXXX,TRK-NB-07,UNMAPPED_TRUNK,2026-09-27T09:46:05Z,false
REJ-20260927-2740,RAW-20260927-TRK-NB-07-02740,2026-09-27T09:31:40Z,198,57306054XXXX,TRK-NB-07,UNMAPPED_TRUNK,2026-09-27T09:48:40Z,false
REJ-20260927-2559,RAW-20260927-TRK-NB-07-02559,2026-09-27T09:36:32Z,260,57323133XXXX,TRK-NB-07,UNMAPPED_TRUNK,2026-09-27T09:53:32Z,false
REJ-20260927-2503,RAW-20260927-TRK-NB-07-02503,2026-09-27T09:38:33Z,6,57322845XXXX,TRK-NB-07,UNMAPPED_TRUNK,2026-09-27T09:55:33Z,false
REJ-20260927-2641,RAW-20260927-TRK-NB-07-02641,2026-09-27T09:46:49Z,44,57300428XXXX,TRK-NB-07,UNMAPPED_TRUNK,2026-09-27T10:03:49Z,false
REJ-20260927-2730,RAW-20260927-TRK-NB-07-02730,2026-09-27T09:47:39Z,970,57347018XXXX,TRK-NB-07,UNMAPPED_TRUNK,2026-09-27T10:04:39Z,false
REJ-20260927-2613,RAW-20260927-TRK-NB-07-02613,2026-09-27T09:57:00Z,99,57313515XXXX,TRK-NB-07,UNMAPPED_TRUNK,2026-09-27T10:14:00Z,false
REJ-20260927-2627,RAW-20260927-TRK-NB-07-02627,2026-09-27T10:01:24Z,123,57382790XXXX,TRK-NB-07,UNMAPPED_TRUNK,2026-09-27T10:18:24Z,false
REJ-20260927-2635,RAW-20260927-TRK-NB-07-02635,2026-09-27T10:02:30Z,536,57325309XXXX,TRK-NB-07,UNMAPPED_TRUNK,2026-09-27T10:19:30Z,false
REJ-20260927-2684,RAW-20260927-TRK-NB-07-02684,2026-09-27T10:10:01Z,226,57329994XXXX,TRK-NB-07,UNMAPPED_TRUNK,2026-09-27T10:27:01Z,false
REJ-20260927-2662,RAW-20260927-TRK-NB-07-02662,2026-09-27T10:11:00Z,24,57392143XXXX,TRK-NB-07,UNMAPPED_TRUNK,2026-09-27T10:28:00Z,false
REJ-20260927-2607,RAW-20260927-TRK-NB-07-02607,2026-09-27T10:19:14Z,7,57308893XXXX,TRK-NB-07,UNMAPPED_TRUNK,2026-09-27T10:36:14Z,false
REJ-20260927-2722,RAW-20260927-TRK-NB-07-02722,2026-09-27T10:24:01Z,267,57368338XXXX,TRK-NB-07,UNMAPPED_TRUNK,2026-09-27T10:41:01Z,false
REJ-20260927-2479,RAW-20260927-TRK-NB-07-02479,2026-09-27T10:26:28Z,18,57319667XXXX,TRK-NB-07,UNMAPPED_TRUNK,2026-09-27T10:43:28Z,false
REJ-20260927-2796,RAW-20260927-TRK-NB-07-02796,2026-09-27T10:28:20Z,605,57365438XXXX,TRK-NB-07,UNMAPPED_TRUNK,2026-09-27T10:45:20Z,false
REJ-20260927-2464,RAW-20260927-TRK-NB-07-02464,2026-09-27T10:48:26Z,23,57386355XXXX,TRK-NB-07,UNMAPPED_TRUNK,2026-09-27T11:05:26Z,false
REJ-20260927-2530,RAW-20260927-TRK-NB-07-02530,2026-09-27T10:51:37Z,55,57323316XXXX,TRK-NB-07,UNMAPPED_TRUNK,2026-09-27T11:08:37Z,false
REJ-20260927-2728,RAW-20260927-TRK-NB-07-02728,2026-09-27T10:52:37Z,49,57392728XXXX,TRK-NB-07,UNMAPPED_TRUNK,2026-09-27T11:09:37Z,false
REJ-20260927-2440,RAW-20260927-TRK-NB-07-02440,2026-09-27T11:01:45Z,43,57397176XXXX,TRK-NB-07,UNMAPPED_TRUNK,2026-09-27T11:18:45Z,false
REJ-20260927-2636,RAW-20260927-TRK-NB-07-02636,2026-09-27T11:04:20Z,11,57344392XXXX,TRK-NB-07,UNMAPPED_TRUNK,2026-09-27T11:21:20Z,false
REJ-20260927-2792,RAW-20260927-TRK-NB-07-02792,2026-09-27T11:04:26Z,535,57366114XXXX,TRK-NB-07,UNMAPPED_TRUNK,2026-09-27T11:21:26Z,false
REJ-20260927-2615,RAW-20260927-TRK-NB-07-02615,2026-09-27T11:04:28Z,24,57354486XXXX,TRK-NB-07,UNMAPPED_TRUNK,2026-09-27T11:21:28Z,false
REJ-20260927-2743,RAW-20260927-TRK-NB-07-02743,2026-09-27T11:10:35Z,19,57396221XXXX,TRK-NB-07,UNMAPPED_TRUNK,2026-09-27T11:27:35Z,false
REJ-20260927-2510,RAW-20260927-TRK-NB-07-02510,2026-09-27T11:10:56Z,55,57327991XXXX,TRK-NB-07,UNMAPPED_TRUNK,2026-09-27T11:27:56Z,false
REJ-20260927-2742,RAW-20260927-TRK-NB-07-02742,2026-09-27T11:17:27Z,19,57343301XXXX,TRK-NB-07,UNMAPPED_TRUNK,2026-09-27T11:34:27Z,false
REJ-20260927-2571,RAW-20260927-TRK-NB-07-02571,2026-09-27T11:18:56Z,56,57387008XXXX,TRK-NB-07,UNMAPPED_TRUNK,2026-09-27T11:35:56Z,false
REJ-20260927-2467,RAW-20260927-TRK-NB-07-02467,2026-09-27T11:22:13Z,85,57337600XXXX,TRK-NB-07,UNMAPPED_TRUNK,2026-09-27T11:39:13Z,false
REJ-20260927-2604,RAW-20260927-TRK-NB-07-02604,2026-09-27T11:22:16Z,92,57313018XXXX,TRK-NB-07,UNMAPPED_TRUNK,2026-09-27T11:39:16Z,false
REJ-20260927-2402,RAW-20260927-TRK-NB-07-02402,2026-09-27T11:32:10Z,25,57384934XXXX,TRK-NB-07,UNMAPPED_TRUNK,2026-09-27T11:49:10Z,false
REJ-20260927-2772,RAW-20260927-TRK-NB-07-02772,2026-09-27T11:39:40Z,247,57308180XXXX,TRK-NB-07,UNMAPPED_TRUNK,2026-09-27T11:56:40Z,false
REJ-20260927-2498,RAW-20260927-TRK-NB-07-02498,2026-09-27T11:42:35Z,179,57339555XXXX,TRK-NB-07,UNMAPPED_TRUNK,2026-09-27T11:59:35Z,false
REJ-20260927-2782,RAW-20260927-TRK-NB-07-02782,2026-09-27T11:44:40Z,128,57394241XXXX,TRK-NB-07,UNMAPPED_TRUNK,2026-09-27T12:01:40Z,false
REJ-20260927-2481,RAW-20260927-TRK-NB-07-02481,2026-09-27T11:52:11Z,335,57360034XXXX,TRK-NB-07,UNMAPPED_TRUNK,2026-09-27T12:09:11Z,false
REJ-20260927-2745,RAW-20260927-TRK-NB-07-02745,2026-09-27T11:55:41Z,97,57321473XXXX,TRK-NB-07,UNMAPPED_TRUNK,2026-09-27T12:12:41Z,false
REJ-20260927-2713,RAW-20260927-TRK-NB-07-02713,2026-09-27T12:04:12Z,32,57316441XXXX,TRK-NB-07,UNMAPPED_TRUNK,2026-09-27T12:21:12Z,false
REJ-20260927-2800,RAW-20260927-TRK-NB-07-02800,2026-09-27T12:20:13Z,1078,57386259XXXX,TRK-NB-07,UNMAPPED_TRUNK,2026-09-27T12:37:13Z,false
REJ-20260927-2466,RAW-20260927-TRK-NB-07-02466,2026-09-27T12:20:14Z,44,57334925XXXX,TRK-NB-07,UNMAPPED_TRUNK,2026-09-27T12:37:14Z,false
REJ-20260927-2584,RAW-20260927-TRK-NB-07-02584,2026-09-27T12:22:46Z,6,57321549XXXX,TRK-NB-07,UNMAPPED_TRUNK,2026-09-27T12:39:46Z,false
REJ-20260927-2640,RAW-20260927-TRK-NB-07-02640,2026-09-27T12:32:25Z,17,57383355XXXX,TRK-NB-07,UNMAPPED_TRUNK,2026-09-27T12:49:25Z,false
REJ-20260927-2689,RAW-20260927-TRK-NB-07-02689,2026-09-27T12:34:22Z,59,57321138XXXX,TRK-NB-07,UNMAPPED_TRUNK,2026-09-27T12:51:22Z,false
REJ-20260927-2586,RAW-20260927-TRK-NB-07-02586,2026-09-27T12:35:43Z,81,57377747XXXX,TRK-NB-07,UNMAPPED_TRUNK,2026-09-27T12:52:43Z,false
REJ-20260927-2605,RAW-20260927-TRK-NB-07-02605,2026-09-27T12:39:16Z,53,57366419XXXX,TRK-NB-07,UNMAPPED_TRUNK,2026-09-27T12:56:16Z,false
REJ-20260927-2593,RAW-20260927-TRK-NB-07-02593,2026-09-27T12:43:18Z,164,57373187XXXX,TRK-NB-07,UNMAPPED_TRUNK,2026-09-27T13:00:18Z,false
REJ-20260927-2459,RAW-20260927-TRK-NB-07-02459,2026-09-27T12:47:01Z,249,57326739XXXX,TRK-NB-07,UNMAPPED_TRUNK,2026-09-27T13:04:01Z,false
REJ-20260927-2493,RAW-20260927-TRK-NB-07-02493,2026-09-27T12:53:38Z,26,57307744XXXX,TRK-NB-07,UNMAPPED_TRUNK,2026-09-27T13:10:38Z,false
REJ-20260927-2446,RAW-20260927-TRK-NB-07-02446,2026-09-27T12:55:45Z,111,57393710XXXX,TRK-NB-07,UNMAPPED_TRUNK,2026-09-27T13:12:45Z,false
REJ-20260927-2494,RAW-20260927-TRK-NB-07-02494,2026-09-27T12:55:47Z,29,57327698XXXX,TRK-NB-07,UNMAPPED_TRUNK,2026-09-27T13:12:47Z,false
REJ-20260927-2790,RAW-20260927-TRK-NB-07-02790,2026-09-27T13:00:43Z,19,57321620XXXX,TRK-NB-07,UNMAPPED_TRUNK,2026-09-27T13:17:43Z,false
REJ-20260927-2591,RAW-20260927-TRK-NB-07-02591,2026-09-27T13:01:02Z,60,57390309XXXX,TRK-NB-07,UNMAPPED_TRUNK,2026-09-27T13:18:02Z,false
REJ-20260927-2715,RAW-20260927-TRK-NB-07-02715,2026-09-27T13:01:08Z,37,57355283XXXX,TRK-NB-07,UNMAPPED_TRUNK,2026-09-27T13:18:08Z,false
REJ-20260927-2487,RAW-20260927-TRK-NB-07-02487,2026-09-27T13:05:17Z,55,57306352XXXX,TRK-NB-07,UNMAPPED_TRUNK,2026-09-27T13:22:17Z,false
REJ-20260927-2564,RAW-20260927-TRK-NB-07-02564,2026-09-27T13:07:14Z,211,57372963XXXX,TRK-NB-07,UNMAPPED_TRUNK,2026-09-27T13:24:14Z,false
REJ-20260927-2658,RAW-20260927-TRK-NB-07-02658,2026-09-27T13:10:05Z,332,57320948XXXX,TRK-NB-07,UNMAPPED_TRUNK,2026-09-27T13:27:05Z,false
REJ-20260927-2405,RAW-20260927-TRK-NB-07-02405,2026-09-27T13:13:29Z,212,57399631XXXX,TRK-NB-07,UNMAPPED_TRUNK,2026-09-27T13:30:29Z,false
REJ-20260927-2452,RAW-20260927-TRK-NB-07-02452,2026-09-27T13:16:01Z,442,57375037XXXX,TRK-NB-07,UNMAPPED_TRUNK,2026-09-27T13:33:01Z,false
REJ-20260927-2764,RAW-20260927-TRK-NB-07-02764,2026-09-27T13:16:23Z,27,57321425XXXX,TRK-NB-07,UNMAPPED_TRUNK,2026-09-27T13:33:23Z,false
REJ-20260927-2577,RAW-20260927-TRK-NB-07-02577,2026-09-27T13:16:25Z,29,57350883XXXX,TRK-NB-07,UNMAPPED_TRUNK,2026-09-27T13:33:25Z,false
REJ-20260927-2506,RAW-20260927-TRK-NB-07-02506,2026-09-27T13:17:38Z,42,57377252XXXX,TRK-NB-07,UNMAPPED_TRUNK,2026-09-27T13:34:38Z,false
REJ-20260927-2789,RAW-20260927-TRK-NB-07-02789,2026-09-27T13:20:05Z,146,57357179XXXX,TRK-NB-07,UNMAPPED_TRUNK,2026-09-27T13:37:05Z,false
REJ-20260927-2759,RAW-20260927-TRK-NB-07-02759,2026-09-27T13:20:41Z,32,57317749XXXX,TRK-NB-07,UNMAPPED_TRUNK,2026-09-27T13:37:41Z,false
REJ-20260927-2517,RAW-20260927-TRK-NB-07-02517,2026-09-27T13:20:49Z,215,57371703XXXX,TRK-NB-07,UNMAPPED_TRUNK,2026-09-27T13:37:49Z,false
REJ-20260927-2628,RAW-20260927-TRK-NB-07-02628,2026-09-27T13:22:10Z,424,57388637XXXX,TRK-NB-07,UNMAPPED_TRUNK,2026-09-27T13:39:10Z,false
REJ-20260927-2769,RAW-20260927-TRK-NB-07-02769,2026-09-27T13:27:09Z,95,57357260XXXX,TRK-NB-07,UNMAPPED_TRUNK,2026-09-27T13:44:09Z,false
REJ-20260927-2522,RAW-20260927-TRK-NB-07-02522,2026-09-27T13:30:52Z,20,57382101XXXX,TRK-NB-07,UNMAPPED_TRUNK,2026-09-27T13:47:52Z,false
REJ-20260927-2674,RAW-20260927-TRK-NB-07-02674,2026-09-27T13:31:29Z,277,57320822XXXX,TRK-NB-07,UNMAPPED_TRUNK,2026-09-27T13:48:29Z,false
REJ-20260927-2685,RAW-20260927-TRK-NB-07-02685,2026-09-27T13:33:05Z,75,57346213XXXX,TRK-NB-07,UNMAPPED_TRUNK,2026-09-27T13:50:05Z,false
REJ-20260927-2404,RAW-20260927-TRK-NB-07-02404,2026-09-27T13:36:51Z,15,57384447XXXX,TRK-NB-07,UNMAPPED_TRUNK,2026-09-27T13:53:51Z,false
REJ-20260927-2751,RAW-20260927-TRK-NB-07-02751,2026-09-27T13:43:54Z,8,57342356XXXX,TRK-NB-07,UNMAPPED_TRUNK,2026-09-27T14:00:54Z,false
REJ-20260927-2639,RAW-20260927-TRK-NB-07-02639,2026-09-27T13:45:52Z,19,57307509XXXX,TRK-NB-07,UNMAPPED_TRUNK,2026-09-27T14:02:52Z,false
REJ-20260927-2651,RAW-20260927-TRK-NB-07-02651,2026-09-27T13:45:53Z,178,57388561XXXX,TRK-NB-07,UNMAPPED_TRUNK,2026-09-27T14:02:53Z,false
REJ-20260927-2638,RAW-20260927-TRK-NB-07-02638,2026-09-27T13:49:23Z,328,57335670XXXX,TRK-NB-07,UNMAPPED_TRUNK,2026-09-27T14:06:23Z,false
REJ-20260927-2647,RAW-20260927-TRK-NB-07-02647,2026-09-27T14:01:25Z,92,57328483XXXX,TRK-NB-07,UNMAPPED_TRUNK,2026-09-27T14:18:25Z,false
REJ-20260927-2501,RAW-20260927-TRK-NB-07-02501,2026-09-27T14:06:12Z,29,57394166XXXX,TRK-NB-07,UNMAPPED_TRUNK,2026-09-27T14:23:12Z,false
REJ-20260927-2644,RAW-20260927-TRK-NB-07-02644,2026-09-27T14:09:35Z,421,57338803XXXX,TRK-NB-07,UNMAPPED_TRUNK,2026-09-27T14:26:35Z,false
REJ-20260927-2486,RAW-20260927-TRK-NB-07-02486,2026-09-27T14:21:40Z,116,57399595XXXX,TRK-NB-07,UNMAPPED_TRUNK,2026-09-27T14:38:40Z,false
REJ-20260927-2406,RAW-20260927-TRK-NB-07-02406,2026-09-27T14:23:24Z,23,57398112XXXX,TRK-NB-07,UNMAPPED_TRUNK,2026-09-27T14:40:24Z,false
REJ-20260927-2408,RAW-20260927-TRK-NB-07-02408,2026-09-27T14:26:28Z,149,57328847XXXX,TRK-NB-07,UNMAPPED_TRUNK,2026-09-27T14:43:28Z,false
REJ-20260927-2448,RAW-20260927-TRK-NB-07-02448,2026-09-27T14:35:57Z,75,57356581XXXX,TRK-NB-07,UNMAPPED_TRUNK,2026-09-27T14:52:57Z,false
REJ-20260927-2535,RAW-20260927-TRK-NB-07-02535,2026-09-27T14:39:08Z,240,57357634XXXX,TRK-NB-07,UNMAPPED_TRUNK,2026-09-27T14:56:08Z,false
REJ-20260927-2737,RAW-20260927-TRK-NB-07-02737,2026-09-27T14:42:28Z,124,57359345XXXX,TRK-NB-07,UNMAPPED_TRUNK,2026-09-27T14:59:28Z,false
REJ-20260927-2785,RAW-20260927-TRK-NB-07-02785,2026-09-27T14:49:34Z,3,57302760XXXX,TRK-NB-07,UNMAPPED_TRUNK,2026-09-27T15:06:34Z,false
REJ-20260927-2547,RAW-20260927-TRK-NB-07-02547,2026-09-27T14:53:08Z,780,57366137XXXX,TRK-NB-07,UNMAPPED_TRUNK,2026-09-27T15:10:08Z,false
REJ-20260927-2458,RAW-20260927-TRK-NB-07-02458,2026-09-27T14:53:09Z,401,57321422XXXX,TRK-NB-07,UNMAPPED_TRUNK,2026-09-27T15:10:09Z,false
REJ-20260927-2557,RAW-20260927-TRK-NB-07-02557,2026-09-27T14:57:30Z,115,57361786XXXX,TRK-NB-07,UNMAPPED_TRUNK,2026-09-27T15:14:30Z,false
REJ-20260927-Z048,RAW-20260927-TRK-NB-03-Z048,2026-09-27T14:58:21Z,0,57322833XXXX,TRK-NB-03,ZERO_DURATION,2026-09-27T15:15:21Z,false
REJ-20260927-2606,RAW-20260927-TRK-NB-07-02606,2026-09-27T14:59:12Z,26,57336976XXXX,TRK-NB-07,UNMAPPED_TRUNK,2026-09-27T15:16:12Z,false
REJ-20260927-2767,RAW-20260927-TRK-NB-07-02767,2026-09-27T15:07:55Z,33,57320674XXXX,TRK-NB-07,UNMAPPED_TRUNK,2026-09-27T15:24:55Z,false
REJ-20260927-2692,RAW-20260927-TRK-NB-07-02692,2026-09-27T15:09:33Z,393,57361073XXXX,TRK-NB-07,UNMAPPED_TRUNK,2026-09-27T15:26:33Z,false
REJ-20260927-2617,RAW-20260927-TRK-NB-07-02617,2026-09-27T15:17:43Z,43,57315676XXXX,TRK-NB-07,UNMAPPED_TRUNK,2026-09-27T15:34:43Z,false
REJ-20260927-2773,RAW-20260927-TRK-NB-07-02773,2026-09-27T15:20:17Z,55,57337668XXXX,TRK-NB-07,UNMAPPED_TRUNK,2026-09-27T15:37:17Z,false
REJ-20260927-2520,RAW-20260927-TRK-NB-07-02520,2026-09-27T15:24:54Z,337,57321434XXXX,TRK-NB-07,UNMAPPED_TRUNK,2026-09-27T15:41:54Z,false
REJ-20260927-2763,RAW-20260927-TRK-NB-07-02763,2026-09-27T15:26:24Z,59,57324386XXXX,TRK-NB-07,UNMAPPED_TRUNK,2026-09-27T15:43:24Z,false
REJ-20260927-2474,RAW-20260927-TRK-NB-07-02474,2026-09-27T15:26:40Z,37,57314841XXXX,TRK-NB-07,UNMAPPED_TRUNK,2026-09-27T15:43:40Z,false
REJ-20260927-2783,RAW-20260927-TRK-NB-07-02783,2026-09-27T15:29:32Z,72,57397864XXXX,TRK-NB-07,UNMAPPED_TRUNK,2026-09-27T15:46:32Z,false
REJ-20260927-2752,RAW-20260927-TRK-NB-07-02752,2026-09-27T15:29:34Z,39,57319719XXXX,TRK-NB-07,UNMAPPED_TRUNK,2026-09-27T15:46:34Z,false
REJ-20260927-2714,RAW-20260927-TRK-NB-07-02714,2026-09-27T15:32:22Z,191,57316293XXXX,TRK-NB-07,UNMAPPED_TRUNK,2026-09-27T15:49:22Z,false
REJ-20260927-2671,RAW-20260927-TRK-NB-07-02671,2026-09-27T15:40:09Z,395,57341911XXXX,TRK-NB-07,UNMAPPED_TRUNK,2026-09-27T15:57:09Z,false
REJ-20260927-2499,RAW-20260927-TRK-NB-07-02499,2026-09-27T15:41:35Z,147,57326958XXXX,TRK-NB-07,UNMAPPED_TRUNK,2026-09-27T15:58:35Z,false
REJ-20260927-2616,RAW-20260927-TRK-NB-07-02616,2026-09-27T15:42:11Z,76,57382070XXXX,TRK-NB-07,UNMAPPED_TRUNK,2026-09-27T15:59:11Z,false
REJ-20260927-2726,RAW-20260927-TRK-NB-07-02726,2026-09-27T15:43:47Z,2,57319878XXXX,TRK-NB-07,UNMAPPED_TRUNK,2026-09-27T16:00:47Z,false
REJ-20260927-2774,RAW-20260927-TRK-NB-07-02774,2026-09-27T15:46:14Z,38,57370388XXXX,TRK-NB-07,UNMAPPED_TRUNK,2026-09-27T16:03:14Z,false
REJ-20260927-2598,RAW-20260927-TRK-NB-07-02598,2026-09-27T15:49:38Z,204,57338835XXXX,TRK-NB-07,UNMAPPED_TRUNK,2026-09-27T16:06:38Z,false
REJ-20260927-2600,RAW-20260927-TRK-NB-07-02600,2026-09-27T15:52:36Z,173,57369462XXXX,TRK-NB-07,UNMAPPED_TRUNK,2026-09-27T16:09:36Z,false
REJ-20260927-2663,RAW-20260927-TRK-NB-07-02663,2026-09-27T15:57:07Z,56,57342482XXXX,TRK-NB-07,UNMAPPED_TRUNK,2026-09-27T16:14:07Z,false
REJ-20260927-2770,RAW-20260927-TRK-NB-07-02770,2026-09-27T16:01:39Z,96,57330761XXXX,TRK-NB-07,UNMAPPED_TRUNK,2026-09-27T16:18:39Z,false
REJ-20260927-2505,RAW-20260927-TRK-NB-07-02505,2026-09-27T16:03:41Z,18,57352264XXXX,TRK-NB-07,UNMAPPED_TRUNK,2026-09-27T16:20:41Z,false
REJ-20260927-2403,RAW-20260927-TRK-NB-07-02403,2026-09-27T16:04:13Z,45,57340727XXXX,TRK-NB-07,UNMAPPED_TRUNK,2026-09-27T16:21:13Z,false
REJ-20260927-2469,RAW-20260927-TRK-NB-07-02469,2026-09-27T16:04:39Z,816,57395250XXXX,TRK-NB-07,UNMAPPED_TRUNK,2026-09-27T16:21:39Z,false
REJ-20260927-2478,RAW-20260927-TRK-NB-07-02478,2026-09-27T16:06:53Z,115,57311363XXXX,TRK-NB-07,UNMAPPED_TRUNK,2026-09-27T16:23:53Z,false
REJ-20260927-2453,RAW-20260927-TRK-NB-07-02453,2026-09-27T16:06:55Z,195,57386184XXXX,TRK-NB-07,UNMAPPED_TRUNK,2026-09-27T16:23:55Z,false
REJ-20260927-2729,RAW-20260927-TRK-NB-07-02729,2026-09-27T16:07:25Z,20,57395022XXXX,TRK-NB-07,UNMAPPED_TRUNK,2026-09-27T16:24:25Z,false
REJ-20260927-2748,RAW-20260927-TRK-NB-07-02748,2026-09-27T16:20:01Z,220,57326937XXXX,TRK-NB-07,UNMAPPED_TRUNK,2026-09-27T16:37:01Z,false
REJ-20260927-2624,RAW-20260927-TRK-NB-07-02624,2026-09-27T16:20:24Z,13,57312994XXXX,TRK-NB-07,UNMAPPED_TRUNK,2026-09-27T16:37:24Z,false
REJ-20260927-2665,RAW-20260927-TRK-NB-07-02665,2026-09-27T16:20:27Z,192,57318384XXXX,TRK-NB-07,UNMAPPED_TRUNK,2026-09-27T16:37:27Z,false
REJ-20260927-2776,RAW-20260927-TRK-NB-07-02776,2026-09-27T16:20:40Z,435,57335885XXXX,TRK-NB-07,UNMAPPED_TRUNK,2026-09-27T16:37:40Z,false
REJ-20260927-2746,RAW-20260927-TRK-NB-07-02746,2026-09-27T16:20:43Z,689,57308563XXXX,TRK-NB-07,UNMAPPED_TRUNK,2026-09-27T16:37:43Z,false
REJ-20260927-2558,RAW-20260927-TRK-NB-07-02558,2026-09-27T16:22:18Z,174,57344057XXXX,TRK-NB-07,UNMAPPED_TRUNK,2026-09-27T16:39:18Z,false
REJ-20260927-2612,RAW-20260927-TRK-NB-07-02612,2026-09-27T16:26:44Z,579,57373461XXXX,TRK-NB-07,UNMAPPED_TRUNK,2026-09-27T16:43:44Z,false
REJ-20260927-2679,RAW-20260927-TRK-NB-07-02679,2026-09-27T16:31:25Z,48,57309264XXXX,TRK-NB-07,UNMAPPED_TRUNK,2026-09-27T16:48:25Z,false
REJ-20260927-2793,RAW-20260927-TRK-NB-07-02793,2026-09-27T16:37:23Z,128,57332611XXXX,TRK-NB-07,UNMAPPED_TRUNK,2026-09-27T16:54:23Z,false
REJ-20260927-2540,RAW-20260927-TRK-NB-07-02540,2026-09-27T16:41:17Z,323,57359033XXXX,TRK-NB-07,UNMAPPED_TRUNK,2026-09-27T16:58:17Z,false
REJ-20260927-2472,RAW-20260927-TRK-NB-07-02472,2026-09-27T16:41:51Z,30,57377892XXXX,TRK-NB-07,UNMAPPED_TRUNK,2026-09-27T16:58:51Z,false
REJ-20260927-2646,RAW-20260927-TRK-NB-07-02646,2026-09-27T16:45:27Z,50,57332944XXXX,TRK-NB-07,UNMAPPED_TRUNK,2026-09-27T17:02:27Z,false
REJ-20260927-2709,RAW-20260927-TRK-NB-07-02709,2026-09-27T16:47:47Z,221,57322456XXXX,TRK-NB-07,UNMAPPED_TRUNK,2026-09-27T17:04:47Z,false
REJ-20260927-2537,RAW-20260927-TRK-NB-07-02537,2026-09-27T16:52:51Z,242,57399878XXXX,TRK-NB-07,UNMAPPED_TRUNK,2026-09-27T17:09:51Z,false
REJ-20260927-2587,RAW-20260927-TRK-NB-07-02587,2026-09-27T16:53:08Z,14,57376953XXXX,TRK-NB-07,UNMAPPED_TRUNK,2026-09-27T17:10:08Z,false
REJ-20260927-2734,RAW-20260927-TRK-NB-07-02734,2026-09-27T16:58:37Z,477,57336206XXXX,TRK-NB-07,UNMAPPED_TRUNK,2026-09-27T17:15:37Z,false
REJ-20260927-2704,RAW-20260927-TRK-NB-07-02704,2026-09-27T17:01:06Z,34,57394098XXXX,TRK-NB-07,UNMAPPED_TRUNK,2026-09-27T17:18:06Z,false
REJ-20260927-2563,RAW-20260927-TRK-NB-07-02563,2026-09-27T17:01:32Z,221,57311376XXXX,TRK-NB-07,UNMAPPED_TRUNK,2026-09-27T17:18:32Z,false
REJ-20260927-2775,RAW-20260927-TRK-NB-07-02775,2026-09-27T17:03:25Z,23,57309661XXXX,TRK-NB-07,UNMAPPED_TRUNK,2026-09-27T17:20:25Z,false
REJ-20260927-2750,RAW-20260927-TRK-NB-07-02750,2026-09-27T17:03:35Z,87,57396733XXXX,TRK-NB-07,UNMAPPED_TRUNK,2026-09-27T17:20:35Z,false
REJ-20260927-2500,RAW-20260927-TRK-NB-07-02500,2026-09-27T17:11:06Z,335,57318744XXXX,TRK-NB-07,UNMAPPED_TRUNK,2026-09-27T17:28:06Z,false
REJ-20260927-2471,RAW-20260927-TRK-NB-07-02471,2026-09-27T17:11:51Z,199,57398083XXXX,TRK-NB-07,UNMAPPED_TRUNK,2026-09-27T17:28:51Z,false
REJ-20260927-2407,RAW-20260927-TRK-NB-07-02407,2026-09-27T17:13:19Z,51,57324554XXXX,TRK-NB-07,UNMAPPED_TRUNK,2026-09-27T17:30:19Z,false
REJ-20260927-2443,RAW-20260927-TRK-NB-07-02443,2026-09-27T17:22:12Z,178,57376464XXXX,TRK-NB-07,UNMAPPED_TRUNK,2026-09-27T17:39:12Z,false
REJ-20260927-2553,RAW-20260927-TRK-NB-07-02553,2026-09-27T17:23:21Z,40,57318055XXXX,TRK-NB-07,UNMAPPED_TRUNK,2026-09-27T17:40:21Z,false
REJ-20260927-2519,RAW-20260927-TRK-NB-07-02519,2026-09-27T17:23:50Z,110,57350604XXXX,TRK-NB-07,UNMAPPED_TRUNK,2026-09-27T17:40:50Z,false
REJ-20260927-2670,RAW-20260927-TRK-NB-07-02670,2026-09-27T17:27:50Z,66,57364386XXXX,TRK-NB-07,UNMAPPED_TRUNK,2026-09-27T17:44:50Z,false
REJ-20260927-2491,RAW-20260927-TRK-NB-07-02491,2026-09-27T17:28:15Z,8,57378900XXXX,TRK-NB-07,UNMAPPED_TRUNK,2026-09-27T17:45:15Z,false
REJ-20260927-2418,RAW-20260927-TRK-NB-07-02418,2026-09-27T17:33:05Z,39,57355104XXXX,TRK-NB-07,UNMAPPED_TRUNK,2026-09-27T17:50:05Z,false
REJ-20260927-2724,RAW-20260927-TRK-NB-07-02724,2026-09-27T17:37:09Z,54,57363764XXXX,TRK-NB-07,UNMAPPED_TRUNK,2026-09-27T17:54:09Z,false
REJ-20260927-2738,RAW-20260927-TRK-NB-07-02738,2026-09-27T17:55:51Z,11,57307202XXXX,TRK-NB-07,UNMAPPED_TRUNK,2026-09-27T18:12:51Z,false
REJ-20260927-2524,RAW-20260927-TRK-NB-07-02524,2026-09-27T17:59:33Z,51,57308527XXXX,TRK-NB-07,UNMAPPED_TRUNK,2026-09-27T18:16:33Z,false
REJ-20260927-2573,RAW-20260927-TRK-NB-07-02573,2026-09-27T18:01:45Z,181,57358264XXXX,TRK-NB-07,UNMAPPED_TRUNK,2026-09-27T18:18:45Z,false
REJ-20260927-2455,RAW-20260927-TRK-NB-07-02455,2026-09-27T18:03:07Z,305,57385257XXXX,TRK-NB-07,UNMAPPED_TRUNK,2026-09-27T18:20:07Z,false
REJ-20260927-2680,RAW-20260927-TRK-NB-07-02680,2026-09-27T18:04:35Z,55,57366923XXXX,TRK-NB-07,UNMAPPED_TRUNK,2026-09-27T18:21:35Z,false
REJ-20260927-2539,RAW-20260927-TRK-NB-07-02539,2026-09-27T18:11:16Z,408,57333592XXXX,TRK-NB-07,UNMAPPED_TRUNK,2026-09-27T18:28:16Z,false
REJ-20260927-2668,RAW-20260927-TRK-NB-07-02668,2026-09-27T18:15:24Z,34,57358230XXXX,TRK-NB-07,UNMAPPED_TRUNK,2026-09-27T18:32:24Z,false
REJ-20260927-2778,RAW-20260927-TRK-NB-07-02778,2026-09-27T18:21:14Z,261,57366178XXXX,TRK-NB-07,UNMAPPED_TRUNK,2026-09-27T18:38:14Z,false
REJ-20260927-2576,RAW-20260927-TRK-NB-07-02576,2026-09-27T18:26:24Z,76,57300856XXXX,TRK-NB-07,UNMAPPED_TRUNK,2026-09-27T18:43:24Z,false
REJ-20260927-2683,RAW-20260927-TRK-NB-07-02683,2026-09-27T18:27:21Z,63,57303192XXXX,TRK-NB-07,UNMAPPED_TRUNK,2026-09-27T18:44:21Z,false
REJ-20260927-2567,RAW-20260927-TRK-NB-07-02567,2026-09-27T18:28:13Z,61,57368461XXXX,TRK-NB-07,UNMAPPED_TRUNK,2026-09-27T18:45:13Z,false
REJ-20260927-2561,RAW-20260927-TRK-NB-07-02561,2026-09-27T18:33:23Z,95,57310247XXXX,TRK-NB-07,UNMAPPED_TRUNK,2026-09-27T18:50:23Z,false
REJ-20260927-2447,RAW-20260927-TRK-NB-07-02447,2026-09-27T18:39:01Z,55,57353121XXXX,TRK-NB-07,UNMAPPED_TRUNK,2026-09-27T18:56:01Z,false
REJ-20260927-2741,RAW-20260927-TRK-NB-07-02741,2026-09-27T18:41:28Z,30,57317693XXXX,TRK-NB-07,UNMAPPED_TRUNK,2026-09-27T18:58:28Z,false
REJ-20260927-2568,RAW-20260927-TRK-NB-07-02568,2026-09-27T18:46:06Z,175,57391002XXXX,TRK-NB-07,UNMAPPED_TRUNK,2026-09-27T19:03:06Z,false
REJ-20260927-2753,RAW-20260927-TRK-NB-07-02753,2026-09-27T18:51:50Z,5,57364137XXXX,TRK-NB-07,UNMAPPED_TRUNK,2026-09-27T19:08:50Z,false
REJ-20260927-2717,RAW-20260927-TRK-NB-07-02717,2026-09-27T18:53:47Z,216,57317221XXXX,TRK-NB-07,UNMAPPED_TRUNK,2026-09-27T19:10:47Z,false
REJ-20260927-2758,RAW-20260927-TRK-NB-07-02758,2026-09-27T18:55:58Z,167,57300357XXXX,TRK-NB-07,UNMAPPED_TRUNK,2026-09-27T19:12:58Z,false
REJ-20260927-2756,RAW-20260927-TRK-NB-07-02756,2026-09-27T18:58:29Z,34,57359976XXXX,TRK-NB-07,UNMAPPED_TRUNK,2026-09-27T19:15:29Z,false
REJ-20260927-2710,RAW-20260927-TRK-NB-07-02710,2026-09-27T19:00:51Z,20,57376763XXXX,TRK-NB-07,UNMAPPED_TRUNK,2026-09-27T19:17:51Z,false
REJ-20260927-2544,RAW-20260927-TRK-NB-07-02544,2026-09-27T19:09:50Z,203,57316425XXXX,TRK-NB-07,UNMAPPED_TRUNK,2026-09-27T19:26:50Z,false
REJ-20260927-2546,RAW-20260927-TRK-NB-07-02546,2026-09-27T19:14:06Z,641,57323485XXXX,TRK-NB-07,UNMAPPED_TRUNK,2026-09-27T19:31:06Z,false
REJ-20260927-2485,RAW-20260927-TRK-NB-07-02485,2026-09-27T19:17:12Z,82,57342902XXXX,TRK-NB-07,UNMAPPED_TRUNK,2026-09-27T19:34:12Z,false
REJ-20260927-2632,RAW-20260927-TRK-NB-07-02632,2026-09-27T19:19:41Z,66,57328056XXXX,TRK-NB-07,UNMAPPED_TRUNK,2026-09-27T19:36:41Z,false
REJ-20260927-2445,RAW-20260927-TRK-NB-07-02445,2026-09-27T19:25:49Z,32,57359931XXXX,TRK-NB-07,UNMAPPED_TRUNK,2026-09-27T19:42:49Z,false
REJ-20260927-2700,RAW-20260927-TRK-NB-07-02700,2026-09-27T19:33:07Z,821,57344800XXXX,TRK-NB-07,UNMAPPED_TRUNK,2026-09-27T19:50:07Z,false
REJ-20260927-2682,RAW-20260927-TRK-NB-07-02682,2026-09-27T19:39:06Z,91,57311469XXXX,TRK-NB-07,UNMAPPED_TRUNK,2026-09-27T19:56:06Z,false
REJ-20260927-2518,RAW-20260927-TRK-NB-07-02518,2026-09-27T19:39:52Z,371,57329013XXXX,TRK-NB-07,UNMAPPED_TRUNK,2026-09-27T19:56:52Z,false
REJ-20260927-2565,RAW-20260927-TRK-NB-07-02565,2026-09-27T19:46:52Z,79,57341221XXXX,TRK-NB-07,UNMAPPED_TRUNK,2026-09-27T20:03:52Z,false
REJ-20260927-2432,RAW-20260927-TRK-NB-07-02432,2026-09-27T19:49:44Z,81,57326880XXXX,TRK-NB-07,UNMAPPED_TRUNK,2026-09-27T20:06:44Z,false
REJ-20260927-2788,RAW-20260927-TRK-NB-07-02788,2026-09-27T19:52:28Z,35,57374808XXXX,TRK-NB-07,UNMAPPED_TRUNK,2026-09-27T20:09:28Z,false
REJ-20260927-2760,RAW-20260927-TRK-NB-07-02760,2026-09-27T19:57:45Z,108,57337910XXXX,TRK-NB-07,UNMAPPED_TRUNK,2026-09-27T20:14:45Z,false
REJ-20260927-2657,RAW-20260927-TRK-NB-07-02657,2026-09-27T20:00:50Z,227,57349487XXXX,TRK-NB-07,UNMAPPED_TRUNK,2026-09-27T20:17:50Z,false
REJ-20260927-2438,RAW-20260927-TRK-NB-07-02438,2026-09-27T20:03:09Z,1,57318079XXXX,TRK-NB-07,UNMAPPED_TRUNK,2026-09-27T20:20:09Z,false
REJ-20260927-2596,RAW-20260927-TRK-NB-07-02596,2026-09-27T20:08:50Z,87,57320690XXXX,TRK-NB-07,UNMAPPED_TRUNK,2026-09-27T20:25:50Z,false
REJ-20260927-2473,RAW-20260927-TRK-NB-07-02473,2026-09-27T20:09:58Z,187,57363310XXXX,TRK-NB-07,UNMAPPED_TRUNK,2026-09-27T20:26:58Z,false
REJ-20260927-2784,RAW-20260927-TRK-NB-07-02784,2026-09-27T20:10:50Z,39,57382060XXXX,TRK-NB-07,UNMAPPED_TRUNK,2026-09-27T20:27:50Z,false
REJ-20260927-2436,RAW-20260927-TRK-NB-07-02436,2026-09-27T20:13:25Z,191,57396212XXXX,TRK-NB-07,UNMAPPED_TRUNK,2026-09-27T20:30:25Z,false
REJ-20260927-2551,RAW-20260927-TRK-NB-07-02551,2026-09-27T20:14:50Z,535,57394960XXXX,TRK-NB-07,UNMAPPED_TRUNK,2026-09-27T20:31:50Z,false
REJ-20260927-2480,RAW-20260927-TRK-NB-07-02480,2026-09-27T20:17:37Z,3,57322136XXXX,TRK-NB-07,UNMAPPED_TRUNK,2026-09-27T20:34:37Z,false
REJ-20260927-2495,RAW-20260927-TRK-NB-07-02495,2026-09-27T20:18:44Z,596,57360003XXXX,TRK-NB-07,UNMAPPED_TRUNK,2026-09-27T20:35:44Z,false
REJ-20260927-2687,RAW-20260927-TRK-NB-07-02687,2026-09-27T20:21:38Z,41,57329216XXXX,TRK-NB-07,UNMAPPED_TRUNK,2026-09-27T20:38:38Z,false
REJ-20260927-2570,RAW-20260927-TRK-NB-07-02570,2026-09-27T20:22:27Z,6,57300002XXXX,TRK-NB-07,UNMAPPED_TRUNK,2026-09-27T20:39:27Z,false
REJ-20260927-2798,RAW-20260927-TRK-NB-07-02798,2026-09-27T20:30:37Z,23,57319110XXXX,TRK-NB-07,UNMAPPED_TRUNK,2026-09-27T20:47:37Z,false
REJ-20260927-2502,RAW-20260927-TRK-NB-07-02502,2026-09-27T20:31:22Z,22,57369705XXXX,TRK-NB-07,UNMAPPED_TRUNK,2026-09-27T20:48:22Z,false
REJ-20260927-2514,RAW-20260927-TRK-NB-07-02514,2026-09-27T20:40:03Z,113,57335168XXXX,TRK-NB-07,UNMAPPED_TRUNK,2026-09-27T20:57:03Z,false
REJ-20260927-2720,RAW-20260927-TRK-NB-07-02720,2026-09-27T20:40:23Z,33,57324093XXXX,TRK-NB-07,UNMAPPED_TRUNK,2026-09-27T20:57:23Z,false
REJ-20260927-2637,RAW-20260927-TRK-NB-07-02637,2026-09-27T20:40:40Z,45,57380230XXXX,TRK-NB-07,UNMAPPED_TRUNK,2026-09-27T20:57:40Z,false
REJ-20260927-2791,RAW-20260927-TRK-NB-07-02791,2026-09-27T20:41:53Z,160,57329845XXXX,TRK-NB-07,UNMAPPED_TRUNK,2026-09-27T20:58:53Z,false
REJ-20260927-2542,RAW-20260927-TRK-NB-07-02542,2026-09-27T20:45:44Z,275,57313788XXXX,TRK-NB-07,UNMAPPED_TRUNK,2026-09-27T21:02:44Z,false
REJ-20260927-2414,RAW-20260927-TRK-NB-07-02414,2026-09-27T20:46:10Z,6,57359025XXXX,TRK-NB-07,UNMAPPED_TRUNK,2026-09-27T21:03:10Z,false
REJ-20260927-2420,RAW-20260927-TRK-NB-07-02420,2026-09-27T20:48:10Z,81,57367152XXXX,TRK-NB-07,UNMAPPED_TRUNK,2026-09-27T21:05:10Z,false
REJ-20260927-2423,RAW-20260927-TRK-NB-07-02423,2026-09-27T20:51:35Z,24,57360033XXXX,TRK-NB-07,UNMAPPED_TRUNK,2026-09-27T21:08:35Z,false
REJ-20260927-2412,RAW-20260927-TRK-NB-07-02412,2026-09-27T20:53:09Z,127,57315842XXXX,TRK-NB-07,UNMAPPED_TRUNK,2026-09-27T21:10:09Z,false
REJ-20260927-2461,RAW-20260927-TRK-NB-07-02461,2026-09-27T20:53:15Z,130,57343183XXXX,TRK-NB-07,UNMAPPED_TRUNK,2026-09-27T21:10:15Z,false
REJ-20260927-2666,RAW-20260927-TRK-NB-07-02666,2026-09-27T21:02:24Z,37,57371901XXXX,TRK-NB-07,UNMAPPED_TRUNK,2026-09-27T21:19:24Z,false
REJ-20260927-2771,RAW-20260927-TRK-NB-07-02771,2026-09-27T21:04:19Z,106,57378091XXXX,TRK-NB-07,UNMAPPED_TRUNK,2026-09-27T21:21:19Z,false
REJ-20260927-2521,RAW-20260927-TRK-NB-07-02521,2026-09-27T21:07:10Z,46,57385364XXXX,TRK-NB-07,UNMAPPED_TRUNK,2026-09-27T21:24:10Z,false
REJ-20260927-2718,RAW-20260927-TRK-NB-07-02718,2026-09-27T21:09:46Z,46,57347710XXXX,TRK-NB-07,UNMAPPED_TRUNK,2026-09-27T21:26:46Z,false
REJ-20260927-2754,RAW-20260927-TRK-NB-07-02754,2026-09-27T21:14:50Z,35,57316829XXXX,TRK-NB-07,UNMAPPED_TRUNK,2026-09-27T21:31:50Z,false
REJ-20260927-2588,RAW-20260927-TRK-NB-07-02588,2026-09-27T21:17:22Z,85,57369949XXXX,TRK-NB-07,UNMAPPED_TRUNK,2026-09-27T21:34:22Z,false
REJ-20260927-D024,RAW-20260927-TRK-NB-01-DUP024,2026-09-27T21:18:47Z,17,52143737XXXX,TRK-NB-01,DUPLICATE,2026-09-27T21:35:47Z,false
REJ-20260927-2509,RAW-20260927-TRK-NB-07-02509,2026-09-27T21:22:04Z,22,57387722XXXX,TRK-NB-07,UNMAPPED_TRUNK,2026-09-27T21:39:04Z,false
REJ-20260927-2419,RAW-20260927-TRK-NB-07-02419,2026-09-27T21:22:51Z,431,57393686XXXX,TRK-NB-07,UNMAPPED_TRUNK,2026-09-27T21:39:51Z,false
REJ-20260927-2766,RAW-20260927-TRK-NB-07-02766,2026-09-27T21:25:09Z,5,57389541XXXX,TRK-NB-07,UNMAPPED_TRUNK,2026-09-27T21:42:09Z,false
REJ-20260927-2468,RAW-20260927-TRK-NB-07-02468,2026-09-27T21:25:44Z,221,57323758XXXX,TRK-NB-07,UNMAPPED_TRUNK,2026-09-27T21:42:44Z,false
REJ-20260927-2508,RAW-20260927-TRK-NB-07-02508,2026-09-27T21:27:08Z,291,57309541XXXX,TRK-NB-07,UNMAPPED_TRUNK,2026-09-27T21:44:08Z,false
REJ-20260927-2656,RAW-20260927-TRK-NB-07-02656,2026-09-27T21:46:23Z,6,57354149XXXX,TRK-NB-07,UNMAPPED_TRUNK,2026-09-27T22:03:23Z,false
REJ-20260927-2431,RAW-20260927-TRK-NB-07-02431,2026-09-27T21:54:17Z,892,57348295XXXX,TRK-NB-07,UNMAPPED_TRUNK,2026-09-27T22:11:17Z,false
REJ-20260927-2416,RAW-20260927-TRK-NB-07-02416,2026-09-27T21:57:01Z,38,57368831XXXX,TRK-NB-07,UNMAPPED_TRUNK,2026-09-27T22:14:01Z,false
REJ-20260927-2515,RAW-20260927-TRK-NB-07-02515,2026-09-27T21:59:44Z,62,57339212XXXX,TRK-NB-07,UNMAPPED_TRUNK,2026-09-27T22:16:44Z,false
REJ-20260927-2545,RAW-20260927-TRK-NB-07-02545,2026-09-27T22:04:55Z,255,57329025XXXX,TRK-NB-07,UNMAPPED_TRUNK,2026-09-27T22:21:55Z,false
REJ-20260927-2698,RAW-20260927-TRK-NB-07-02698,2026-09-27T22:10:24Z,140,57311343XXXX,TRK-NB-07,UNMAPPED_TRUNK,2026-09-27T22:27:24Z,false
REJ-20260927-2531,RAW-20260927-TRK-NB-07-02531,2026-09-27T22:11:01Z,25,57378447XXXX,TRK-NB-07,UNMAPPED_TRUNK,2026-09-27T22:28:01Z,false
REJ-20260927-2449,RAW-20260927-TRK-NB-07-02449,2026-09-27T22:11:42Z,51,57387120XXXX,TRK-NB-07,UNMAPPED_TRUNK,2026-09-27T22:28:42Z,false
REJ-20260927-2582,RAW-20260927-TRK-NB-07-02582,2026-09-27T22:12:45Z,469,57314014XXXX,TRK-NB-07,UNMAPPED_TRUNK,2026-09-27T22:29:45Z,false
REJ-20260927-2697,RAW-20260927-TRK-NB-07-02697,2026-09-27T22:12:48Z,184,57392150XXXX,TRK-NB-07,UNMAPPED_TRUNK,2026-09-27T22:29:48Z,false
REJ-20260927-2649,RAW-20260927-TRK-NB-07-02649,2026-09-27T22:21:42Z,59,57360697XXXX,TRK-NB-07,UNMAPPED_TRUNK,2026-09-27T22:38:42Z,false
REJ-20260927-2527,RAW-20260927-TRK-NB-07-02527,2026-09-27T22:27:09Z,45,57326055XXXX,TRK-NB-07,UNMAPPED_TRUNK,2026-09-27T22:44:09Z,false
REJ-20260927-2702,RAW-20260927-TRK-NB-07-02702,2026-09-27T22:29:53Z,23,57307867XXXX,TRK-NB-07,UNMAPPED_TRUNK,2026-09-27T22:46:53Z,false
REJ-20260927-2409,RAW-20260927-TRK-NB-07-02409,2026-09-27T22:30:39Z,116,57396827XXXX,TRK-NB-07,UNMAPPED_TRUNK,2026-09-27T22:47:39Z,false
REJ-20260927-2619,RAW-20260927-TRK-NB-07-02619,2026-09-27T22:32:37Z,70,57371702XXXX,TRK-NB-07,UNMAPPED_TRUNK,2026-09-27T22:49:37Z,false
REJ-20260927-2560,RAW-20260927-TRK-NB-07-02560,2026-09-27T22:34:19Z,207,57304046XXXX,TRK-NB-07,UNMAPPED_TRUNK,2026-09-27T22:51:19Z,false
REJ-20260927-2672,RAW-20260927-TRK-NB-07-02672,2026-09-27T22:36:08Z,94,57345164XXXX,TRK-NB-07,UNMAPPED_TRUNK,2026-09-27T22:53:08Z,false
REJ-20260927-2711,RAW-20260927-TRK-NB-07-02711,2026-09-27T22:38:57Z,34,57310562XXXX,TRK-NB-07,UNMAPPED_TRUNK,2026-09-27T22:55:57Z,false
REJ-20260927-2795,RAW-20260927-TRK-NB-07-02795,2026-09-27T22:43:23Z,490,57329249XXXX,TRK-NB-07,UNMAPPED_TRUNK,2026-09-27T23:00:23Z,false
REJ-20260927-2454,RAW-20260927-TRK-NB-07-02454,2026-09-27T22:44:33Z,24,57314199XXXX,TRK-NB-07,UNMAPPED_TRUNK,2026-09-27T23:01:33Z,false
REJ-20260927-2642,RAW-20260927-TRK-NB-07-02642,2026-09-27T22:45:01Z,32,57397876XXXX,TRK-NB-07,UNMAPPED_TRUNK,2026-09-27T23:02:01Z,false
REJ-20260927-2538,RAW-20260927-TRK-NB-07-02538,2026-09-27T22:45:40Z,90,57399424XXXX,TRK-NB-07,UNMAPPED_TRUNK,2026-09-27T23:02:40Z,false
REJ-20260927-2620,RAW-20260927-TRK-NB-07-02620,2026-09-27T22:45:40Z,403,57370394XXXX,TRK-NB-07,UNMAPPED_TRUNK,2026-09-27T23:02:40Z,false
REJ-20260927-2721,RAW-20260927-TRK-NB-07-02721,2026-09-27T22:50:51Z,33,57330702XXXX,TRK-NB-07,UNMAPPED_TRUNK,2026-09-27T23:07:51Z,false
REJ-20260927-2417,RAW-20260927-TRK-NB-07-02417,2026-09-27T22:50:59Z,63,57301868XXXX,TRK-NB-07,UNMAPPED_TRUNK,2026-09-27T23:07:59Z,false
REJ-20260927-2451,RAW-20260927-TRK-NB-07-02451,2026-09-27T23:00:30Z,7,57363361XXXX,TRK-NB-07,UNMAPPED_TRUNK,2026-09-27T23:17:30Z,false
REJ-20260927-2601,RAW-20260927-TRK-NB-07-02601,2026-09-27T23:05:19Z,424,57323627XXXX,TRK-NB-07,UNMAPPED_TRUNK,2026-09-27T23:22:19Z,false
REJ-20260927-2653,RAW-20260927-TRK-NB-07-02653,2026-09-27T23:31:11Z,36,57345280XXXX,TRK-NB-07,UNMAPPED_TRUNK,2026-09-27T23:48:11Z,false
REJ-20260927-2434,RAW-20260927-TRK-NB-07-02434,2026-09-27T23:32:19Z,33,57325689XXXX,TRK-NB-07,UNMAPPED_TRUNK,2026-09-27T23:49:19Z,false
REJ-20260927-2450,RAW-20260927-TRK-NB-07-02450,2026-09-27T23:34:45Z,61,57323181XXXX,TRK-NB-07,UNMAPPED_TRUNK,2026-09-27T23:51:45Z,false
REJ-20260927-2462,RAW-20260927-TRK-NB-07-02462,2026-09-27T23:41:27Z,55,57364158XXXX,TRK-NB-07,UNMAPPED_TRUNK,2026-09-27T23:58:27Z,false
REJ-20260927-Z003,RAW-20260927-TRK-NB-05-Z003,2026-09-27T23:46:09Z,0,50253942XXXX,TRK-NB-05,ZERO_DURATION,2026-09-28T00:03:09Z,false
REJ-20260927-2681,RAW-20260927-TRK-NB-07-02681,2026-09-27T23:47:25Z,7,57368198XXXX,TRK-NB-07,UNMAPPED_TRUNK,2026-09-28T00:04:25Z,false
REJ-20260927-2424,RAW-20260927-TRK-NB-07-02424,2026-09-27T23:50:23Z,56,57324023XXXX,TRK-NB-07,UNMAPPED_TRUNK,2026-09-28T00:07:23Z,false
REJ-20260927-2497,RAW-20260927-TRK-NB-07-02497,2026-09-27T23:55:57Z,243,57383794XXXX,TRK-NB-07,UNMAPPED_TRUNK,2026-09-28T00:12:57Z,false
REJ-20260927-2765,RAW-20260927-TRK-NB-07-02765,2026-09-27T23:56:26Z,37,57356308XXXX,TRK-NB-07,UNMAPPED_TRUNK,2026-09-28T00:13:26Z,false
REJ-20260928-2955,RAW-20260928-TRK-NB-07-02955,2026-09-28T00:00:27Z,115,57333811XXXX,TRK-NB-07,UNMAPPED_TRUNK,2026-09-28T00:17:27Z,false
REJ-20260928-3158,RAW-20260928-TRK-NB-07-03158,2026-09-28T00:09:30Z,119,57350454XXXX,TRK-NB-07,UNMAPPED_TRUNK,2026-09-28T00:26:30Z,false
REJ-20260928-2867,RAW-20260928-TRK-NB-07-02867,2026-09-28T00:10:56Z,227,57366720XXXX,TRK-NB-07,UNMAPPED_TRUNK,2026-09-28T00:27:56Z,false
REJ-20260928-3143,RAW-20260928-TRK-NB-07-03143,2026-09-28T00:14:19Z,75,57396679XXXX,TRK-NB-07,UNMAPPED_TRUNK,2026-09-28T00:31:19Z,false
REJ-20260928-2801,RAW-20260928-TRK-NB-07-02801,2026-09-28T00:16:22Z,102,57369425XXXX,TRK-NB-07,UNMAPPED_TRUNK,2026-09-28T00:33:22Z,false
REJ-20260928-3101,RAW-20260928-TRK-NB-07-03101,2026-09-28T00:17:26Z,29,57360586XXXX,TRK-NB-07,UNMAPPED_TRUNK,2026-09-28T00:34:26Z,false
REJ-20260928-2879,RAW-20260928-TRK-NB-07-02879,2026-09-28T00:28:32Z,127,57307111XXXX,TRK-NB-07,UNMAPPED_TRUNK,2026-09-28T00:45:32Z,false
REJ-20260928-3073,RAW-20260928-TRK-NB-07-03073,2026-09-28T00:32:48Z,93,57352453XXXX,TRK-NB-07,UNMAPPED_TRUNK,2026-09-28T00:49:48Z,false
REJ-20260928-3015,RAW-20260928-TRK-NB-07-03015,2026-09-28T00:34:37Z,31,57342040XXXX,TRK-NB-07,UNMAPPED_TRUNK,2026-09-28T00:51:37Z,false
REJ-20260928-2987,RAW-20260928-TRK-NB-07-02987,2026-09-28T00:37:53Z,215,57396200XXXX,TRK-NB-07,UNMAPPED_TRUNK,2026-09-28T00:54:53Z,false
REJ-20260928-3121,RAW-20260928-TRK-NB-07-03121,2026-09-28T00:38:52Z,216,57392115XXXX,TRK-NB-07,UNMAPPED_TRUNK,2026-09-28T00:55:52Z,false
REJ-20260928-2818,RAW-20260928-TRK-NB-07-02818,2026-09-28T00:39:59Z,277,57349796XXXX,TRK-NB-07,UNMAPPED_TRUNK,2026-09-28T00:56:59Z,false
REJ-20260928-2868,RAW-20260928-TRK-NB-07-02868,2026-09-28T00:41:43Z,203,57307106XXXX,TRK-NB-07,UNMAPPED_TRUNK,2026-09-28T00:58:43Z,false
REJ-20260928-3104,RAW-20260928-TRK-NB-07-03104,2026-09-28T00:41:52Z,50,57364556XXXX,TRK-NB-07,UNMAPPED_TRUNK,2026-09-28T00:58:52Z,false
REJ-20260928-2947,RAW-20260928-TRK-NB-07-02947,2026-09-28T00:43:07Z,249,57350388XXXX,TRK-NB-07,UNMAPPED_TRUNK,2026-09-28T01:00:07Z,false
REJ-20260928-3016,RAW-20260928-TRK-NB-07-03016,2026-09-28T00:43:36Z,644,57362264XXXX,TRK-NB-07,UNMAPPED_TRUNK,2026-09-28T01:00:36Z,false
REJ-20260928-3024,RAW-20260928-TRK-NB-07-03024,2026-09-28T00:49:00Z,174,57312959XXXX,TRK-NB-07,UNMAPPED_TRUNK,2026-09-28T01:06:00Z,false
REJ-20260928-2863,RAW-20260928-TRK-NB-07-02863,2026-09-28T00:51:25Z,300,57332469XXXX,TRK-NB-07,UNMAPPED_TRUNK,2026-09-28T01:08:25Z,false
REJ-20260928-3116,RAW-20260928-TRK-NB-07-03116,2026-09-28T00:52:29Z,35,57335206XXXX,TRK-NB-07,UNMAPPED_TRUNK,2026-09-28T01:09:29Z,false
REJ-20260928-2886,RAW-20260928-TRK-NB-07-02886,2026-09-28T00:54:49Z,58,57384181XXXX,TRK-NB-07,UNMAPPED_TRUNK,2026-09-28T01:11:49Z,false
REJ-20260928-2970,RAW-20260928-TRK-NB-07-02970,2026-09-28T01:02:35Z,582,57369100XXXX,TRK-NB-07,UNMAPPED_TRUNK,2026-09-28T01:19:35Z,false
REJ-20260928-2853,RAW-20260928-TRK-NB-07-02853,2026-09-28T01:02:46Z,7,57362630XXXX,TRK-NB-07,UNMAPPED_TRUNK,2026-09-28T01:19:46Z,false
REJ-20260928-2966,RAW-20260928-TRK-NB-07-02966,2026-09-28T01:03:33Z,336,57395784XXXX,TRK-NB-07,UNMAPPED_TRUNK,2026-09-28T01:20:33Z,false
REJ-20260928-2873,RAW-20260928-TRK-NB-07-02873,2026-09-28T01:08:10Z,105,57344059XXXX,TRK-NB-07,UNMAPPED_TRUNK,2026-09-28T01:25:10Z,false
REJ-20260928-2968,RAW-20260928-TRK-NB-07-02968,2026-09-28T01:21:24Z,58,57312119XXXX,TRK-NB-07,UNMAPPED_TRUNK,2026-09-28T01:38:24Z,false
REJ-20260928-2902,RAW-20260928-TRK-NB-07-02902,2026-09-28T01:21:31Z,288,57317616XXXX,TRK-NB-07,UNMAPPED_TRUNK,2026-09-28T01:38:31Z,false
REJ-20260928-2864,RAW-20260928-TRK-NB-07-02864,2026-09-28T01:24:51Z,675,57319883XXXX,TRK-NB-07,UNMAPPED_TRUNK,2026-09-28T01:41:51Z,false
REJ-20260928-3070,RAW-20260928-TRK-NB-07-03070,2026-09-28T01:36:55Z,3,57306728XXXX,TRK-NB-07,UNMAPPED_TRUNK,2026-09-28T01:53:55Z,false
REJ-20260928-2917,RAW-20260928-TRK-NB-07-02917,2026-09-28T01:41:28Z,60,57355428XXXX,TRK-NB-07,UNMAPPED_TRUNK,2026-09-28T01:58:28Z,false
REJ-20260928-2906,RAW-20260928-TRK-NB-07-02906,2026-09-28T01:45:37Z,225,57344439XXXX,TRK-NB-07,UNMAPPED_TRUNK,2026-09-28T02:02:37Z,false
REJ-20260928-3129,RAW-20260928-TRK-NB-07-03129,2026-09-28T01:45:59Z,42,57353736XXXX,TRK-NB-07,UNMAPPED_TRUNK,2026-09-28T02:02:59Z,false
REJ-20260928-3060,RAW-20260928-TRK-NB-07-03060,2026-09-28T01:49:13Z,54,57310300XXXX,TRK-NB-07,UNMAPPED_TRUNK,2026-09-28T02:06:13Z,false
REJ-20260928-3184,RAW-20260928-TRK-NB-07-03184,2026-09-28T01:54:20Z,21,57308189XXXX,TRK-NB-07,UNMAPPED_TRUNK,2026-09-28T02:11:20Z,false
REJ-20260928-2835,RAW-20260928-TRK-NB-07-02835,2026-09-28T01:58:08Z,467,57354111XXXX,TRK-NB-07,UNMAPPED_TRUNK,2026-09-28T02:15:08Z,false
REJ-20260928-3000,RAW-20260928-TRK-NB-07-03000,2026-09-28T01:58:31Z,236,57342266XXXX,TRK-NB-07,UNMAPPED_TRUNK,2026-09-28T02:15:31Z,false
REJ-20260928-3182,RAW-20260928-TRK-NB-07-03182,2026-09-28T02:03:40Z,108,57333565XXXX,TRK-NB-07,UNMAPPED_TRUNK,2026-09-28T02:20:40Z,false
REJ-20260928-2844,RAW-20260928-TRK-NB-07-02844,2026-09-28T02:04:07Z,19,57310007XXXX,TRK-NB-07,UNMAPPED_TRUNK,2026-09-28T02:21:07Z,false
REJ-20260928-3176,RAW-20260928-TRK-NB-07-03176,2026-09-28T02:10:33Z,49,57346905XXXX,TRK-NB-07,UNMAPPED_TRUNK,2026-09-28T02:27:33Z,false
REJ-20260928-3047,RAW-20260928-TRK-NB-07-03047,2026-09-28T02:10:48Z,44,57302156XXXX,TRK-NB-07,UNMAPPED_TRUNK,2026-09-28T02:27:48Z,false
REJ-20260928-2884,RAW-20260928-TRK-NB-07-02884,2026-09-28T02:11:02Z,582,57303778XXXX,TRK-NB-07,UNMAPPED_TRUNK,2026-09-28T02:28:02Z,false
REJ-20260928-3113,RAW-20260928-TRK-NB-07-03113,2026-09-28T02:11:42Z,15,57390107XXXX,TRK-NB-07,UNMAPPED_TRUNK,2026-09-28T02:28:42Z,false
REJ-20260928-3163,RAW-20260928-TRK-NB-07-03163,2026-09-28T02:11:44Z,52,57390027XXXX,TRK-NB-07,UNMAPPED_TRUNK,2026-09-28T02:28:44Z,false
REJ-20260928-2806,RAW-20260928-TRK-NB-07-02806,2026-09-28T02:11:51Z,4,57389268XXXX,TRK-NB-07,UNMAPPED_TRUNK,2026-09-28T02:28:51Z,false
REJ-20260928-3147,RAW-20260928-TRK-NB-07-03147,2026-09-28T02:12:22Z,28,57360793XXXX,TRK-NB-07,UNMAPPED_TRUNK,2026-09-28T02:29:22Z,false
REJ-20260928-2949,RAW-20260928-TRK-NB-07-02949,2026-09-28T02:15:31Z,70,57387419XXXX,TRK-NB-07,UNMAPPED_TRUNK,2026-09-28T02:32:31Z,false
REJ-20260928-3118,RAW-20260928-TRK-NB-07-03118,2026-09-28T02:16:09Z,344,57343371XXXX,TRK-NB-07,UNMAPPED_TRUNK,2026-09-28T02:33:09Z,false
REJ-20260928-3105,RAW-20260928-TRK-NB-07-03105,2026-09-28T02:17:18Z,143,57350620XXXX,TRK-NB-07,UNMAPPED_TRUNK,2026-09-28T02:34:18Z,false
REJ-20260928-3095,RAW-20260928-TRK-NB-07-03095,2026-09-28T02:21:01Z,39,57322662XXXX,TRK-NB-07,UNMAPPED_TRUNK,2026-09-28T02:38:01Z,false
REJ-20260928-3064,RAW-20260928-TRK-NB-07-03064,2026-09-28T02:27:45Z,39,57322062XXXX,TRK-NB-07,UNMAPPED_TRUNK,2026-09-28T02:44:45Z,false
REJ-20260928-3048,RAW-20260928-TRK-NB-07-03048,2026-09-28T02:28:56Z,632,57391480XXXX,TRK-NB-07,UNMAPPED_TRUNK,2026-09-28T02:45:56Z,false
REJ-20260928-3097,RAW-20260928-TRK-NB-07-03097,2026-09-28T02:29:41Z,30,57318229XXXX,TRK-NB-07,UNMAPPED_TRUNK,2026-09-28T02:46:41Z,false
REJ-20260928-2889,RAW-20260928-TRK-NB-07-02889,2026-09-28T02:30:37Z,53,57359368XXXX,TRK-NB-07,UNMAPPED_TRUNK,2026-09-28T02:47:37Z,false
REJ-20260928-3037,RAW-20260928-TRK-NB-07-03037,2026-09-28T02:33:37Z,104,57383927XXXX,TRK-NB-07,UNMAPPED_TRUNK,2026-09-28T02:50:37Z,false
REJ-20260928-3025,RAW-20260928-TRK-NB-07-03025,2026-09-28T02:49:38Z,105,57309677XXXX,TRK-NB-07,UNMAPPED_TRUNK,2026-09-28T03:06:38Z,false
REJ-20260928-3039,RAW-20260928-TRK-NB-07-03039,2026-09-28T02:50:30Z,57,57316533XXXX,TRK-NB-07,UNMAPPED_TRUNK,2026-09-28T03:07:30Z,false
REJ-20260928-2999,RAW-20260928-TRK-NB-07-02999,2026-09-28T03:03:25Z,58,57383761XXXX,TRK-NB-07,UNMAPPED_TRUNK,2026-09-28T03:20:25Z,false
REJ-20260928-2997,RAW-20260928-TRK-NB-07-02997,2026-09-28T03:13:49Z,402,57395421XXXX,TRK-NB-07,UNMAPPED_TRUNK,2026-09-28T03:30:49Z,false
REJ-20260928-3030,RAW-20260928-TRK-NB-07-03030,2026-09-28T03:14:51Z,420,57345833XXXX,TRK-NB-07,UNMAPPED_TRUNK,2026-09-28T03:31:51Z,false
REJ-20260928-2952,RAW-20260928-TRK-NB-07-02952,2026-09-28T03:16:05Z,158,57303071XXXX,TRK-NB-07,UNMAPPED_TRUNK,2026-09-28T03:33:05Z,false
REJ-20260928-3046,RAW-20260928-TRK-NB-07-03046,2026-09-28T03:16:13Z,329,57318133XXXX,TRK-NB-07,UNMAPPED_TRUNK,2026-09-28T03:33:13Z,false
REJ-20260928-3153,RAW-20260928-TRK-NB-07-03153,2026-09-28T03:16:53Z,174,57367706XXXX,TRK-NB-07,UNMAPPED_TRUNK,2026-09-28T03:33:53Z,false
REJ-20260928-2985,RAW-20260928-TRK-NB-07-02985,2026-09-28T03:18:39Z,116,57317272XXXX,TRK-NB-07,UNMAPPED_TRUNK,2026-09-28T03:35:39Z,false
REJ-20260928-2809,RAW-20260928-TRK-NB-07-02809,2026-09-28T03:21:11Z,50,57331384XXXX,TRK-NB-07,UNMAPPED_TRUNK,2026-09-28T03:38:11Z,false
REJ-20260928-3022,RAW-20260928-TRK-NB-07-03022,2026-09-28T03:26:49Z,41,57374712XXXX,TRK-NB-07,UNMAPPED_TRUNK,2026-09-28T03:43:49Z,false
REJ-20260928-2893,RAW-20260928-TRK-NB-07-02893,2026-09-28T03:26:53Z,27,57342369XXXX,TRK-NB-07,UNMAPPED_TRUNK,2026-09-28T03:43:53Z,false
REJ-20260928-2858,RAW-20260928-TRK-NB-07-02858,2026-09-28T03:27:04Z,329,57326016XXXX,TRK-NB-07,UNMAPPED_TRUNK,2026-09-28T03:44:04Z,false
REJ-20260928-3020,RAW-20260928-TRK-NB-07-03020,2026-09-28T03:28:48Z,290,57387767XXXX,TRK-NB-07,UNMAPPED_TRUNK,2026-09-28T03:45:48Z,false
REJ-20260928-3100,RAW-20260928-TRK-NB-07-03100,2026-09-28T03:40:27Z,212,57337936XXXX,TRK-NB-07,UNMAPPED_TRUNK,2026-09-28T03:57:27Z,false
REJ-20260928-3012,RAW-20260928-TRK-NB-07-03012,2026-09-28T03:43:14Z,11,57389286XXXX,TRK-NB-07,UNMAPPED_TRUNK,2026-09-28T04:00:14Z,false
REJ-20260928-2834,RAW-20260928-TRK-NB-07-02834,2026-09-28T03:50:58Z,1,57314632XXXX,TRK-NB-07,UNMAPPED_TRUNK,2026-09-28T04:07:58Z,false
REJ-20260928-2990,RAW-20260928-TRK-NB-07-02990,2026-09-28T03:50:58Z,40,57301768XXXX,TRK-NB-07,UNMAPPED_TRUNK,2026-09-28T04:07:58Z,false
REJ-20260928-3049,RAW-20260928-TRK-NB-07-03049,2026-09-28T03:53:42Z,286,57374221XXXX,TRK-NB-07,UNMAPPED_TRUNK,2026-09-28T04:10:42Z,false
REJ-20260928-2922,RAW-20260928-TRK-NB-07-02922,2026-09-28T03:56:27Z,150,57389501XXXX,TRK-NB-07,UNMAPPED_TRUNK,2026-09-28T04:13:27Z,false
REJ-20260928-2824,RAW-20260928-TRK-NB-07-02824,2026-09-28T04:00:49Z,33,57354571XXXX,TRK-NB-07,UNMAPPED_TRUNK,2026-09-28T04:17:49Z,false
REJ-20260928-3053,RAW-20260928-TRK-NB-07-03053,2026-09-28T04:01:19Z,22,57338660XXXX,TRK-NB-07,UNMAPPED_TRUNK,2026-09-28T04:18:19Z,false
REJ-20260928-2939,RAW-20260928-TRK-NB-07-02939,2026-09-28T04:02:43Z,52,57345978XXXX,TRK-NB-07,UNMAPPED_TRUNK,2026-09-28T04:19:43Z,false
REJ-20260928-3083,RAW-20260928-TRK-NB-07-03083,2026-09-28T04:06:25Z,14,57308769XXXX,TRK-NB-07,UNMAPPED_TRUNK,2026-09-28T04:23:25Z,false
REJ-20260928-3161,RAW-20260928-TRK-NB-07-03161,2026-09-28T04:15:50Z,4,57315993XXXX,TRK-NB-07,UNMAPPED_TRUNK,2026-09-28T04:32:50Z,false
REJ-20260928-3136,RAW-20260928-TRK-NB-07-03136,2026-09-28T04:17:12Z,85,57329331XXXX,TRK-NB-07,UNMAPPED_TRUNK,2026-09-28T04:34:12Z,false
REJ-20260928-3152,RAW-20260928-TRK-NB-07-03152,2026-09-28T04:18:28Z,17,57312199XXXX,TRK-NB-07,UNMAPPED_TRUNK,2026-09-28T04:35:28Z,false
REJ-20260928-3122,RAW-20260928-TRK-NB-07-03122,2026-09-28T04:21:04Z,55,57323880XXXX,TRK-NB-07,UNMAPPED_TRUNK,2026-09-28T04:38:04Z,false
REJ-20260928-3042,RAW-20260928-TRK-NB-07-03042,2026-09-28T04:22:47Z,141,57346239XXXX,TRK-NB-07,UNMAPPED_TRUNK,2026-09-28T04:39:47Z,false
REJ-20260928-2856,RAW-20260928-TRK-NB-07-02856,2026-09-28T04:27:10Z,85,57356074XXXX,TRK-NB-07,UNMAPPED_TRUNK,2026-09-28T04:44:10Z,false
REJ-20260928-2914,RAW-20260928-TRK-NB-07-02914,2026-09-28T04:45:05Z,17,57387020XXXX,TRK-NB-07,UNMAPPED_TRUNK,2026-09-28T05:02:05Z,false
REJ-20260928-3045,RAW-20260928-TRK-NB-07-03045,2026-09-28T04:47:10Z,7,57386123XXXX,TRK-NB-07,UNMAPPED_TRUNK,2026-09-28T05:04:10Z,false
REJ-20260928-3127,RAW-20260928-TRK-NB-07-03127,2026-09-28T04:47:53Z,36,57336299XXXX,TRK-NB-07,UNMAPPED_TRUNK,2026-09-28T05:04:53Z,false
REJ-20260928-3082,RAW-20260928-TRK-NB-07-03082,2026-09-28T04:48:36Z,37,57309012XXXX,TRK-NB-07,UNMAPPED_TRUNK,2026-09-28T05:05:36Z,false
REJ-20260928-2847,RAW-20260928-TRK-NB-07-02847,2026-09-28T04:50:59Z,241,57358965XXXX,TRK-NB-07,UNMAPPED_TRUNK,2026-09-28T05:07:59Z,false
REJ-20260928-2881,RAW-20260928-TRK-NB-07-02881,2026-09-28T04:54:40Z,25,57350222XXXX,TRK-NB-07,UNMAPPED_TRUNK,2026-09-28T05:11:40Z,false
REJ-20260928-2991,RAW-20260928-TRK-NB-07-02991,2026-09-28T04:55:17Z,167,57389633XXXX,TRK-NB-07,UNMAPPED_TRUNK,2026-09-28T05:12:17Z,false
REJ-20260928-2948,RAW-20260928-TRK-NB-07-02948,2026-09-28T04:58:03Z,258,57307575XXXX,TRK-NB-07,UNMAPPED_TRUNK,2026-09-28T05:15:03Z,false
REJ-20260928-3035,RAW-20260928-TRK-NB-07-03035,2026-09-28T05:03:18Z,404,57361832XXXX,TRK-NB-07,UNMAPPED_TRUNK,2026-09-28T05:20:18Z,false
REJ-20260928-2969,RAW-20260928-TRK-NB-07-02969,2026-09-28T05:04:14Z,14,57339941XXXX,TRK-NB-07,UNMAPPED_TRUNK,2026-09-28T05:21:14Z,false
REJ-20260928-2810,RAW-20260928-TRK-NB-07-02810,2026-09-28T05:05:04Z,32,57392926XXXX,TRK-NB-07,UNMAPPED_TRUNK,2026-09-28T05:22:04Z,false
REJ-20260928-2845,RAW-20260928-TRK-NB-07-02845,2026-09-28T05:22:51Z,106,57373381XXXX,TRK-NB-07,UNMAPPED_TRUNK,2026-09-28T05:39:51Z,false
REJ-20260928-3159,RAW-20260928-TRK-NB-07-03159,2026-09-28T05:32:29Z,126,57342168XXXX,TRK-NB-07,UNMAPPED_TRUNK,2026-09-28T05:49:29Z,false
REJ-20260928-2930,RAW-20260928-TRK-NB-07-02930,2026-09-28T05:33:29Z,57,57319301XXXX,TRK-NB-07,UNMAPPED_TRUNK,2026-09-28T05:50:29Z,false
REJ-20260928-2899,RAW-20260928-TRK-NB-07-02899,2026-09-28T05:41:22Z,16,57340911XXXX,TRK-NB-07,UNMAPPED_TRUNK,2026-09-28T05:58:22Z,false
REJ-20260928-2837,RAW-20260928-TRK-NB-07-02837,2026-09-28T05:48:21Z,68,57376194XXXX,TRK-NB-07,UNMAPPED_TRUNK,2026-09-28T06:05:21Z,false
REJ-20260928-2959,RAW-20260928-TRK-NB-07-02959,2026-09-28T05:52:00Z,117,57371126XXXX,TRK-NB-07,UNMAPPED_TRUNK,2026-09-28T06:09:00Z,false
REJ-20260928-2815,RAW-20260928-TRK-NB-07-02815,2026-09-28T06:02:11Z,47,57352240XXXX,TRK-NB-07,UNMAPPED_TRUNK,2026-09-28T06:19:11Z,false
REJ-20260928-3111,RAW-20260928-TRK-NB-07-03111,2026-09-28T06:05:03Z,40,57347335XXXX,TRK-NB-07,UNMAPPED_TRUNK,2026-09-28T06:22:03Z,false
REJ-20260928-2892,RAW-20260928-TRK-NB-07-02892,2026-09-28T06:09:13Z,6,57308990XXXX,TRK-NB-07,UNMAPPED_TRUNK,2026-09-28T06:26:13Z,false
REJ-20260928-2866,RAW-20260928-TRK-NB-07-02866,2026-09-28T06:15:45Z,116,57397655XXXX,TRK-NB-07,UNMAPPED_TRUNK,2026-09-28T06:32:45Z,false
REJ-20260928-3044,RAW-20260928-TRK-NB-07-03044,2026-09-28T06:15:48Z,481,57378189XXXX,TRK-NB-07,UNMAPPED_TRUNK,2026-09-28T06:32:48Z,false
REJ-20260928-3077,RAW-20260928-TRK-NB-07-03077,2026-09-28T06:19:28Z,28,57372308XXXX,TRK-NB-07,UNMAPPED_TRUNK,2026-09-28T06:36:28Z,false
REJ-20260928-2823,RAW-20260928-TRK-NB-07-02823,2026-09-28T06:21:34Z,26,57340182XXXX,TRK-NB-07,UNMAPPED_TRUNK,2026-09-28T06:38:34Z,false
REJ-20260928-2993,RAW-20260928-TRK-NB-07-02993,2026-09-28T06:21:48Z,636,57371095XXXX,TRK-NB-07,UNMAPPED_TRUNK,2026-09-28T06:38:48Z,false
REJ-20260928-2876,RAW-20260928-TRK-NB-07-02876,2026-09-28T06:34:27Z,4,57366006XXXX,TRK-NB-07,UNMAPPED_TRUNK,2026-09-28T06:51:27Z,false
REJ-20260928-2865,RAW-20260928-TRK-NB-07-02865,2026-09-28T06:35:11Z,177,57372884XXXX,TRK-NB-07,UNMAPPED_TRUNK,2026-09-28T06:52:11Z,false
REJ-20260928-2943,RAW-20260928-TRK-NB-07-02943,2026-09-28T06:40:41Z,16,57348615XXXX,TRK-NB-07,UNMAPPED_TRUNK,2026-09-28T06:57:41Z,false
REJ-20260928-3063,RAW-20260928-TRK-NB-07-03063,2026-09-28T06:45:45Z,20,57395413XXXX,TRK-NB-07,UNMAPPED_TRUNK,2026-09-28T07:02:45Z,false
REJ-20260928-2944,RAW-20260928-TRK-NB-07-02944,2026-09-28T06:49:03Z,19,57337479XXXX,TRK-NB-07,UNMAPPED_TRUNK,2026-09-28T07:06:03Z,false
REJ-20260928-3085,RAW-20260928-TRK-NB-07-03085,2026-09-28T06:52:08Z,15,57374921XXXX,TRK-NB-07,UNMAPPED_TRUNK,2026-09-28T07:09:08Z,false
REJ-20260928-2927,RAW-20260928-TRK-NB-07-02927,2026-09-28T06:53:20Z,362,57303353XXXX,TRK-NB-07,UNMAPPED_TRUNK,2026-09-28T07:10:20Z,false
REJ-20260928-2803,RAW-20260928-TRK-NB-07-02803,2026-09-28T07:01:27Z,148,57380462XXXX,TRK-NB-07,UNMAPPED_TRUNK,2026-09-28T07:18:27Z,false
REJ-20260928-2874,RAW-20260928-TRK-NB-07-02874,2026-09-28T07:06:04Z,1,57326463XXXX,TRK-NB-07,UNMAPPED_TRUNK,2026-09-28T07:23:04Z,false
REJ-20260928-2908,RAW-20260928-TRK-NB-07-02908,2026-09-28T07:08:23Z,146,57379119XXXX,TRK-NB-07,UNMAPPED_TRUNK,2026-09-28T07:25:23Z,false
REJ-20260928-3119,RAW-20260928-TRK-NB-07-03119,2026-09-28T07:13:38Z,132,57339038XXXX,TRK-NB-07,UNMAPPED_TRUNK,2026-09-28T07:30:38Z,false
REJ-20260928-2932,RAW-20260928-TRK-NB-07-02932,2026-09-28T07:14:44Z,128,57320554XXXX,TRK-NB-07,UNMAPPED_TRUNK,2026-09-28T07:31:44Z,false
REJ-20260928-3191,RAW-20260928-TRK-NB-07-03191,2026-09-28T07:17:52Z,21,57369797XXXX,TRK-NB-07,UNMAPPED_TRUNK,2026-09-28T07:34:52Z,false
REJ-20260928-2965,RAW-20260928-TRK-NB-07-02965,2026-09-28T07:21:06Z,38,57342315XXXX,TRK-NB-07,UNMAPPED_TRUNK,2026-09-28T07:38:06Z,false
REJ-20260928-2983,RAW-20260928-TRK-NB-07-02983,2026-09-28T07:23:01Z,230,57368853XXXX,TRK-NB-07,UNMAPPED_TRUNK,2026-09-28T07:40:01Z,false
REJ-20260928-2976,RAW-20260928-TRK-NB-07-02976,2026-09-28T07:23:12Z,19,57325190XXXX,TRK-NB-07,UNMAPPED_TRUNK,2026-09-28T07:40:12Z,false
REJ-20260928-2958,RAW-20260928-TRK-NB-07-02958,2026-09-28T07:23:48Z,34,57375968XXXX,TRK-NB-07,UNMAPPED_TRUNK,2026-09-28T07:40:48Z,false
REJ-20260928-3170,RAW-20260928-TRK-NB-07-03170,2026-09-28T07:24:04Z,49,57347476XXXX,TRK-NB-07,UNMAPPED_TRUNK,2026-09-28T07:41:04Z,false
REJ-20260928-3004,RAW-20260928-TRK-NB-07-03004,2026-09-28T07:25:49Z,56,57322873XXXX,TRK-NB-07,UNMAPPED_TRUNK,2026-09-28T07:42:49Z,false
REJ-20260928-2888,RAW-20260928-TRK-NB-07-02888,2026-09-28T07:26:42Z,59,57320530XXXX,TRK-NB-07,UNMAPPED_TRUNK,2026-09-28T07:43:42Z,false
REJ-20260928-2907,RAW-20260928-TRK-NB-07-02907,2026-09-28T07:38:01Z,39,57366773XXXX,TRK-NB-07,UNMAPPED_TRUNK,2026-09-28T07:55:01Z,false
REJ-20260928-3132,RAW-20260928-TRK-NB-07-03132,2026-09-28T07:38:01Z,52,57385953XXXX,TRK-NB-07,UNMAPPED_TRUNK,2026-09-28T07:55:01Z,false
REJ-20260928-2840,RAW-20260928-TRK-NB-07-02840,2026-09-28T07:40:33Z,35,57365510XXXX,TRK-NB-07,UNMAPPED_TRUNK,2026-09-28T07:57:33Z,false
REJ-20260928-2954,RAW-20260928-TRK-NB-07-02954,2026-09-28T07:41:18Z,13,57335385XXXX,TRK-NB-07,UNMAPPED_TRUNK,2026-09-28T07:58:18Z,false
REJ-20260928-3181,RAW-20260928-TRK-NB-07-03181,2026-09-28T07:42:12Z,175,57302162XXXX,TRK-NB-07,UNMAPPED_TRUNK,2026-09-28T07:59:12Z,false
REJ-20260928-3106,RAW-20260928-TRK-NB-07-03106,2026-09-28T07:53:14Z,220,57316250XXXX,TRK-NB-07,UNMAPPED_TRUNK,2026-09-28T08:10:14Z,false
REJ-20260928-3189,RAW-20260928-TRK-NB-07-03189,2026-09-28T07:53:27Z,92,57386827XXXX,TRK-NB-07,UNMAPPED_TRUNK,2026-09-28T08:10:27Z,false
REJ-20260928-3197,RAW-20260928-TRK-NB-07-03197,2026-09-28T07:55:28Z,371,57308504XXXX,TRK-NB-07,UNMAPPED_TRUNK,2026-09-28T08:12:28Z,false
REJ-20260928-3171,RAW-20260928-TRK-NB-07-03171,2026-09-28T07:56:34Z,12,57304993XXXX,TRK-NB-07,UNMAPPED_TRUNK,2026-09-28T08:13:34Z,false
REJ-20260928-2975,RAW-20260928-TRK-NB-07-02975,2026-09-28T07:56:57Z,116,57375593XXXX,TRK-NB-07,UNMAPPED_TRUNK,2026-09-28T08:13:57Z,false
REJ-20260928-3180,RAW-20260928-TRK-NB-07-03180,2026-09-28T08:03:49Z,73,57367033XXXX,TRK-NB-07,UNMAPPED_TRUNK,2026-09-28T08:20:49Z,false
REJ-20260928-3108,RAW-20260928-TRK-NB-07-03108,2026-09-28T08:12:02Z,129,57344770XXXX,TRK-NB-07,UNMAPPED_TRUNK,2026-09-28T08:29:02Z,false
REJ-20260928-3054,RAW-20260928-TRK-NB-07-03054,2026-09-28T08:14:59Z,3,57359195XXXX,TRK-NB-07,UNMAPPED_TRUNK,2026-09-28T08:31:59Z,false
REJ-20260928-3146,RAW-20260928-TRK-NB-07-03146,2026-09-28T08:20:08Z,227,57394603XXXX,TRK-NB-07,UNMAPPED_TRUNK,2026-09-28T08:37:08Z,false
REJ-20260928-3040,RAW-20260928-TRK-NB-07-03040,2026-09-28T08:21:13Z,43,57331152XXXX,TRK-NB-07,UNMAPPED_TRUNK,2026-09-28T08:38:13Z,false
REJ-20260928-3169,RAW-20260928-TRK-NB-07-03169,2026-09-28T08:26:04Z,19,57348365XXXX,TRK-NB-07,UNMAPPED_TRUNK,2026-09-28T08:43:04Z,false
REJ-20260928-3165,RAW-20260928-TRK-NB-07-03165,2026-09-28T08:28:23Z,46,57346615XXXX,TRK-NB-07,UNMAPPED_TRUNK,2026-09-28T08:45:23Z,false
REJ-20260928-3156,RAW-20260928-TRK-NB-07-03156,2026-09-28T08:34:58Z,76,57302834XXXX,TRK-NB-07,UNMAPPED_TRUNK,2026-09-28T08:51:58Z,false
REJ-20260928-3126,RAW-20260928-TRK-NB-07-03126,2026-09-28T08:45:46Z,66,57354370XXXX,TRK-NB-07,UNMAPPED_TRUNK,2026-09-28T09:02:46Z,false
REJ-20260928-3123,RAW-20260928-TRK-NB-07-03123,2026-09-28T08:46:18Z,359,57393224XXXX,TRK-NB-07,UNMAPPED_TRUNK,2026-09-28T09:03:18Z,false
REJ-20260928-3177,RAW-20260928-TRK-NB-07-03177,2026-09-28T08:50:19Z,148,57353656XXXX,TRK-NB-07,UNMAPPED_TRUNK,2026-09-28T09:07:19Z,false
REJ-20260928-3096,RAW-20260928-TRK-NB-07-03096,2026-09-28T08:50:26Z,434,57386962XXXX,TRK-NB-07,UNMAPPED_TRUNK,2026-09-28T09:07:26Z,false
REJ-20260928-3056,RAW-20260928-TRK-NB-07-03056,2026-09-28T08:53:23Z,151,57322703XXXX,TRK-NB-07,UNMAPPED_TRUNK,2026-09-28T09:10:23Z,false
REJ-20260928-2977,RAW-20260928-TRK-NB-07-02977,2026-09-28T08:55:40Z,48,57362213XXXX,TRK-NB-07,UNMAPPED_TRUNK,2026-09-28T09:12:40Z,false
REJ-20260928-2980,RAW-20260928-TRK-NB-07-02980,2026-09-28T09:00:46Z,1,57314053XXXX,TRK-NB-07,UNMAPPED_TRUNK,2026-09-28T09:17:46Z,false
REJ-20260928-2941,RAW-20260928-TRK-NB-07-02941,2026-09-28T09:04:26Z,40,57384631XXXX,TRK-NB-07,UNMAPPED_TRUNK,2026-09-28T09:21:26Z,false
REJ-20260928-3133,RAW-20260928-TRK-NB-07-03133,2026-09-28T09:05:20Z,168,57349614XXXX,TRK-NB-07,UNMAPPED_TRUNK,2026-09-28T09:22:20Z,false
REJ-20260928-3194,RAW-20260928-TRK-NB-07-03194,2026-09-28T09:14:49Z,120,57354993XXXX,TRK-NB-07,UNMAPPED_TRUNK,2026-09-28T09:31:49Z,false
REJ-20260928-2843,RAW-20260928-TRK-NB-07-02843,2026-09-28T09:15:14Z,182,57339671XXXX,TRK-NB-07,UNMAPPED_TRUNK,2026-09-28T09:32:14Z,false
REJ-20260928-3128,RAW-20260928-TRK-NB-07-03128,2026-09-28T09:25:46Z,9,57368386XXXX,TRK-NB-07,UNMAPPED_TRUNK,2026-09-28T09:42:46Z,false
REJ-20260928-3011,RAW-20260928-TRK-NB-07-03011,2026-09-28T09:26:14Z,219,57345363XXXX,TRK-NB-07,UNMAPPED_TRUNK,2026-09-28T09:43:14Z,false
REJ-20260928-2848,RAW-20260928-TRK-NB-07-02848,2026-09-28T09:29:29Z,47,57305264XXXX,TRK-NB-07,UNMAPPED_TRUNK,2026-09-28T09:46:29Z,false
REJ-20260928-2802,RAW-20260928-TRK-NB-07-02802,2026-09-28T09:33:54Z,275,57371058XXXX,TRK-NB-07,UNMAPPED_TRUNK,2026-09-28T09:50:54Z,false
REJ-20260928-3061,RAW-20260928-TRK-NB-07-03061,2026-09-28T09:34:09Z,131,57381827XXXX,TRK-NB-07,UNMAPPED_TRUNK,2026-09-28T09:51:09Z,false
REJ-20260928-3089,RAW-20260928-TRK-NB-07-03089,2026-09-28T09:36:25Z,70,57378516XXXX,TRK-NB-07,UNMAPPED_TRUNK,2026-09-28T09:53:25Z,false
REJ-20260928-3075,RAW-20260928-TRK-NB-07-03075,2026-09-28T09:37:38Z,44,57334453XXXX,TRK-NB-07,UNMAPPED_TRUNK,2026-09-28T09:54:38Z,false
REJ-20260928-3098,RAW-20260928-TRK-NB-07-03098,2026-09-28T09:37:53Z,548,57333234XXXX,TRK-NB-07,UNMAPPED_TRUNK,2026-09-28T09:54:53Z,false
REJ-20260928-3183,RAW-20260928-TRK-NB-07-03183,2026-09-28T09:46:07Z,60,57370573XXXX,TRK-NB-07,UNMAPPED_TRUNK,2026-09-28T10:03:07Z,false
REJ-20260928-2814,RAW-20260928-TRK-NB-07-02814,2026-09-28T09:49:35Z,15,57305866XXXX,TRK-NB-07,UNMAPPED_TRUNK,2026-09-28T10:06:35Z,false
REJ-20260928-3200,RAW-20260928-TRK-NB-07-03200,2026-09-28T09:50:24Z,85,57377739XXXX,TRK-NB-07,UNMAPPED_TRUNK,2026-09-28T10:07:24Z,false
REJ-20260928-3080,RAW-20260928-TRK-NB-07-03080,2026-09-28T09:50:51Z,73,57307456XXXX,TRK-NB-07,UNMAPPED_TRUNK,2026-09-28T10:07:51Z,false
REJ-20260928-2872,RAW-20260928-TRK-NB-07-02872,2026-09-28T09:52:52Z,62,57340029XXXX,TRK-NB-07,UNMAPPED_TRUNK,2026-09-28T10:09:52Z,false
REJ-20260928-2971,RAW-20260928-TRK-NB-07-02971,2026-09-28T09:59:48Z,7,57367596XXXX,TRK-NB-07,UNMAPPED_TRUNK,2026-09-28T10:16:48Z,false
REJ-20260928-3138,RAW-20260928-TRK-NB-07-03138,2026-09-28T10:03:56Z,243,57379504XXXX,TRK-NB-07,UNMAPPED_TRUNK,2026-09-28T10:20:56Z,false
REJ-20260928-2860,RAW-20260928-TRK-NB-07-02860,2026-09-28T10:04:42Z,123,57399677XXXX,TRK-NB-07,UNMAPPED_TRUNK,2026-09-28T10:21:42Z,false
REJ-20260928-2961,RAW-20260928-TRK-NB-07-02961,2026-09-28T10:06:43Z,59,57319523XXXX,TRK-NB-07,UNMAPPED_TRUNK,2026-09-28T10:23:43Z,false
REJ-20260928-3059,RAW-20260928-TRK-NB-07-03059,2026-09-28T10:11:23Z,44,57311891XXXX,TRK-NB-07,UNMAPPED_TRUNK,2026-09-28T10:28:23Z,false
REJ-20260928-3154,RAW-20260928-TRK-NB-07-03154,2026-09-28T10:15:46Z,137,57325681XXXX,TRK-NB-07,UNMAPPED_TRUNK,2026-09-28T10:32:46Z,false
REJ-20260928-2963,RAW-20260928-TRK-NB-07-02963,2026-09-28T10:20:49Z,55,57384558XXXX,TRK-NB-07,UNMAPPED_TRUNK,2026-09-28T10:37:49Z,false
REJ-20260928-2919,RAW-20260928-TRK-NB-07-02919,2026-09-28T10:33:10Z,68,57372397XXXX,TRK-NB-07,UNMAPPED_TRUNK,2026-09-28T10:50:10Z,false
REJ-20260928-3065,RAW-20260928-TRK-NB-07-03065,2026-09-28T10:36:29Z,1182,57310628XXXX,TRK-NB-07,UNMAPPED_TRUNK,2026-09-28T10:53:29Z,false
REJ-20260928-3186,RAW-20260928-TRK-NB-07-03186,2026-09-28T10:38:08Z,64,57321754XXXX,TRK-NB-07,UNMAPPED_TRUNK,2026-09-28T10:55:08Z,false
REJ-20260928-2996,RAW-20260928-TRK-NB-07-02996,2026-09-28T10:50:23Z,506,57352286XXXX,TRK-NB-07,UNMAPPED_TRUNK,2026-09-28T11:07:23Z,false
REJ-20260928-3088,RAW-20260928-TRK-NB-07-03088,2026-09-28T10:53:47Z,787,57351647XXXX,TRK-NB-07,UNMAPPED_TRUNK,2026-09-28T11:10:47Z,false
REJ-20260928-2857,RAW-20260928-TRK-NB-07-02857,2026-09-28T11:03:30Z,167,57340300XXXX,TRK-NB-07,UNMAPPED_TRUNK,2026-09-28T11:20:30Z,false
REJ-20260928-2909,RAW-20260928-TRK-NB-07-02909,2026-09-28T11:09:10Z,92,57316611XXXX,TRK-NB-07,UNMAPPED_TRUNK,2026-09-28T11:26:10Z,false
REJ-20260928-3120,RAW-20260928-TRK-NB-07-03120,2026-09-28T11:11:48Z,113,57328696XXXX,TRK-NB-07,UNMAPPED_TRUNK,2026-09-28T11:28:48Z,false
REJ-20260928-3149,RAW-20260928-TRK-NB-07-03149,2026-09-28T11:15:15Z,43,57345298XXXX,TRK-NB-07,UNMAPPED_TRUNK,2026-09-28T11:32:15Z,false
REJ-20260928-2851,RAW-20260928-TRK-NB-07-02851,2026-09-28T11:16:37Z,322,57344173XXXX,TRK-NB-07,UNMAPPED_TRUNK,2026-09-28T11:33:37Z,false
REJ-20260928-2830,RAW-20260928-TRK-NB-07-02830,2026-09-28T11:24:59Z,2,57324314XXXX,TRK-NB-07,UNMAPPED_TRUNK,2026-09-28T11:41:59Z,false
REJ-20260928-3172,RAW-20260928-TRK-NB-07-03172,2026-09-28T11:29:12Z,190,57379418XXXX,TRK-NB-07,UNMAPPED_TRUNK,2026-09-28T11:46:12Z,false
REJ-20260928-2841,RAW-20260928-TRK-NB-07-02841,2026-09-28T11:30:15Z,480,57320252XXXX,TRK-NB-07,UNMAPPED_TRUNK,2026-09-28T11:47:15Z,false
REJ-20260928-2883,RAW-20260928-TRK-NB-07-02883,2026-09-28T11:34:38Z,167,57320874XXXX,TRK-NB-07,UNMAPPED_TRUNK,2026-09-28T11:51:38Z,false
REJ-20260928-2994,RAW-20260928-TRK-NB-07-02994,2026-09-28T11:38:29Z,235,57310458XXXX,TRK-NB-07,UNMAPPED_TRUNK,2026-09-28T11:55:29Z,false
REJ-20260928-3155,RAW-20260928-TRK-NB-07-03155,2026-09-28T11:39:05Z,3,57339034XXXX,TRK-NB-07,UNMAPPED_TRUNK,2026-09-28T11:56:05Z,false
REJ-20260928-2885,RAW-20260928-TRK-NB-07-02885,2026-09-28T11:42:01Z,263,57382397XXXX,TRK-NB-07,UNMAPPED_TRUNK,2026-09-28T11:59:01Z,false
REJ-20260928-2852,RAW-20260928-TRK-NB-07-02852,2026-09-28T11:50:38Z,161,57322981XXXX,TRK-NB-07,UNMAPPED_TRUNK,2026-09-28T12:07:38Z,false
REJ-20260928-2967,RAW-20260928-TRK-NB-07-02967,2026-09-28T11:54:31Z,34,57385507XXXX,TRK-NB-07,UNMAPPED_TRUNK,2026-09-28T12:11:31Z,false
REJ-20260928-3028,RAW-20260928-TRK-NB-07-03028,2026-09-28T12:01:36Z,77,57355976XXXX,TRK-NB-07,UNMAPPED_TRUNK,2026-09-28T12:18:36Z,false
REJ-20260928-3033,RAW-20260928-TRK-NB-07-03033,2026-09-28T12:02:14Z,166,57306328XXXX,TRK-NB-07,UNMAPPED_TRUNK,2026-09-28T12:19:14Z,false
REJ-20260928-2924,RAW-20260928-TRK-NB-07-02924,2026-09-28T12:02:47Z,267,57315239XXXX,TRK-NB-07,UNMAPPED_TRUNK,2026-09-28T12:19:47Z,false
REJ-20260928-3164,RAW-20260928-TRK-NB-07-03164,2026-09-28T12:09:35Z,7,57324661XXXX,TRK-NB-07,UNMAPPED_TRUNK,2026-09-28T12:26:35Z,false
REJ-20260928-2842,RAW-20260928-TRK-NB-07-02842,2026-09-28T12:10:12Z,66,57396089XXXX,TRK-NB-07,UNMAPPED_TRUNK,2026-09-28T12:27:12Z,false
REJ-20260928-2836,RAW-20260928-TRK-NB-07-02836,2026-09-28T12:18:59Z,179,57366627XXXX,TRK-NB-07,UNMAPPED_TRUNK,2026-09-28T12:35:59Z,false
REJ-20260928-2829,RAW-20260928-TRK-NB-07-02829,2026-09-28T12:22:20Z,23,57383760XXXX,TRK-NB-07,UNMAPPED_TRUNK,2026-09-28T12:39:20Z,false
REJ-20260928-3134,RAW-20260928-TRK-NB-07-03134,2026-09-28T12:23:21Z,38,57300256XXXX,TRK-NB-07,UNMAPPED_TRUNK,2026-09-28T12:40:21Z,false
REJ-20260928-3168,RAW-20260928-TRK-NB-07-03168,2026-09-28T12:23:47Z,14,57386341XXXX,TRK-NB-07,UNMAPPED_TRUNK,2026-09-28T12:40:47Z,false
REJ-20260928-2898,RAW-20260928-TRK-NB-07-02898,2026-09-28T12:25:32Z,36,57366446XXXX,TRK-NB-07,UNMAPPED_TRUNK,2026-09-28T12:42:32Z,false
REJ-20260928-3192,RAW-20260928-TRK-NB-07-03192,2026-09-28T12:33:08Z,1,57380910XXXX,TRK-NB-07,UNMAPPED_TRUNK,2026-09-28T12:50:08Z,false
REJ-20260928-2808,RAW-20260928-TRK-NB-07-02808,2026-09-28T12:36:58Z,222,57359078XXXX,TRK-NB-07,UNMAPPED_TRUNK,2026-09-28T12:53:58Z,false
REJ-20260928-2973,RAW-20260928-TRK-NB-07-02973,2026-09-28T12:41:33Z,14,57383091XXXX,TRK-NB-07,UNMAPPED_TRUNK,2026-09-28T12:58:33Z,false
REJ-20260928-3036,RAW-20260928-TRK-NB-07-03036,2026-09-28T12:50:14Z,38,57365187XXXX,TRK-NB-07,UNMAPPED_TRUNK,2026-09-28T13:07:14Z,false
REJ-20260928-3027,RAW-20260928-TRK-NB-07-03027,2026-09-28T12:51:13Z,238,57342033XXXX,TRK-NB-07,UNMAPPED_TRUNK,2026-09-28T13:08:13Z,false
REJ-20260928-3185,RAW-20260928-TRK-NB-07-03185,2026-09-28T12:55:36Z,68,57380127XXXX,TRK-NB-07,UNMAPPED_TRUNK,2026-09-28T13:12:36Z,false
REJ-20260928-3139,RAW-20260928-TRK-NB-07-03139,2026-09-28T12:55:47Z,129,57374478XXXX,TRK-NB-07,UNMAPPED_TRUNK,2026-09-28T13:12:47Z,false
REJ-20260928-3072,RAW-20260928-TRK-NB-07-03072,2026-09-28T12:57:08Z,28,57325129XXXX,TRK-NB-07,UNMAPPED_TRUNK,2026-09-28T13:14:08Z,false
REJ-20260928-3093,RAW-20260928-TRK-NB-07-03093,2026-09-28T12:59:58Z,250,57331723XXXX,TRK-NB-07,UNMAPPED_TRUNK,2026-09-28T13:16:58Z,false
REJ-20260928-2937,RAW-20260928-TRK-NB-07-02937,2026-09-28T13:00:55Z,49,57310873XXXX,TRK-NB-07,UNMAPPED_TRUNK,2026-09-28T13:17:55Z,false
REJ-20260928-2871,RAW-20260928-TRK-NB-07-02871,2026-09-28T13:06:55Z,165,57318039XXXX,TRK-NB-07,UNMAPPED_TRUNK,2026-09-28T13:23:55Z,false
REJ-20260928-2896,RAW-20260928-TRK-NB-07-02896,2026-09-28T13:08:46Z,17,57377566XXXX,TRK-NB-07,UNMAPPED_TRUNK,2026-09-28T13:25:46Z,false
REJ-20260928-3052,RAW-20260928-TRK-NB-07-03052,2026-09-28T13:11:31Z,211,57398574XXXX,TRK-NB-07,UNMAPPED_TRUNK,2026-09-28T13:28:31Z,false
REJ-20260928-2920,RAW-20260928-TRK-NB-07-02920,2026-09-28T13:13:36Z,41,57383837XXXX,TRK-NB-07,UNMAPPED_TRUNK,2026-09-28T13:30:36Z,false
REJ-20260928-2805,RAW-20260928-TRK-NB-07-02805,2026-09-28T13:22:08Z,123,57313619XXXX,TRK-NB-07,UNMAPPED_TRUNK,2026-09-28T13:39:08Z,false
REJ-20260928-3001,RAW-20260928-TRK-NB-07-03001,2026-09-28T13:31:50Z,174,57307786XXXX,TRK-NB-07,UNMAPPED_TRUNK,2026-09-28T13:48:50Z,false
REJ-20260928-3019,RAW-20260928-TRK-NB-07-03019,2026-09-28T13:37:39Z,48,57342462XXXX,TRK-NB-07,UNMAPPED_TRUNK,2026-09-28T13:54:39Z,false
REJ-20260928-3081,RAW-20260928-TRK-NB-07-03081,2026-09-28T13:37:52Z,129,57302126XXXX,TRK-NB-07,UNMAPPED_TRUNK,2026-09-28T13:54:52Z,false
REJ-20260928-3167,RAW-20260928-TRK-NB-07-03167,2026-09-28T13:39:29Z,59,57357732XXXX,TRK-NB-07,UNMAPPED_TRUNK,2026-09-28T13:56:29Z,false
REJ-20260928-2925,RAW-20260928-TRK-NB-07-02925,2026-09-28T13:40:47Z,179,57389887XXXX,TRK-NB-07,UNMAPPED_TRUNK,2026-09-28T13:57:47Z,false
REJ-20260928-2972,RAW-20260928-TRK-NB-07-02972,2026-09-28T13:41:24Z,54,57344486XXXX,TRK-NB-07,UNMAPPED_TRUNK,2026-09-28T13:58:24Z,false
REJ-20260928-3125,RAW-20260928-TRK-NB-07-03125,2026-09-28T13:43:03Z,217,57350895XXXX,TRK-NB-07,UNMAPPED_TRUNK,2026-09-28T14:00:03Z,false
REJ-20260928-3067,RAW-20260928-TRK-NB-07-03067,2026-09-28T13:50:42Z,1,57345637XXXX,TRK-NB-07,UNMAPPED_TRUNK,2026-09-28T14:07:42Z,false
REJ-20260928-3057,RAW-20260928-TRK-NB-07-03057,2026-09-28T13:53:55Z,12,57306170XXXX,TRK-NB-07,UNMAPPED_TRUNK,2026-09-28T14:10:55Z,false
REJ-20260928-2825,RAW-20260928-TRK-NB-07-02825,2026-09-28T13:56:59Z,97,57384216XXXX,TRK-NB-07,UNMAPPED_TRUNK,2026-09-28T14:13:59Z,false
REJ-20260928-3102,RAW-20260928-TRK-NB-07-03102,2026-09-28T13:57:05Z,452,57332699XXXX,TRK-NB-07,UNMAPPED_TRUNK,2026-09-28T14:14:05Z,false
REJ-20260928-2904,RAW-20260928-TRK-NB-07-02904,2026-09-28T14:04:59Z,401,57311566XXXX,TRK-NB-07,UNMAPPED_TRUNK,2026-09-28T14:21:59Z,false
REJ-20260928-3135,RAW-20260928-TRK-NB-07-03135,2026-09-28T14:11:48Z,223,57364632XXXX,TRK-NB-07,UNMAPPED_TRUNK,2026-09-28T14:28:48Z,false
REJ-20260928-2910,RAW-20260928-TRK-NB-07-02910,2026-09-28T14:20:12Z,53,57360901XXXX,TRK-NB-07,UNMAPPED_TRUNK,2026-09-28T14:37:12Z,false
REJ-20260928-3137,RAW-20260928-TRK-NB-07-03137,2026-09-28T14:28:41Z,5,57322901XXXX,TRK-NB-07,UNMAPPED_TRUNK,2026-09-28T14:45:41Z,false
REJ-20260928-3017,RAW-20260928-TRK-NB-07-03017,2026-09-28T14:30:14Z,23,57306478XXXX,TRK-NB-07,UNMAPPED_TRUNK,2026-09-28T14:47:14Z,false
REJ-20260928-2905,RAW-20260928-TRK-NB-07-02905,2026-09-28T14:33:35Z,58,57391886XXXX,TRK-NB-07,UNMAPPED_TRUNK,2026-09-28T14:50:35Z,false
REJ-20260928-3142,RAW-20260928-TRK-NB-07-03142,2026-09-28T14:33:44Z,245,57348523XXXX,TRK-NB-07,UNMAPPED_TRUNK,2026-09-28T14:50:44Z,false
REJ-20260928-3175,RAW-20260928-TRK-NB-07-03175,2026-09-28T14:34:56Z,134,57378154XXXX,TRK-NB-07,UNMAPPED_TRUNK,2026-09-28T14:51:56Z,false
REJ-20260928-3141,RAW-20260928-TRK-NB-07-03141,2026-09-28T14:42:54Z,28,57375000XXXX,TRK-NB-07,UNMAPPED_TRUNK,2026-09-28T14:59:54Z,false
REJ-20260928-2839,RAW-20260928-TRK-NB-07-02839,2026-09-28T14:44:44Z,40,57310985XXXX,TRK-NB-07,UNMAPPED_TRUNK,2026-09-28T15:01:44Z,false
REJ-20260928-3094,RAW-20260928-TRK-NB-07-03094,2026-09-28T14:44:57Z,173,57387075XXXX,TRK-NB-07,UNMAPPED_TRUNK,2026-09-28T15:01:57Z,false
REJ-20260928-3050,RAW-20260928-TRK-NB-07-03050,2026-09-28T14:48:08Z,117,57308718XXXX,TRK-NB-07,UNMAPPED_TRUNK,2026-09-28T15:05:08Z,false
REJ-20260928-2992,RAW-20260928-TRK-NB-07-02992,2026-09-28T14:50:08Z,5,57348106XXXX,TRK-NB-07,UNMAPPED_TRUNK,2026-09-28T15:07:08Z,false
REJ-20260928-2846,RAW-20260928-TRK-NB-07-02846,2026-09-28T14:54:26Z,33,57387880XXXX,TRK-NB-07,UNMAPPED_TRUNK,2026-09-28T15:11:26Z,false
REJ-20260928-3032,RAW-20260928-TRK-NB-07-03032,2026-09-28T14:56:48Z,222,57306877XXXX,TRK-NB-07,UNMAPPED_TRUNK,2026-09-28T15:13:48Z,false
REJ-20260928-2926,RAW-20260928-TRK-NB-07-02926,2026-09-28T15:03:34Z,128,57348572XXXX,TRK-NB-07,UNMAPPED_TRUNK,2026-09-28T15:20:34Z,false
REJ-20260928-3178,RAW-20260928-TRK-NB-07-03178,2026-09-28T15:07:13Z,1,57337746XXXX,TRK-NB-07,UNMAPPED_TRUNK,2026-09-28T15:24:13Z,false
REJ-20260928-2911,RAW-20260928-TRK-NB-07-02911,2026-09-28T15:09:51Z,54,57365343XXXX,TRK-NB-07,UNMAPPED_TRUNK,2026-09-28T15:26:51Z,false
REJ-20260928-3066,RAW-20260928-TRK-NB-07-03066,2026-09-28T15:11:18Z,85,57310359XXXX,TRK-NB-07,UNMAPPED_TRUNK,2026-09-28T15:28:18Z,false
REJ-20260928-2828,RAW-20260928-TRK-NB-07-02828,2026-09-28T15:19:19Z,234,57305387XXXX,TRK-NB-07,UNMAPPED_TRUNK,2026-09-28T15:36:19Z,false
REJ-20260928-3078,RAW-20260928-TRK-NB-07-03078,2026-09-28T15:19:59Z,219,57306334XXXX,TRK-NB-07,UNMAPPED_TRUNK,2026-09-28T15:36:59Z,false
REJ-20260928-3018,RAW-20260928-TRK-NB-07-03018,2026-09-28T15:22:36Z,403,57339204XXXX,TRK-NB-07,UNMAPPED_TRUNK,2026-09-28T15:39:36Z,false
REJ-20260928-2861,RAW-20260928-TRK-NB-07-02861,2026-09-28T15:23:50Z,49,57312598XXXX,TRK-NB-07,UNMAPPED_TRUNK,2026-09-28T15:40:50Z,false
REJ-20260928-3074,RAW-20260928-TRK-NB-07-03074,2026-09-28T15:25:55Z,334,57335126XXXX,TRK-NB-07,UNMAPPED_TRUNK,2026-09-28T15:42:55Z,false
REJ-20260928-3092,RAW-20260928-TRK-NB-07-03092,2026-09-28T15:27:01Z,27,57350284XXXX,TRK-NB-07,UNMAPPED_TRUNK,2026-09-28T15:44:01Z,false
REJ-20260928-3193,RAW-20260928-TRK-NB-07-03193,2026-09-28T15:28:37Z,16,57303482XXXX,TRK-NB-07,UNMAPPED_TRUNK,2026-09-28T15:45:37Z,false
REJ-20260928-2819,RAW-20260928-TRK-NB-07-02819,2026-09-28T15:33:33Z,115,57372649XXXX,TRK-NB-07,UNMAPPED_TRUNK,2026-09-28T15:50:33Z,false
REJ-20260928-3090,RAW-20260928-TRK-NB-07-03090,2026-09-28T15:34:24Z,116,57399348XXXX,TRK-NB-07,UNMAPPED_TRUNK,2026-09-28T15:51:24Z,false
REJ-20260928-2826,RAW-20260928-TRK-NB-07-02826,2026-09-28T15:35:29Z,88,57314663XXXX,TRK-NB-07,UNMAPPED_TRUNK,2026-09-28T15:52:29Z,false
REJ-20260928-3114,RAW-20260928-TRK-NB-07-03114,2026-09-28T15:36:21Z,23,57371286XXXX,TRK-NB-07,UNMAPPED_TRUNK,2026-09-28T15:53:21Z,false
REJ-20260928-3006,RAW-20260928-TRK-NB-07-03006,2026-09-28T15:39:18Z,55,57304720XXXX,TRK-NB-07,UNMAPPED_TRUNK,2026-09-28T15:56:18Z,false
REJ-20260928-2921,RAW-20260928-TRK-NB-07-02921,2026-09-28T15:40:36Z,56,57352459XXXX,TRK-NB-07,UNMAPPED_TRUNK,2026-09-28T15:57:36Z,false
REJ-20260928-2813,RAW-20260928-TRK-NB-07-02813,2026-09-28T15:47:22Z,38,57338356XXXX,TRK-NB-07,UNMAPPED_TRUNK,2026-09-28T16:04:22Z,false
REJ-20260928-2878,RAW-20260928-TRK-NB-07-02878,2026-09-28T15:50:30Z,284,57383149XXXX,TRK-NB-07,UNMAPPED_TRUNK,2026-09-28T16:07:30Z,false
REJ-20260928-2935,RAW-20260928-TRK-NB-07-02935,2026-09-28T15:52:30Z,14,57386862XXXX,TRK-NB-07,UNMAPPED_TRUNK,2026-09-28T16:09:30Z,false
REJ-20260928-2936,RAW-20260928-TRK-NB-07-02936,2026-09-28T15:53:49Z,153,57333505XXXX,TRK-NB-07,UNMAPPED_TRUNK,2026-09-28T16:10:49Z,false
REJ-20260928-3013,RAW-20260928-TRK-NB-07-03013,2026-09-28T15:58:28Z,2,57320078XXXX,TRK-NB-07,UNMAPPED_TRUNK,2026-09-28T16:15:28Z,false
REJ-20260928-2894,RAW-20260928-TRK-NB-07-02894,2026-09-28T16:03:27Z,238,57369936XXXX,TRK-NB-07,UNMAPPED_TRUNK,2026-09-28T16:20:27Z,false
REJ-20260928-2950,RAW-20260928-TRK-NB-07-02950,2026-09-28T16:04:26Z,366,57336796XXXX,TRK-NB-07,UNMAPPED_TRUNK,2026-09-28T16:21:26Z,false
REJ-20260928-2945,RAW-20260928-TRK-NB-07-02945,2026-09-28T16:06:59Z,255,57353845XXXX,TRK-NB-07,UNMAPPED_TRUNK,2026-09-28T16:23:59Z,false
REJ-20260928-2887,RAW-20260928-TRK-NB-07-02887,2026-09-28T16:08:24Z,12,57339558XXXX,TRK-NB-07,UNMAPPED_TRUNK,2026-09-28T16:25:24Z,false
REJ-20260928-3099,RAW-20260928-TRK-NB-07-03099,2026-09-28T16:08:42Z,277,57312791XXXX,TRK-NB-07,UNMAPPED_TRUNK,2026-09-28T16:25:42Z,false
REJ-20260928-3079,RAW-20260928-TRK-NB-07-03079,2026-09-28T16:10:21Z,44,57342933XXXX,TRK-NB-07,UNMAPPED_TRUNK,2026-09-28T16:27:21Z,false
REJ-20260928-2901,RAW-20260928-TRK-NB-07-02901,2026-09-28T16:13:06Z,67,57300574XXXX,TRK-NB-07,UNMAPPED_TRUNK,2026-09-28T16:30:06Z,false
REJ-20260928-3196,RAW-20260928-TRK-NB-07-03196,2026-09-28T16:14:48Z,505,57381878XXXX,TRK-NB-07,UNMAPPED_TRUNK,2026-09-28T16:31:48Z,false
REJ-20260928-3008,RAW-20260928-TRK-NB-07-03008,2026-09-28T16:19:04Z,118,57397909XXXX,TRK-NB-07,UNMAPPED_TRUNK,2026-09-28T16:36:04Z,false
REJ-20260928-3195,RAW-20260928-TRK-NB-07-03195,2026-09-28T16:19:38Z,153,57348705XXXX,TRK-NB-07,UNMAPPED_TRUNK,2026-09-28T16:36:38Z,false
REJ-20260928-2855,RAW-20260928-TRK-NB-07-02855,2026-09-28T16:22:46Z,70,57319627XXXX,TRK-NB-07,UNMAPPED_TRUNK,2026-09-28T16:39:46Z,false
REJ-20260928-3034,RAW-20260928-TRK-NB-07-03034,2026-09-28T16:22:47Z,33,57323347XXXX,TRK-NB-07,UNMAPPED_TRUNK,2026-09-28T16:39:47Z,false
REJ-20260928-2882,RAW-20260928-TRK-NB-07-02882,2026-09-28T16:26:43Z,35,57301834XXXX,TRK-NB-07,UNMAPPED_TRUNK,2026-09-28T16:43:43Z,false
REJ-20260928-2821,RAW-20260928-TRK-NB-07-02821,2026-09-28T16:30:29Z,1920,57390402XXXX,TRK-NB-07,UNMAPPED_TRUNK,2026-09-28T16:47:29Z,false
REJ-20260928-3173,RAW-20260928-TRK-NB-07-03173,2026-09-28T16:47:57Z,10,57393684XXXX,TRK-NB-07,UNMAPPED_TRUNK,2026-09-28T17:04:57Z,false
REJ-20260928-2850,RAW-20260928-TRK-NB-07-02850,2026-09-28T16:51:20Z,5,57311507XXXX,TRK-NB-07,UNMAPPED_TRUNK,2026-09-28T17:08:20Z,false
REJ-20260928-3162,RAW-20260928-TRK-NB-07-03162,2026-09-28T17:08:05Z,99,57303652XXXX,TRK-NB-07,UNMAPPED_TRUNK,2026-09-28T17:25:05Z,false
REJ-20260928-2957,RAW-20260928-TRK-NB-07-02957,2026-09-28T17:14:14Z,186,57350145XXXX,TRK-NB-07,UNMAPPED_TRUNK,2026-09-28T17:31:14Z,false
REJ-20260928-2960,RAW-20260928-TRK-NB-07-02960,2026-09-28T17:16:06Z,202,57316622XXXX,TRK-NB-07,UNMAPPED_TRUNK,2026-09-28T17:33:06Z,false
REJ-20260928-3115,RAW-20260928-TRK-NB-07-03115,2026-09-28T17:16:11Z,242,57352726XXXX,TRK-NB-07,UNMAPPED_TRUNK,2026-09-28T17:33:11Z,false
REJ-20260928-2862,RAW-20260928-TRK-NB-07-02862,2026-09-28T17:24:23Z,472,57384500XXXX,TRK-NB-07,UNMAPPED_TRUNK,2026-09-28T17:41:23Z,false
REJ-20260928-2859,RAW-20260928-TRK-NB-07-02859,2026-09-28T17:27:28Z,265,57330373XXXX,TRK-NB-07,UNMAPPED_TRUNK,2026-09-28T17:44:28Z,false
REJ-20260928-2938,RAW-20260928-TRK-NB-07-02938,2026-09-28T17:28:40Z,58,57301599XXXX,TRK-NB-07,UNMAPPED_TRUNK,2026-09-28T17:45:40Z,false
REJ-20260928-3041,RAW-20260928-TRK-NB-07-03041,2026-09-28T17:44:05Z,17,57323219XXXX,TRK-NB-07,UNMAPPED_TRUNK,2026-09-28T18:01:05Z,false
REJ-20260928-2833,RAW-20260928-TRK-NB-07-02833,2026-09-28T17:45:55Z,483,57336115XXXX,TRK-NB-07,UNMAPPED_TRUNK,2026-09-28T18:02:55Z,false
REJ-20260928-2838,RAW-20260928-TRK-NB-07-02838,2026-09-28T17:45:58Z,101,57356001XXXX,TRK-NB-07,UNMAPPED_TRUNK,2026-09-28T18:02:58Z,false
REJ-20260928-3023,RAW-20260928-TRK-NB-07-03023,2026-09-28T17:46:36Z,166,57349459XXXX,TRK-NB-07,UNMAPPED_TRUNK,2026-09-28T18:03:36Z,false
REJ-20260928-3038,RAW-20260928-TRK-NB-07-03038,2026-09-28T17:51:27Z,73,57392306XXXX,TRK-NB-07,UNMAPPED_TRUNK,2026-09-28T18:08:27Z,false
REJ-20260928-3151,RAW-20260928-TRK-NB-07-03151,2026-09-28T18:00:45Z,34,57320503XXXX,TRK-NB-07,UNMAPPED_TRUNK,2026-09-28T18:17:45Z,false
REJ-20260928-2942,RAW-20260928-TRK-NB-07-02942,2026-09-28T18:01:33Z,297,57331052XXXX,TRK-NB-07,UNMAPPED_TRUNK,2026-09-28T18:18:33Z,false
REJ-20260928-3130,RAW-20260928-TRK-NB-07-03130,2026-09-28T18:08:43Z,7,57354405XXXX,TRK-NB-07,UNMAPPED_TRUNK,2026-09-28T18:25:43Z,false
REJ-20260928-2827,RAW-20260928-TRK-NB-07-02827,2026-09-28T18:09:04Z,296,57384291XXXX,TRK-NB-07,UNMAPPED_TRUNK,2026-09-28T18:26:04Z,false
REJ-20260928-3190,RAW-20260928-TRK-NB-07-03190,2026-09-28T18:10:31Z,37,57320160XXXX,TRK-NB-07,UNMAPPED_TRUNK,2026-09-28T18:27:31Z,false
REJ-20260928-3103,RAW-20260928-TRK-NB-07-03103,2026-09-28T18:21:10Z,669,57318563XXXX,TRK-NB-07,UNMAPPED_TRUNK,2026-09-28T18:38:10Z,false
REJ-20260928-3187,RAW-20260928-TRK-NB-07-03187,2026-09-28T18:22:54Z,77,57353058XXXX,TRK-NB-07,UNMAPPED_TRUNK,2026-09-28T18:39:54Z,false
REJ-20260928-2807,RAW-20260928-TRK-NB-07-02807,2026-09-28T18:25:28Z,877,57316203XXXX,TRK-NB-07,UNMAPPED_TRUNK,2026-09-28T18:42:28Z,false
REJ-20260928-2890,RAW-20260928-TRK-NB-07-02890,2026-09-28T18:33:37Z,68,57324587XXXX,TRK-NB-07,UNMAPPED_TRUNK,2026-09-28T18:50:37Z,false
REJ-20260928-2875,RAW-20260928-TRK-NB-07-02875,2026-09-28T18:35:39Z,408,57337439XXXX,TRK-NB-07,UNMAPPED_TRUNK,2026-09-28T18:52:39Z,false
REJ-20260928-3112,RAW-20260928-TRK-NB-07-03112,2026-09-28T18:39:31Z,786,57338044XXXX,TRK-NB-07,UNMAPPED_TRUNK,2026-09-28T18:56:31Z,false
REJ-20260928-2934,RAW-20260928-TRK-NB-07-02934,2026-09-28T18:40:04Z,33,57364887XXXX,TRK-NB-07,UNMAPPED_TRUNK,2026-09-28T18:57:04Z,false
REJ-20260928-3051,RAW-20260928-TRK-NB-07-03051,2026-09-28T18:40:08Z,23,57306214XXXX,TRK-NB-07,UNMAPPED_TRUNK,2026-09-28T18:57:08Z,false
REJ-20260928-3179,RAW-20260928-TRK-NB-07-03179,2026-09-28T18:42:30Z,379,57332016XXXX,TRK-NB-07,UNMAPPED_TRUNK,2026-09-28T18:59:30Z,false
REJ-20260928-3009,RAW-20260928-TRK-NB-07-03009,2026-09-28T18:43:07Z,20,57353500XXXX,TRK-NB-07,UNMAPPED_TRUNK,2026-09-28T19:00:07Z,false
REJ-20260928-2986,RAW-20260928-TRK-NB-07-02986,2026-09-28T18:52:17Z,28,57329620XXXX,TRK-NB-07,UNMAPPED_TRUNK,2026-09-28T19:09:17Z,false
REJ-20260928-3174,RAW-20260928-TRK-NB-07-03174,2026-09-28T18:54:11Z,22,57382977XXXX,TRK-NB-07,UNMAPPED_TRUNK,2026-09-28T19:11:11Z,false
REJ-20260928-3007,RAW-20260928-TRK-NB-07-03007,2026-09-28T19:03:22Z,66,57318829XXXX,TRK-NB-07,UNMAPPED_TRUNK,2026-09-28T19:20:22Z,false
REJ-20260928-2953,RAW-20260928-TRK-NB-07-02953,2026-09-28T19:04:44Z,262,57396488XXXX,TRK-NB-07,UNMAPPED_TRUNK,2026-09-28T19:21:44Z,false
REJ-20260928-3071,RAW-20260928-TRK-NB-07-03071,2026-09-28T19:10:23Z,4,57391586XXXX,TRK-NB-07,UNMAPPED_TRUNK,2026-09-28T19:27:23Z,false
REJ-20260928-2929,RAW-20260928-TRK-NB-07-02929,2026-09-28T19:12:22Z,32,57322239XXXX,TRK-NB-07,UNMAPPED_TRUNK,2026-09-28T19:29:22Z,false
REJ-20260928-3107,RAW-20260928-TRK-NB-07-03107,2026-09-28T19:13:13Z,39,57303878XXXX,TRK-NB-07,UNMAPPED_TRUNK,2026-09-28T19:30:13Z,false
REJ-20260928-2974,RAW-20260928-TRK-NB-07-02974,2026-09-28T19:15:31Z,46,57317832XXXX,TRK-NB-07,UNMAPPED_TRUNK,2026-09-28T19:32:31Z,false
REJ-20260928-2964,RAW-20260928-TRK-NB-07-02964,2026-09-28T19:15:54Z,90,57366151XXXX,TRK-NB-07,UNMAPPED_TRUNK,2026-09-28T19:32:54Z,false
REJ-20260928-2931,RAW-20260928-TRK-NB-07-02931,2026-09-28T19:16:36Z,143,57340162XXXX,TRK-NB-07,UNMAPPED_TRUNK,2026-09-28T19:33:36Z,false
REJ-20260928-2981,RAW-20260928-TRK-NB-07-02981,2026-09-28T19:18:57Z,784,57354090XXXX,TRK-NB-07,UNMAPPED_TRUNK,2026-09-28T19:35:57Z,false
REJ-20260928-2804,RAW-20260928-TRK-NB-07-02804,2026-09-28T19:22:12Z,133,57382328XXXX,TRK-NB-07,UNMAPPED_TRUNK,2026-09-28T19:39:12Z,false
REJ-20260928-2918,RAW-20260928-TRK-NB-07-02918,2026-09-28T19:24:15Z,86,57366111XXXX,TRK-NB-07,UNMAPPED_TRUNK,2026-09-28T19:41:15Z,false
REJ-20260928-2877,RAW-20260928-TRK-NB-07-02877,2026-09-28T19:35:29Z,241,57365089XXXX,TRK-NB-07,UNMAPPED_TRUNK,2026-09-28T19:52:29Z,false
REJ-20260928-2989,RAW-20260928-TRK-NB-07-02989,2026-09-28T19:35:45Z,6,57397455XXXX,TRK-NB-07,UNMAPPED_TRUNK,2026-09-28T19:52:45Z,false
REJ-20260928-2854,RAW-20260928-TRK-NB-07-02854,2026-09-28T19:36:32Z,42,57371313XXXX,TRK-NB-07,UNMAPPED_TRUNK,2026-09-28T19:53:32Z,false
REJ-20260928-2946,RAW-20260928-TRK-NB-07-02946,2026-09-28T19:38:55Z,373,57371267XXXX,TRK-NB-07,UNMAPPED_TRUNK,2026-09-28T19:55:55Z,false
REJ-20260928-3109,RAW-20260928-TRK-NB-07-03109,2026-09-28T19:42:08Z,15,57307697XXXX,TRK-NB-07,UNMAPPED_TRUNK,2026-09-28T19:59:08Z,false
REJ-20260928-3131,RAW-20260928-TRK-NB-07-03131,2026-09-28T19:51:13Z,82,57325403XXXX,TRK-NB-07,UNMAPPED_TRUNK,2026-09-28T20:08:13Z,false
REJ-20260928-2870,RAW-20260928-TRK-NB-07-02870,2026-09-28T20:08:22Z,168,57331137XXXX,TRK-NB-07,UNMAPPED_TRUNK,2026-09-28T20:25:22Z,false
REJ-20260928-3140,RAW-20260928-TRK-NB-07-03140,2026-09-28T20:10:12Z,57,57315028XXXX,TRK-NB-07,UNMAPPED_TRUNK,2026-09-28T20:27:12Z,false
REJ-20260928-2903,RAW-20260928-TRK-NB-07-02903,2026-09-28T20:12:59Z,581,57358748XXXX,TRK-NB-07,UNMAPPED_TRUNK,2026-09-28T20:29:59Z,false
REJ-20260928-3014,RAW-20260928-TRK-NB-07-03014,2026-09-28T20:19:16Z,12,57386879XXXX,TRK-NB-07,UNMAPPED_TRUNK,2026-09-28T20:36:16Z,false
REJ-20260928-2869,RAW-20260928-TRK-NB-07-02869,2026-09-28T20:21:27Z,871,57386858XXXX,TRK-NB-07,UNMAPPED_TRUNK,2026-09-28T20:38:27Z,false
REJ-20260928-3002,RAW-20260928-TRK-NB-07-03002,2026-09-28T20:23:00Z,9,57343360XXXX,TRK-NB-07,UNMAPPED_TRUNK,2026-09-28T20:40:00Z,false
REJ-20260928-2982,RAW-20260928-TRK-NB-07-02982,2026-09-28T20:26:31Z,297,57379688XXXX,TRK-NB-07,UNMAPPED_TRUNK,2026-09-28T20:43:31Z,false
REJ-20260928-2951,RAW-20260928-TRK-NB-07-02951,2026-09-28T20:27:04Z,291,57345809XXXX,TRK-NB-07,UNMAPPED_TRUNK,2026-09-28T20:44:04Z,false
REJ-20260928-3087,RAW-20260928-TRK-NB-07-03087,2026-09-28T20:31:46Z,171,57363214XXXX,TRK-NB-07,UNMAPPED_TRUNK,2026-09-28T20:48:46Z,false
REJ-20260928-2956,RAW-20260928-TRK-NB-07-02956,2026-09-28T20:33:35Z,7,57371821XXXX,TRK-NB-07,UNMAPPED_TRUNK,2026-09-28T20:50:35Z,false
REJ-20260928-3005,RAW-20260928-TRK-NB-07-03005,2026-09-28T20:34:01Z,198,57323998XXXX,TRK-NB-07,UNMAPPED_TRUNK,2026-09-28T20:51:01Z,false
REJ-20260928-3160,RAW-20260928-TRK-NB-07-03160,2026-09-28T20:36:08Z,294,57338461XXXX,TRK-NB-07,UNMAPPED_TRUNK,2026-09-28T20:53:08Z,false
REJ-20260928-2900,RAW-20260928-TRK-NB-07-02900,2026-09-28T20:36:33Z,312,57347045XXXX,TRK-NB-07,UNMAPPED_TRUNK,2026-09-28T20:53:33Z,false
REJ-20260928-3076,RAW-20260928-TRK-NB-07-03076,2026-09-28T20:37:47Z,24,57340299XXXX,TRK-NB-07,UNMAPPED_TRUNK,2026-09-28T20:54:47Z,false
REJ-20260928-2912,RAW-20260928-TRK-NB-07-02912,2026-09-28T20:41:23Z,14,57308240XXXX,TRK-NB-07,UNMAPPED_TRUNK,2026-09-28T20:58:23Z,false
REJ-20260928-2933,RAW-20260928-TRK-NB-07-02933,2026-09-28T20:41:54Z,250,57343310XXXX,TRK-NB-07,UNMAPPED_TRUNK,2026-09-28T20:58:54Z,false
REJ-20260928-2995,RAW-20260928-TRK-NB-07-02995,2026-09-28T20:44:06Z,11,57396883XXXX,TRK-NB-07,UNMAPPED_TRUNK,2026-09-28T21:01:06Z,false
REJ-20260928-3144,RAW-20260928-TRK-NB-07-03144,2026-09-28T21:04:00Z,58,57369609XXXX,TRK-NB-07,UNMAPPED_TRUNK,2026-09-28T21:21:00Z,false
REJ-20260928-2816,RAW-20260928-TRK-NB-07-02816,2026-09-28T21:04:31Z,32,57397659XXXX,TRK-NB-07,UNMAPPED_TRUNK,2026-09-28T21:21:31Z,false
REJ-20260928-2811,RAW-20260928-TRK-NB-07-02811,2026-09-28T21:10:34Z,182,57354867XXXX,TRK-NB-07,UNMAPPED_TRUNK,2026-09-28T21:27:34Z,false
REJ-20260928-2979,RAW-20260928-TRK-NB-07-02979,2026-09-28T21:13:22Z,407,57302875XXXX,TRK-NB-07,UNMAPPED_TRUNK,2026-09-28T21:30:22Z,false
REJ-20260928-2940,RAW-20260928-TRK-NB-07-02940,2026-09-28T21:13:57Z,244,57300181XXXX,TRK-NB-07,UNMAPPED_TRUNK,2026-09-28T21:30:57Z,false
REJ-20260928-3031,RAW-20260928-TRK-NB-07-03031,2026-09-28T21:20:03Z,748,57323784XXXX,TRK-NB-07,UNMAPPED_TRUNK,2026-09-28T21:37:03Z,false
REJ-20260928-2849,RAW-20260928-TRK-NB-07-02849,2026-09-28T21:25:54Z,38,57348913XXXX,TRK-NB-07,UNMAPPED_TRUNK,2026-09-28T21:42:54Z,false
REJ-20260928-2928,RAW-20260928-TRK-NB-07-02928,2026-09-28T21:27:00Z,10,57368358XXXX,TRK-NB-07,UNMAPPED_TRUNK,2026-09-28T21:44:00Z,false
REJ-20260928-2831,RAW-20260928-TRK-NB-07-02831,2026-09-28T21:27:19Z,50,57363065XXXX,TRK-NB-07,UNMAPPED_TRUNK,2026-09-28T21:44:19Z,false
REJ-20260928-2984,RAW-20260928-TRK-NB-07-02984,2026-09-28T21:30:13Z,50,57351934XXXX,TRK-NB-07,UNMAPPED_TRUNK,2026-09-28T21:47:13Z,false
REJ-20260928-3117,RAW-20260928-TRK-NB-07-03117,2026-09-28T21:42:17Z,154,57328267XXXX,TRK-NB-07,UNMAPPED_TRUNK,2026-09-28T21:59:17Z,false
REJ-20260928-2832,RAW-20260928-TRK-NB-07-02832,2026-09-28T21:56:02Z,155,57306333XXXX,TRK-NB-07,UNMAPPED_TRUNK,2026-09-28T22:13:02Z,false
REJ-20260928-3055,RAW-20260928-TRK-NB-07-03055,2026-09-28T22:03:51Z,19,57352744XXXX,TRK-NB-07,UNMAPPED_TRUNK,2026-09-28T22:20:51Z,false
REJ-20260928-2988,RAW-20260928-TRK-NB-07-02988,2026-09-28T22:04:54Z,164,57314717XXXX,TRK-NB-07,UNMAPPED_TRUNK,2026-09-28T22:21:54Z,false
REJ-20260928-2880,RAW-20260928-TRK-NB-07-02880,2026-09-28T22:08:56Z,139,57339017XXXX,TRK-NB-07,UNMAPPED_TRUNK,2026-09-28T22:25:56Z,false
REJ-20260928-3084,RAW-20260928-TRK-NB-07-03084,2026-09-28T22:10:01Z,172,57359925XXXX,TRK-NB-07,UNMAPPED_TRUNK,2026-09-28T22:27:01Z,false
REJ-20260928-3058,RAW-20260928-TRK-NB-07-03058,2026-09-28T22:10:44Z,8,57387523XXXX,TRK-NB-07,UNMAPPED_TRUNK,2026-09-28T22:27:44Z,false
REJ-20260928-3003,RAW-20260928-TRK-NB-07-03003,2026-09-28T22:11:05Z,13,57383900XXXX,TRK-NB-07,UNMAPPED_TRUNK,2026-09-28T22:28:05Z,false
REJ-20260928-3157,RAW-20260928-TRK-NB-07-03157,2026-09-28T22:13:01Z,8,57339058XXXX,TRK-NB-07,UNMAPPED_TRUNK,2026-09-28T22:30:01Z,false
REJ-20260928-3188,RAW-20260928-TRK-NB-07-03188,2026-09-28T22:13:45Z,74,57371227XXXX,TRK-NB-07,UNMAPPED_TRUNK,2026-09-28T22:30:45Z,false
REJ-20260928-3026,RAW-20260928-TRK-NB-07-03026,2026-09-28T22:17:40Z,47,57339483XXXX,TRK-NB-07,UNMAPPED_TRUNK,2026-09-28T22:34:40Z,false
REJ-20260928-2897,RAW-20260928-TRK-NB-07-02897,2026-09-28T22:19:26Z,23,57330899XXXX,TRK-NB-07,UNMAPPED_TRUNK,2026-09-28T22:36:26Z,false
REJ-20260928-3086,RAW-20260928-TRK-NB-07-03086,2026-09-28T22:21:19Z,58,57335850XXXX,TRK-NB-07,UNMAPPED_TRUNK,2026-09-28T22:38:19Z,false
REJ-20260928-3110,RAW-20260928-TRK-NB-07-03110,2026-09-28T22:22:52Z,83,57382368XXXX,TRK-NB-07,UNMAPPED_TRUNK,2026-09-28T22:39:52Z,false
REJ-20260928-2817,RAW-20260928-TRK-NB-07-02817,2026-09-28T22:28:05Z,206,57323048XXXX,TRK-NB-07,UNMAPPED_TRUNK,2026-09-28T22:45:05Z,false
REJ-20260928-3166,RAW-20260928-TRK-NB-07-03166,2026-09-28T22:43:11Z,354,57359764XXXX,TRK-NB-07,UNMAPPED_TRUNK,2026-09-28T23:00:11Z,false
REJ-20260928-3029,RAW-20260928-TRK-NB-07-03029,2026-09-28T22:44:26Z,18,57331193XXXX,TRK-NB-07,UNMAPPED_TRUNK,2026-09-28T23:01:26Z,false
REJ-20260928-3145,RAW-20260928-TRK-NB-07-03145,2026-09-28T22:44:39Z,185,57312950XXXX,TRK-NB-07,UNMAPPED_TRUNK,2026-09-28T23:01:39Z,false
REJ-20260928-3043,RAW-20260928-TRK-NB-07-03043,2026-09-28T22:52:44Z,21,57323217XXXX,TRK-NB-07,UNMAPPED_TRUNK,2026-09-28T23:09:44Z,false
REJ-20260928-2812,RAW-20260928-TRK-NB-07-02812,2026-09-28T22:57:18Z,1102,57340943XXXX,TRK-NB-07,UNMAPPED_TRUNK,2026-09-28T23:14:18Z,false
REJ-20260928-2913,RAW-20260928-TRK-NB-07-02913,2026-09-28T22:58:37Z,199,57364380XXXX,TRK-NB-07,UNMAPPED_TRUNK,2026-09-28T23:15:37Z,false
REJ-20260928-3150,RAW-20260928-TRK-NB-07-03150,2026-09-28T23:02:02Z,2,57303441XXXX,TRK-NB-07,UNMAPPED_TRUNK,2026-09-28T23:19:02Z,false
REJ-20260928-2891,RAW-20260928-TRK-NB-07-02891,2026-09-28T23:06:59Z,11,57337586XXXX,TRK-NB-07,UNMAPPED_TRUNK,2026-09-28T23:23:59Z,false
REJ-20260928-2962,RAW-20260928-TRK-NB-07-02962,2026-09-28T23:08:43Z,15,57332088XXXX,TRK-NB-07,UNMAPPED_TRUNK,2026-09-28T23:25:43Z,false
REJ-20260928-2895,RAW-20260928-TRK-NB-07-02895,2026-09-28T23:14:49Z,51,57394909XXXX,TRK-NB-07,UNMAPPED_TRUNK,2026-09-28T23:31:49Z,false
REJ-20260928-3010,RAW-20260928-TRK-NB-07-03010,2026-09-28T23:15:33Z,27,57321446XXXX,TRK-NB-07,UNMAPPED_TRUNK,2026-09-28T23:32:33Z,false
REJ-20260928-2822,RAW-20260928-TRK-NB-07-02822,2026-09-28T23:18:29Z,27,57302108XXXX,TRK-NB-07,UNMAPPED_TRUNK,2026-09-28T23:35:29Z,false
REJ-20260928-2820,RAW-20260928-TRK-NB-07-02820,2026-09-28T23:20:09Z,27,57305250XXXX,TRK-NB-07,UNMAPPED_TRUNK,2026-09-28T23:37:09Z,false
REJ-20260928-3021,RAW-20260928-TRK-NB-07-03021,2026-09-28T23:28:56Z,199,57333831XXXX,TRK-NB-07,UNMAPPED_TRUNK,2026-09-28T23:45:56Z,false
REJ-20260928-3062,RAW-20260928-TRK-NB-07-03062,2026-09-28T23:29:14Z,102,57359350XXXX,TRK-NB-07,UNMAPPED_TRUNK,2026-09-28T23:46:14Z,false
REJ-20260928-2923,RAW-20260928-TRK-NB-07-02923,2026-09-28T23:31:49Z,23,57303530XXXX,TRK-NB-07,UNMAPPED_TRUNK,2026-09-28T23:48:49Z,false
REJ-20260928-3069,RAW-20260928-TRK-NB-07-03069,2026-09-28T23:35:48Z,38,57364218XXXX,TRK-NB-07,UNMAPPED_TRUNK,2026-09-28T23:52:48Z,false
REJ-20260928-3068,RAW-20260928-TRK-NB-07-03068,2026-09-28T23:37:58Z,49,57311485XXXX,TRK-NB-07,UNMAPPED_TRUNK,2026-09-28T23:54:58Z,false
REJ-20260928-2998,RAW-20260928-TRK-NB-07-02998,2026-09-28T23:39:40Z,816,57349621XXXX,TRK-NB-07,UNMAPPED_TRUNK,2026-09-28T23:56:40Z,false
REJ-20260928-3148,RAW-20260928-TRK-NB-07-03148,2026-09-28T23:43:28Z,2,57315063XXXX,TRK-NB-07,UNMAPPED_TRUNK,2026-09-29T00:00:28Z,false
REJ-20260928-2916,RAW-20260928-TRK-NB-07-02916,2026-09-28T23:48:47Z,39,57379266XXXX,TRK-NB-07,UNMAPPED_TRUNK,2026-09-29T00:05:47Z,false
REJ-20260928-2978,RAW-20260928-TRK-NB-07-02978,2026-09-28T23:55:32Z,60,57361285XXXX,TRK-NB-07,UNMAPPED_TRUNK,2026-09-29T00:12:32Z,false
REJ-20260928-3198,RAW-20260928-TRK-NB-07-03198,2026-09-28T23:56:40Z,15,57367759XXXX,TRK-NB-07,UNMAPPED_TRUNK,2026-09-29T00:13:40Z,false
REJ-20260928-3199,RAW-20260928-TRK-NB-07-03199,2026-09-28T23:56:59Z,476,57329321XXXX,TRK-NB-07,UNMAPPED_TRUNK,2026-09-29T00:13:59Z,false
REJ-20260928-3091,RAW-20260928-TRK-NB-07-03091,2026-09-28T23:57:42Z,106,57377480XXXX,TRK-NB-07,UNMAPPED_TRUNK,2026-09-29T00:14:42Z,false
REJ-20260928-2915,RAW-20260928-TRK-NB-07-02915,2026-09-28T23:58:48Z,27,57332657XXXX,TRK-NB-07,UNMAPPED_TRUNK,2026-09-29T00:15:48Z,false
REJ-20260928-3124,RAW-20260928-TRK-NB-07-03124,2026-09-28T23:59:18Z,274,57373852XXXX,TRK-NB-07,UNMAPPED_TRUNK,2026-09-29T00:16:18Z,false
REJ-20260929-3596,RAW-20260929-TRK-NB-07-03596,2026-09-29T00:02:39Z,448,57374785XXXX,TRK-NB-07,UNMAPPED_TRUNK,2026-09-29T00:19:39Z,false
REJ-20260929-3541,RAW-20260929-TRK-NB-07-03541,2026-09-29T00:05:04Z,79,57389903XXXX,TRK-NB-07,UNMAPPED_TRUNK,2026-09-29T00:22:04Z,false
REJ-20260929-3390,RAW-20260929-TRK-NB-07-03390,2026-09-29T00:10:04Z,5,57373844XXXX,TRK-NB-07,UNMAPPED_TRUNK,2026-09-29T00:27:04Z,false
REJ-20260929-3478,RAW-20260929-TRK-NB-07-03478,2026-09-29T00:10:56Z,133,57328976XXXX,TRK-NB-07,UNMAPPED_TRUNK,2026-09-29T00:27:56Z,false
REJ-20260929-3223,RAW-20260929-TRK-NB-07-03223,2026-09-29T00:16:26Z,44,57376396XXXX,TRK-NB-07,UNMAPPED_TRUNK,2026-09-29T00:33:26Z,false
REJ-20260929-3291,RAW-20260929-TRK-NB-07-03291,2026-09-29T00:22:01Z,88,57319554XXXX,TRK-NB-07,UNMAPPED_TRUNK,2026-09-29T00:39:01Z,false
REJ-20260929-3456,RAW-20260929-TRK-NB-07-03456,2026-09-29T00:23:52Z,47,57332925XXXX,TRK-NB-07,UNMAPPED_TRUNK,2026-09-29T00:40:52Z,false
REJ-20260929-3516,RAW-20260929-TRK-NB-07-03516,2026-09-29T00:29:06Z,582,57399321XXXX,TRK-NB-07,UNMAPPED_TRUNK,2026-09-29T00:46:06Z,false
REJ-20260929-3409,RAW-20260929-TRK-NB-07-03409,2026-09-29T00:31:06Z,3,57351778XXXX,TRK-NB-07,UNMAPPED_TRUNK,2026-09-29T00:48:06Z,false
REJ-20260929-3439,RAW-20260929-TRK-NB-07-03439,2026-09-29T00:33:50Z,102,57338717XXXX,TRK-NB-07,UNMAPPED_TRUNK,2026-09-29T00:50:50Z,false
REJ-20260929-3331,RAW-20260929-TRK-NB-07-03331,2026-09-29T00:35:17Z,327,57371026XXXX,TRK-NB-07,UNMAPPED_TRUNK,2026-09-29T00:52:17Z,false
REJ-20260929-3406,RAW-20260929-TRK-NB-07-03406,2026-09-29T00:38:03Z,50,57310064XXXX,TRK-NB-07,UNMAPPED_TRUNK,2026-09-29T00:55:03Z,false
REJ-20260929-3312,RAW-20260929-TRK-NB-07-03312,2026-09-29T00:40:45Z,51,57314908XXXX,TRK-NB-07,UNMAPPED_TRUNK,2026-09-29T00:57:45Z,false
REJ-20260929-3484,RAW-20260929-TRK-NB-07-03484,2026-09-29T00:49:07Z,1364,57355966XXXX,TRK-NB-07,UNMAPPED_TRUNK,2026-09-29T01:06:07Z,false
REJ-20260929-3205,RAW-20260929-TRK-NB-07-03205,2026-09-29T00:55:51Z,5,57386220XXXX,TRK-NB-07,UNMAPPED_TRUNK,2026-09-29T01:12:51Z,false
REJ-20260929-3405,RAW-20260929-TRK-NB-07-03405,2026-09-29T00:57:35Z,184,57319890XXXX,TRK-NB-07,UNMAPPED_TRUNK,2026-09-29T01:14:35Z,false
REJ-20260929-3263,RAW-20260929-TRK-NB-07-03263,2026-09-29T01:02:56Z,89,57390159XXXX,TRK-NB-07,UNMAPPED_TRUNK,2026-09-29T01:19:56Z,false
REJ-20260929-3283,RAW-20260929-TRK-NB-07-03283,2026-09-29T01:08:33Z,277,57390078XXXX,TRK-NB-07,UNMAPPED_TRUNK,2026-09-29T01:25:33Z,false
REJ-20260929-3262,RAW-20260929-TRK-NB-07-03262,2026-09-29T01:09:24Z,140,57383625XXXX,TRK-NB-07,UNMAPPED_TRUNK,2026-09-29T01:26:24Z,false
REJ-20260929-3438,RAW-20260929-TRK-NB-07-03438,2026-09-29T01:10:57Z,278,57391834XXXX,TRK-NB-07,UNMAPPED_TRUNK,2026-09-29T01:27:57Z,false
REJ-20260929-3209,RAW-20260929-TRK-NB-07-03209,2026-09-29T01:14:00Z,40,57308952XXXX,TRK-NB-07,UNMAPPED_TRUNK,2026-09-29T01:31:00Z,false
REJ-20260929-3584,RAW-20260929-TRK-NB-07-03584,2026-09-29T01:18:44Z,43,57371554XXXX,TRK-NB-07,UNMAPPED_TRUNK,2026-09-29T01:35:44Z,false
REJ-20260929-3211,RAW-20260929-TRK-NB-07-03211,2026-09-29T01:28:15Z,189,57370258XXXX,TRK-NB-07,UNMAPPED_TRUNK,2026-09-29T01:45:15Z,false
REJ-20260929-3254,RAW-20260929-TRK-NB-07-03254,2026-09-29T01:29:23Z,16,57398037XXXX,TRK-NB-07,UNMAPPED_TRUNK,2026-09-29T01:46:23Z,false
REJ-20260929-3269,RAW-20260929-TRK-NB-07-03269,2026-09-29T01:32:14Z,1343,57344251XXXX,TRK-NB-07,UNMAPPED_TRUNK,2026-09-29T01:49:14Z,false
REJ-20260929-3290,RAW-20260929-TRK-NB-07-03290,2026-09-29T01:34:13Z,2,57337923XXXX,TRK-NB-07,UNMAPPED_TRUNK,2026-09-29T01:51:13Z,false
REJ-20260929-3353,RAW-20260929-TRK-NB-07-03353,2026-09-29T01:35:27Z,16,57368720XXXX,TRK-NB-07,UNMAPPED_TRUNK,2026-09-29T01:52:27Z,false
REJ-20260929-3252,RAW-20260929-TRK-NB-07-03252,2026-09-29T01:39:55Z,5,57347885XXXX,TRK-NB-07,UNMAPPED_TRUNK,2026-09-29T01:56:55Z,false
REJ-20260929-3501,RAW-20260929-TRK-NB-07-03501,2026-09-29T01:50:57Z,524,57379786XXXX,TRK-NB-07,UNMAPPED_TRUNK,2026-09-29T02:07:57Z,false
REJ-20260929-3576,RAW-20260929-TRK-NB-07-03576,2026-09-29T01:51:30Z,636,57365201XXXX,TRK-NB-07,UNMAPPED_TRUNK,2026-09-29T02:08:30Z,false
REJ-20260929-3339,RAW-20260929-TRK-NB-07-03339,2026-09-29T01:51:56Z,723,57322251XXXX,TRK-NB-07,UNMAPPED_TRUNK,2026-09-29T02:08:56Z,false
REJ-20260929-3549,RAW-20260929-TRK-NB-07-03549,2026-09-29T01:52:19Z,6,57358703XXXX,TRK-NB-07,UNMAPPED_TRUNK,2026-09-29T02:09:19Z,false
REJ-20260929-3554,RAW-20260929-TRK-NB-07-03554,2026-09-29T01:58:04Z,212,57312426XXXX,TRK-NB-07,UNMAPPED_TRUNK,2026-09-29T02:15:04Z,false
REJ-20260929-3427,RAW-20260929-TRK-NB-07-03427,2026-09-29T01:58:37Z,580,57328070XXXX,TRK-NB-07,UNMAPPED_TRUNK,2026-09-29T02:15:37Z,false
REJ-20260929-3298,RAW-20260929-TRK-NB-07-03298,2026-09-29T02:21:01Z,28,57378136XXXX,TRK-NB-07,UNMAPPED_TRUNK,2026-09-29T02:38:01Z,false
REJ-20260929-3318,RAW-20260929-TRK-NB-07-03318,2026-09-29T02:28:11Z,117,57319342XXXX,TRK-NB-07,UNMAPPED_TRUNK,2026-09-29T02:45:11Z,false
REJ-20260929-3470,RAW-20260929-TRK-NB-07-03470,2026-09-29T02:29:26Z,15,57356416XXXX,TRK-NB-07,UNMAPPED_TRUNK,2026-09-29T02:46:26Z,false
REJ-20260929-3329,RAW-20260929-TRK-NB-07-03329,2026-09-29T02:30:15Z,74,57358302XXXX,TRK-NB-07,UNMAPPED_TRUNK,2026-09-29T02:47:15Z,false
REJ-20260929-3342,RAW-20260929-TRK-NB-07-03342,2026-09-29T02:33:34Z,5,57373640XXXX,TRK-NB-07,UNMAPPED_TRUNK,2026-09-29T02:50:34Z,false
REJ-20260929-3399,RAW-20260929-TRK-NB-07-03399,2026-09-29T02:39:07Z,14,57314690XXXX,TRK-NB-07,UNMAPPED_TRUNK,2026-09-29T02:56:07Z,false
REJ-20260929-3585,RAW-20260929-TRK-NB-07-03585,2026-09-29T02:42:59Z,30,57341145XXXX,TRK-NB-07,UNMAPPED_TRUNK,2026-09-29T02:59:59Z,false
REJ-20260929-3442,RAW-20260929-TRK-NB-07-03442,2026-09-29T02:55:52Z,94,57374855XXXX,TRK-NB-07,UNMAPPED_TRUNK,2026-09-29T03:12:52Z,false
REJ-20260929-3567,RAW-20260929-TRK-NB-07-03567,2026-09-29T03:06:44Z,60,57320706XXXX,TRK-NB-07,UNMAPPED_TRUNK,2026-09-29T03:23:44Z,false
REJ-20260929-3374,RAW-20260929-TRK-NB-07-03374,2026-09-29T03:11:12Z,118,57355950XXXX,TRK-NB-07,UNMAPPED_TRUNK,2026-09-29T03:28:12Z,false
REJ-20260929-3557,RAW-20260929-TRK-NB-07-03557,2026-09-29T03:13:03Z,117,57399353XXXX,TRK-NB-07,UNMAPPED_TRUNK,2026-09-29T03:30:03Z,false
REJ-20260929-3266,RAW-20260929-TRK-NB-07-03266,2026-09-29T03:20:24Z,90,57377031XXXX,TRK-NB-07,UNMAPPED_TRUNK,2026-09-29T03:37:24Z,false
REJ-20260929-3303,RAW-20260929-TRK-NB-07-03303,2026-09-29T03:35:39Z,30,57380250XXXX,TRK-NB-07,UNMAPPED_TRUNK,2026-09-29T03:52:39Z,false
REJ-20260929-3385,RAW-20260929-TRK-NB-07-03385,2026-09-29T03:35:49Z,473,57354811XXXX,TRK-NB-07,UNMAPPED_TRUNK,2026-09-29T03:52:49Z,false
REJ-20260929-3355,RAW-20260929-TRK-NB-07-03355,2026-09-29T03:41:41Z,374,57314667XXXX,TRK-NB-07,UNMAPPED_TRUNK,2026-09-29T03:58:41Z,false
REJ-20260929-3461,RAW-20260929-TRK-NB-07-03461,2026-09-29T03:42:09Z,542,57344819XXXX,TRK-NB-07,UNMAPPED_TRUNK,2026-09-29T03:59:09Z,false
REJ-20260929-3416,RAW-20260929-TRK-NB-07-03416,2026-09-29T03:48:32Z,83,57306697XXXX,TRK-NB-07,UNMAPPED_TRUNK,2026-09-29T04:05:32Z,false
REJ-20260929-3245,RAW-20260929-TRK-NB-07-03245,2026-09-29T03:50:29Z,71,57395395XXXX,TRK-NB-07,UNMAPPED_TRUNK,2026-09-29T04:07:29Z,false
REJ-20260929-3443,RAW-20260929-TRK-NB-07-03443,2026-09-29T03:50:37Z,25,57337285XXXX,TRK-NB-07,UNMAPPED_TRUNK,2026-09-29T04:07:37Z,false
REJ-20260929-3386,RAW-20260929-TRK-NB-07-03386,2026-09-29T03:51:56Z,57,57371412XXXX,TRK-NB-07,UNMAPPED_TRUNK,2026-09-29T04:08:56Z,false
REJ-20260929-3270,RAW-20260929-TRK-NB-07-03270,2026-09-29T03:54:38Z,95,57385233XXXX,TRK-NB-07,UNMAPPED_TRUNK,2026-09-29T04:11:38Z,false
REJ-20260929-3489,RAW-20260929-TRK-NB-07-03489,2026-09-29T03:56:30Z,296,57326733XXXX,TRK-NB-07,UNMAPPED_TRUNK,2026-09-29T04:13:30Z,false
REJ-20260929-3324,RAW-20260929-TRK-NB-07-03324,2026-09-29T03:56:35Z,389,57337677XXXX,TRK-NB-07,UNMAPPED_TRUNK,2026-09-29T04:13:35Z,false
REJ-20260929-3208,RAW-20260929-TRK-NB-07-03208,2026-09-29T04:02:38Z,95,57309170XXXX,TRK-NB-07,UNMAPPED_TRUNK,2026-09-29T04:19:38Z,false
REJ-20260929-3570,RAW-20260929-TRK-NB-07-03570,2026-09-29T04:05:19Z,12,57349678XXXX,TRK-NB-07,UNMAPPED_TRUNK,2026-09-29T04:22:19Z,false
REJ-20260929-3528,RAW-20260929-TRK-NB-07-03528,2026-09-29T04:08:02Z,43,57329888XXXX,TRK-NB-07,UNMAPPED_TRUNK,2026-09-29T04:25:02Z,false
REJ-20260929-3505,RAW-20260929-TRK-NB-07-03505,2026-09-29T04:13:35Z,56,57324121XXXX,TRK-NB-07,UNMAPPED_TRUNK,2026-09-29T04:30:35Z,false
REJ-20260929-3483,RAW-20260929-TRK-NB-07-03483,2026-09-29T04:16:45Z,57,57327347XXXX,TRK-NB-07,UNMAPPED_TRUNK,2026-09-29T04:33:45Z,false
REJ-20260929-3417,RAW-20260929-TRK-NB-07-03417,2026-09-29T04:22:11Z,44,57351290XXXX,TRK-NB-07,UNMAPPED_TRUNK,2026-09-29T04:39:11Z,false
REJ-20260929-3548,RAW-20260929-TRK-NB-07-03548,2026-09-29T04:24:54Z,29,57355522XXXX,TRK-NB-07,UNMAPPED_TRUNK,2026-09-29T04:41:54Z,false
REJ-20260929-3590,RAW-20260929-TRK-NB-07-03590,2026-09-29T04:27:40Z,88,57321839XXXX,TRK-NB-07,UNMAPPED_TRUNK,2026-09-29T04:44:40Z,false
REJ-20260929-3316,RAW-20260929-TRK-NB-07-03316,2026-09-29T04:30:25Z,47,57314928XXXX,TRK-NB-07,UNMAPPED_TRUNK,2026-09-29T04:47:25Z,false
REJ-20260929-3523,RAW-20260929-TRK-NB-07-03523,2026-09-29T04:39:28Z,99,57316020XXXX,TRK-NB-07,UNMAPPED_TRUNK,2026-09-29T04:56:28Z,false
REJ-20260929-3492,RAW-20260929-TRK-NB-07-03492,2026-09-29T04:41:05Z,34,57323706XXXX,TRK-NB-07,UNMAPPED_TRUNK,2026-09-29T04:58:05Z,false
REJ-20260929-3580,RAW-20260929-TRK-NB-07-03580,2026-09-29T04:45:38Z,24,57396126XXXX,TRK-NB-07,UNMAPPED_TRUNK,2026-09-29T05:02:38Z,false
REJ-20260929-3453,RAW-20260929-TRK-NB-07-03453,2026-09-29T04:47:29Z,743,57343786XXXX,TRK-NB-07,UNMAPPED_TRUNK,2026-09-29T05:04:29Z,false
REJ-20260929-3242,RAW-20260929-TRK-NB-07-03242,2026-09-29T04:48:20Z,214,57354813XXXX,TRK-NB-07,UNMAPPED_TRUNK,2026-09-29T05:05:20Z,false
REJ-20260929-3384,RAW-20260929-TRK-NB-07-03384,2026-09-29T04:53:51Z,55,57342067XXXX,TRK-NB-07,UNMAPPED_TRUNK,2026-09-29T05:10:51Z,false
REJ-20260929-3367,RAW-20260929-TRK-NB-07-03367,2026-09-29T04:54:08Z,56,57381595XXXX,TRK-NB-07,UNMAPPED_TRUNK,2026-09-29T05:11:08Z,false
REJ-20260929-3236,RAW-20260929-TRK-NB-07-03236,2026-09-29T04:55:34Z,40,57327859XXXX,TRK-NB-07,UNMAPPED_TRUNK,2026-09-29T05:12:34Z,false
REJ-20260929-3265,RAW-20260929-TRK-NB-07-03265,2026-09-29T05:00:27Z,37,57359262XXXX,TRK-NB-07,UNMAPPED_TRUNK,2026-09-29T05:17:27Z,false
REJ-20260929-3232,RAW-20260929-TRK-NB-07-03232,2026-09-29T05:00:33Z,31,57385442XXXX,TRK-NB-07,UNMAPPED_TRUNK,2026-09-29T05:17:33Z,false
REJ-20260929-3255,RAW-20260929-TRK-NB-07-03255,2026-09-29T05:02:28Z,25,57314589XXXX,TRK-NB-07,UNMAPPED_TRUNK,2026-09-29T05:19:28Z,false
REJ-20260929-3569,RAW-20260929-TRK-NB-07-03569,2026-09-29T05:03:54Z,124,57329070XXXX,TRK-NB-07,UNMAPPED_TRUNK,2026-09-29T05:20:54Z,false
REJ-20260929-3392,RAW-20260929-TRK-NB-07-03392,2026-09-29T05:04:24Z,13,57303006XXXX,TRK-NB-07,UNMAPPED_TRUNK,2026-09-29T05:21:24Z,false
REJ-20260929-3433,RAW-20260929-TRK-NB-07-03433,2026-09-29T05:07:16Z,372,57347446XXXX,TRK-NB-07,UNMAPPED_TRUNK,2026-09-29T05:24:16Z,false
REJ-20260929-3313,RAW-20260929-TRK-NB-07-03313,2026-09-29T05:08:39Z,79,57321990XXXX,TRK-NB-07,UNMAPPED_TRUNK,2026-09-29T05:25:39Z,false
REJ-20260929-3412,RAW-20260929-TRK-NB-07-03412,2026-09-29T05:16:54Z,46,57303291XXXX,TRK-NB-07,UNMAPPED_TRUNK,2026-09-29T05:33:54Z,false
REJ-20260929-3311,RAW-20260929-TRK-NB-07-03311,2026-09-29T05:23:29Z,42,57338603XXXX,TRK-NB-07,UNMAPPED_TRUNK,2026-09-29T05:40:29Z,false
REJ-20260929-3508,RAW-20260929-TRK-NB-07-03508,2026-09-29T05:23:33Z,40,57352000XXXX,TRK-NB-07,UNMAPPED_TRUNK,2026-09-29T05:40:33Z,false
REJ-20260929-3228,RAW-20260929-TRK-NB-07-03228,2026-09-29T05:27:51Z,32,57379862XXXX,TRK-NB-07,UNMAPPED_TRUNK,2026-09-29T05:44:51Z,false
REJ-20260929-3426,RAW-20260929-TRK-NB-07-03426,2026-09-29T05:34:30Z,91,57337421XXXX,TRK-NB-07,UNMAPPED_TRUNK,2026-09-29T05:51:30Z,false
REJ-20260929-3246,RAW-20260929-TRK-NB-07-03246,2026-09-29T05:42:34Z,45,57356614XXXX,TRK-NB-07,UNMAPPED_TRUNK,2026-09-29T05:59:34Z,false
REJ-20260929-3335,RAW-20260929-TRK-NB-07-03335,2026-09-29T05:48:06Z,63,57333324XXXX,TRK-NB-07,UNMAPPED_TRUNK,2026-09-29T06:05:06Z,false
REJ-20260929-3464,RAW-20260929-TRK-NB-07-03464,2026-09-29T05:52:28Z,310,57347453XXXX,TRK-NB-07,UNMAPPED_TRUNK,2026-09-29T06:09:28Z,false
REJ-20260929-3558,RAW-20260929-TRK-NB-07-03558,2026-09-29T05:57:49Z,697,57363941XXXX,TRK-NB-07,UNMAPPED_TRUNK,2026-09-29T06:14:49Z,false
REJ-20260929-3524,RAW-20260929-TRK-NB-07-03524,2026-09-29T06:00:20Z,25,57308704XXXX,TRK-NB-07,UNMAPPED_TRUNK,2026-09-29T06:17:20Z,false
REJ-20260929-3347,RAW-20260929-TRK-NB-07-03347,2026-09-29T06:04:52Z,36,57384115XXXX,TRK-NB-07,UNMAPPED_TRUNK,2026-09-29T06:21:52Z,false
REJ-20260929-3500,RAW-20260929-TRK-NB-07-03500,2026-09-29T06:07:34Z,16,57328056XXXX,TRK-NB-07,UNMAPPED_TRUNK,2026-09-29T06:24:34Z,false
REJ-20260929-3221,RAW-20260929-TRK-NB-07-03221,2026-09-29T06:09:41Z,53,57382615XXXX,TRK-NB-07,UNMAPPED_TRUNK,2026-09-29T06:26:41Z,false
REJ-20260929-3423,RAW-20260929-TRK-NB-07-03423,2026-09-29T06:10:51Z,99,57376380XXXX,TRK-NB-07,UNMAPPED_TRUNK,2026-09-29T06:27:51Z,false
REJ-20260929-3431,RAW-20260929-TRK-NB-07-03431,2026-09-29T06:14:53Z,38,57394533XXXX,TRK-NB-07,UNMAPPED_TRUNK,2026-09-29T06:31:53Z,false
REJ-20260929-3343,RAW-20260929-TRK-NB-07-03343,2026-09-29T06:18:27Z,1,57305077XXXX,TRK-NB-07,UNMAPPED_TRUNK,2026-09-29T06:35:27Z,false
REJ-20260929-3599,RAW-20260929-TRK-NB-07-03599,2026-09-29T06:26:54Z,259,57337025XXXX,TRK-NB-07,UNMAPPED_TRUNK,2026-09-29T06:43:54Z,false
REJ-20260929-3468,RAW-20260929-TRK-NB-07-03468,2026-09-29T06:28:21Z,244,57382027XXXX,TRK-NB-07,UNMAPPED_TRUNK,2026-09-29T06:45:21Z,false
REJ-20260929-3506,RAW-20260929-TRK-NB-07-03506,2026-09-29T06:32:17Z,47,57321456XXXX,TRK-NB-07,UNMAPPED_TRUNK,2026-09-29T06:49:17Z,false
REJ-20260929-3244,RAW-20260929-TRK-NB-07-03244,2026-09-29T06:36:17Z,31,57357504XXXX,TRK-NB-07,UNMAPPED_TRUNK,2026-09-29T06:53:17Z,false
REJ-20260929-3395,RAW-20260929-TRK-NB-07-03395,2026-09-29T06:37:03Z,237,57359981XXXX,TRK-NB-07,UNMAPPED_TRUNK,2026-09-29T06:54:03Z,false
REJ-20260929-3226,RAW-20260929-TRK-NB-07-03226,2026-09-29T06:39:28Z,24,57363926XXXX,TRK-NB-07,UNMAPPED_TRUNK,2026-09-29T06:56:28Z,false
REJ-20260929-3336,RAW-20260929-TRK-NB-07-03336,2026-09-29T06:43:42Z,55,57304198XXXX,TRK-NB-07,UNMAPPED_TRUNK,2026-09-29T07:00:42Z,false
REJ-20260929-3421,RAW-20260929-TRK-NB-07-03421,2026-09-29T06:47:59Z,161,57363981XXXX,TRK-NB-07,UNMAPPED_TRUNK,2026-09-29T07:04:59Z,false
REJ-20260929-3487,RAW-20260929-TRK-NB-07-03487,2026-09-29T06:50:42Z,39,57328294XXXX,TRK-NB-07,UNMAPPED_TRUNK,2026-09-29T07:07:42Z,false
REJ-20260929-3551,RAW-20260929-TRK-NB-07-03551,2026-09-29T07:01:34Z,124,57313780XXXX,TRK-NB-07,UNMAPPED_TRUNK,2026-09-29T07:18:34Z,false
REJ-20260929-3588,RAW-20260929-TRK-NB-07-03588,2026-09-29T07:02:11Z,25,57398915XXXX,TRK-NB-07,UNMAPPED_TRUNK,2026-09-29T07:19:11Z,false
REJ-20260929-3359,RAW-20260929-TRK-NB-07-03359,2026-09-29T07:12:03Z,66,57302347XXXX,TRK-NB-07,UNMAPPED_TRUNK,2026-09-29T07:29:03Z,false
REJ-20260929-3219,RAW-20260929-TRK-NB-07-03219,2026-09-29T07:17:56Z,183,57369441XXXX,TRK-NB-07,UNMAPPED_TRUNK,2026-09-29T07:34:56Z,false
REJ-20260929-3466,RAW-20260929-TRK-NB-07-03466,2026-09-29T07:18:39Z,33,57358862XXXX,TRK-NB-07,UNMAPPED_TRUNK,2026-09-29T07:35:39Z,false
REJ-20260929-3297,RAW-20260929-TRK-NB-07-03297,2026-09-29T07:20:11Z,20,57330939XXXX,TRK-NB-07,UNMAPPED_TRUNK,2026-09-29T07:37:11Z,false
REJ-20260929-3229,RAW-20260929-TRK-NB-07-03229,2026-09-29T07:20:38Z,366,57315799XXXX,TRK-NB-07,UNMAPPED_TRUNK,2026-09-29T07:37:38Z,false
REJ-20260929-3462,RAW-20260929-TRK-NB-07-03462,2026-09-29T07:23:00Z,369,57359479XXXX,TRK-NB-07,UNMAPPED_TRUNK,2026-09-29T07:40:00Z,false
REJ-20260929-3511,RAW-20260929-TRK-NB-07-03511,2026-09-29T07:25:58Z,331,57398038XXXX,TRK-NB-07,UNMAPPED_TRUNK,2026-09-29T07:42:58Z,false
REJ-20260929-3391,RAW-20260929-TRK-NB-07-03391,2026-09-29T07:28:50Z,27,57387895XXXX,TRK-NB-07,UNMAPPED_TRUNK,2026-09-29T07:45:50Z,false
REJ-20260929-3256,RAW-20260929-TRK-NB-07-03256,2026-09-29T07:29:09Z,229,57344801XXXX,TRK-NB-07,UNMAPPED_TRUNK,2026-09-29T07:46:09Z,false
REJ-20260929-3218,RAW-20260929-TRK-NB-07-03218,2026-09-29T07:33:00Z,7,57385391XXXX,TRK-NB-07,UNMAPPED_TRUNK,2026-09-29T07:50:00Z,false
REJ-20260929-3271,RAW-20260929-TRK-NB-07-03271,2026-09-29T07:34:11Z,1,57383311XXXX,TRK-NB-07,UNMAPPED_TRUNK,2026-09-29T07:51:11Z,false
REJ-20260929-3227,RAW-20260929-TRK-NB-07-03227,2026-09-29T07:34:35Z,43,57323981XXXX,TRK-NB-07,UNMAPPED_TRUNK,2026-09-29T07:51:35Z,false
REJ-20260929-3276,RAW-20260929-TRK-NB-07-03276,2026-09-29T07:35:44Z,20,57312578XXXX,TRK-NB-07,UNMAPPED_TRUNK,2026-09-29T07:52:44Z,false
REJ-20260929-3517,RAW-20260929-TRK-NB-07-03517,2026-09-29T07:36:05Z,13,57388213XXXX,TRK-NB-07,UNMAPPED_TRUNK,2026-09-29T07:53:05Z,false
REJ-20260929-3504,RAW-20260929-TRK-NB-07-03504,2026-09-29T07:37:26Z,391,57331525XXXX,TRK-NB-07,UNMAPPED_TRUNK,2026-09-29T07:54:26Z,false
REJ-20260929-3457,RAW-20260929-TRK-NB-07-03457,2026-09-29T07:38:35Z,124,57390522XXXX,TRK-NB-07,UNMAPPED_TRUNK,2026-09-29T07:55:35Z,false
REJ-20260929-3375,RAW-20260929-TRK-NB-07-03375,2026-09-29T07:38:47Z,13,57393801XXXX,TRK-NB-07,UNMAPPED_TRUNK,2026-09-29T07:55:47Z,false
REJ-20260929-3413,RAW-20260929-TRK-NB-07-03413,2026-09-29T07:38:47Z,42,57353292XXXX,TRK-NB-07,UNMAPPED_TRUNK,2026-09-29T07:55:47Z,false
REJ-20260929-3527,RAW-20260929-TRK-NB-07-03527,2026-09-29T07:40:08Z,14,57370130XXXX,TRK-NB-07,UNMAPPED_TRUNK,2026-09-29T07:57:08Z,false
REJ-20260929-3383,RAW-20260929-TRK-NB-07-03383,2026-09-29T07:41:43Z,15,57316979XXXX,TRK-NB-07,UNMAPPED_TRUNK,2026-09-29T07:58:43Z,false
REJ-20260929-3338,RAW-20260929-TRK-NB-07-03338,2026-09-29T07:48:46Z,48,57309537XXXX,TRK-NB-07,UNMAPPED_TRUNK,2026-09-29T08:05:46Z,false
REJ-20260929-3275,RAW-20260929-TRK-NB-07-03275,2026-09-29T07:54:32Z,40,57367836XXXX,TRK-NB-07,UNMAPPED_TRUNK,2026-09-29T08:11:32Z,false
REJ-20260929-3497,RAW-20260929-TRK-NB-07-03497,2026-09-29T07:56:01Z,74,57392199XXXX,TRK-NB-07,UNMAPPED_TRUNK,2026-09-29T08:13:01Z,false
REJ-20260929-3467,RAW-20260929-TRK-NB-07-03467,2026-09-29T07:58:31Z,51,57381940XXXX,TRK-NB-07,UNMAPPED_TRUNK,2026-09-29T08:15:31Z,false
REJ-20260929-3368,RAW-20260929-TRK-NB-07-03368,2026-09-29T07:58:56Z,537,57358765XXXX,TRK-NB-07,UNMAPPED_TRUNK,2026-09-29T08:15:56Z,false
REJ-20260929-3533,RAW-20260929-TRK-NB-07-03533,2026-09-29T08:03:09Z,207,57302257XXXX,TRK-NB-07,UNMAPPED_TRUNK,2026-09-29T08:20:09Z,false
REJ-20260929-3566,RAW-20260929-TRK-NB-07-03566,2026-09-29T08:05:03Z,51,57334834XXXX,TRK-NB-07,UNMAPPED_TRUNK,2026-09-29T08:22:03Z,false
REJ-20260929-3458,RAW-20260929-TRK-NB-07-03458,2026-09-29T08:06:47Z,39,57336873XXXX,TRK-NB-07,UNMAPPED_TRUNK,2026-09-29T08:23:47Z,false
REJ-20260929-3494,RAW-20260929-TRK-NB-07-03494,2026-09-29T08:08:23Z,94,57321052XXXX,TRK-NB-07,UNMAPPED_TRUNK,2026-09-29T08:25:23Z,false
REJ-20260929-3327,RAW-20260929-TRK-NB-07-03327,2026-09-29T08:08:50Z,120,57393532XXXX,TRK-NB-07,UNMAPPED_TRUNK,2026-09-29T08:25:50Z,false
REJ-20260929-3348,RAW-20260929-TRK-NB-07-03348,2026-09-29T08:12:38Z,273,57324232XXXX,TRK-NB-07,UNMAPPED_TRUNK,2026-09-29T08:29:38Z,false
REJ-20260929-3586,RAW-20260929-TRK-NB-07-03586,2026-09-29T08:13:42Z,62,57326797XXXX,TRK-NB-07,UNMAPPED_TRUNK,2026-09-29T08:30:42Z,false
REJ-20260929-3447,RAW-20260929-TRK-NB-07-03447,2026-09-29T08:20:37Z,53,57388215XXXX,TRK-NB-07,UNMAPPED_TRUNK,2026-09-29T08:37:37Z,false
REJ-20260929-3216,RAW-20260929-TRK-NB-07-03216,2026-09-29T08:24:05Z,63,57394525XXXX,TRK-NB-07,UNMAPPED_TRUNK,2026-09-29T08:41:05Z,false
REJ-20260929-3274,RAW-20260929-TRK-NB-07-03274,2026-09-29T08:25:25Z,878,57317895XXXX,TRK-NB-07,UNMAPPED_TRUNK,2026-09-29T08:42:25Z,false
REJ-20260929-3481,RAW-20260929-TRK-NB-07-03481,2026-09-29T08:33:58Z,154,57370217XXXX,TRK-NB-07,UNMAPPED_TRUNK,2026-09-29T08:50:58Z,false
REJ-20260929-3350,RAW-20260929-TRK-NB-07-03350,2026-09-29T08:35:06Z,480,57312094XXXX,TRK-NB-07,UNMAPPED_TRUNK,2026-09-29T08:52:06Z,false
REJ-20260929-3286,RAW-20260929-TRK-NB-07-03286,2026-09-29T08:39:05Z,3,57380949XXXX,TRK-NB-07,UNMAPPED_TRUNK,2026-09-29T08:56:05Z,false
REJ-20260929-3382,RAW-20260929-TRK-NB-07-03382,2026-09-29T08:44:38Z,37,57302401XXXX,TRK-NB-07,UNMAPPED_TRUNK,2026-09-29T09:01:38Z,false
REJ-20260929-3561,RAW-20260929-TRK-NB-07-03561,2026-09-29T08:47:18Z,67,57348715XXXX,TRK-NB-07,UNMAPPED_TRUNK,2026-09-29T09:04:18Z,false
REJ-20260929-3564,RAW-20260929-TRK-NB-07-03564,2026-09-29T08:54:51Z,25,57331231XXXX,TRK-NB-07,UNMAPPED_TRUNK,2026-09-29T09:11:51Z,false
REJ-20260929-3578,RAW-20260929-TRK-NB-07-03578,2026-09-29T08:56:32Z,811,57321290XXXX,TRK-NB-07,UNMAPPED_TRUNK,2026-09-29T09:13:32Z,false
REJ-20260929-3422,RAW-20260929-TRK-NB-07-03422,2026-09-29T08:58:50Z,406,57398524XXXX,TRK-NB-07,UNMAPPED_TRUNK,2026-09-29T09:15:50Z,false
REJ-20260929-3414,RAW-20260929-TRK-NB-07-03414,2026-09-29T09:15:48Z,291,57373157XXXX,TRK-NB-07,UNMAPPED_TRUNK,2026-09-29T09:32:48Z,false
REJ-20260929-3521,RAW-20260929-TRK-NB-07-03521,2026-09-29T09:18:11Z,37,57308370XXXX,TRK-NB-07,UNMAPPED_TRUNK,2026-09-29T09:35:11Z,false
REJ-20260929-3434,RAW-20260929-TRK-NB-07-03434,2026-09-29T09:21:04Z,232,57306837XXXX,TRK-NB-07,UNMAPPED_TRUNK,2026-09-29T09:38:04Z,false
REJ-20260929-3491,RAW-20260929-TRK-NB-07-03491,2026-09-29T09:21:08Z,12,57360466XXXX,TRK-NB-07,UNMAPPED_TRUNK,2026-09-29T09:38:08Z,false
REJ-20260929-3344,RAW-20260929-TRK-NB-07-03344,2026-09-29T09:22:54Z,29,57363476XXXX,TRK-NB-07,UNMAPPED_TRUNK,2026-09-29T09:39:54Z,false
REJ-20260929-3234,RAW-20260929-TRK-NB-07-03234,2026-09-29T09:23:29Z,57,57377624XXXX,TRK-NB-07,UNMAPPED_TRUNK,2026-09-29T09:40:29Z,false
REJ-20260929-3388,RAW-20260929-TRK-NB-07-03388,2026-09-29T09:23:53Z,201,57366925XXXX,TRK-NB-07,UNMAPPED_TRUNK,2026-09-29T09:40:53Z,false
REJ-20260929-3522,RAW-20260929-TRK-NB-07-03522,2026-09-29T09:29:33Z,53,57340783XXXX,TRK-NB-07,UNMAPPED_TRUNK,2026-09-29T09:46:33Z,false
REJ-20260929-3363,RAW-20260929-TRK-NB-07-03363,2026-09-29T09:32:55Z,303,57343213XXXX,TRK-NB-07,UNMAPPED_TRUNK,2026-09-29T09:49:55Z,false
REJ-20260929-3377,RAW-20260929-TRK-NB-07-03377,2026-09-29T09:35:29Z,305,57354406XXXX,TRK-NB-07,UNMAPPED_TRUNK,2026-09-29T09:52:29Z,false
REJ-20260929-3475,RAW-20260929-TRK-NB-07-03475,2026-09-29T09:57:14Z,169,57363009XXXX,TRK-NB-07,UNMAPPED_TRUNK,2026-09-29T10:14:14Z,false
REJ-20260929-3598,RAW-20260929-TRK-NB-07-03598,2026-09-29T09:58:57Z,21,57394953XXXX,TRK-NB-07,UNMAPPED_TRUNK,2026-09-29T10:15:57Z,false
REJ-20260929-3240,RAW-20260929-TRK-NB-07-03240,2026-09-29T10:11:41Z,662,57326457XXXX,TRK-NB-07,UNMAPPED_TRUNK,2026-09-29T10:28:41Z,false
REJ-20260929-3396,RAW-20260929-TRK-NB-07-03396,2026-09-29T10:12:14Z,12,57345118XXXX,TRK-NB-07,UNMAPPED_TRUNK,2026-09-29T10:29:14Z,false
REJ-20260929-3479,RAW-20260929-TRK-NB-07-03479,2026-09-29T10:14:41Z,318,57332631XXXX,TRK-NB-07,UNMAPPED_TRUNK,2026-09-29T10:31:41Z,false
REJ-20260929-3499,RAW-20260929-TRK-NB-07-03499,2026-09-29T10:16:06Z,167,57350375XXXX,TRK-NB-07,UNMAPPED_TRUNK,2026-09-29T10:33:06Z,false
REJ-20260929-3206,RAW-20260929-TRK-NB-07-03206,2026-09-29T10:21:05Z,78,57314589XXXX,TRK-NB-07,UNMAPPED_TRUNK,2026-09-29T10:38:05Z,false
REJ-20260929-3472,RAW-20260929-TRK-NB-07-03472,2026-09-29T10:21:58Z,47,57361212XXXX,TRK-NB-07,UNMAPPED_TRUNK,2026-09-29T10:38:58Z,false
REJ-20260929-3308,RAW-20260929-TRK-NB-07-03308,2026-09-29T10:23:18Z,7,57307184XXXX,TRK-NB-07,UNMAPPED_TRUNK,2026-09-29T10:40:18Z,false
REJ-20260929-3278,RAW-20260929-TRK-NB-07-03278,2026-09-29T10:24:35Z,9,57388089XXXX,TRK-NB-07,UNMAPPED_TRUNK,2026-09-29T10:41:35Z,false
REJ-20260929-3539,RAW-20260929-TRK-NB-07-03539,2026-09-29T10:26:45Z,123,57319234XXXX,TRK-NB-07,UNMAPPED_TRUNK,2026-09-29T10:43:45Z,false
REJ-20260929-3273,RAW-20260929-TRK-NB-07-03273,2026-09-29T10:29:22Z,119,57317154XXXX,TRK-NB-07,UNMAPPED_TRUNK,2026-09-29T10:46:22Z,false
REJ-20260929-3441,RAW-20260929-TRK-NB-07-03441,2026-09-29T10:33:54Z,7,57315147XXXX,TRK-NB-07,UNMAPPED_TRUNK,2026-09-29T10:50:54Z,false
REJ-20260929-3513,RAW-20260929-TRK-NB-07-03513,2026-09-29T10:38:01Z,26,57315410XXXX,TRK-NB-07,UNMAPPED_TRUNK,2026-09-29T10:55:01Z,false
REJ-20260929-3428,RAW-20260929-TRK-NB-07-03428,2026-09-29T10:40:37Z,3,57327338XXXX,TRK-NB-07,UNMAPPED_TRUNK,2026-09-29T10:57:37Z,false
REJ-20260929-3330,RAW-20260929-TRK-NB-07-03330,2026-09-29T10:43:55Z,33,57315348XXXX,TRK-NB-07,UNMAPPED_TRUNK,2026-09-29T11:00:55Z,false
REJ-20260929-3369,RAW-20260929-TRK-NB-07-03369,2026-09-29T10:50:23Z,52,57325483XXXX,TRK-NB-07,UNMAPPED_TRUNK,2026-09-29T11:07:23Z,false
REJ-20260929-3480,RAW-20260929-TRK-NB-07-03480,2026-09-29T10:54:07Z,51,57398253XXXX,TRK-NB-07,UNMAPPED_TRUNK,2026-09-29T11:11:07Z,false
REJ-20260929-3407,RAW-20260929-TRK-NB-07-03407,2026-09-29T10:59:11Z,24,57334926XXXX,TRK-NB-07,UNMAPPED_TRUNK,2026-09-29T11:16:11Z,false
REJ-20260929-3373,RAW-20260929-TRK-NB-07-03373,2026-09-29T11:25:54Z,44,57362991XXXX,TRK-NB-07,UNMAPPED_TRUNK,2026-09-29T11:42:54Z,false
REJ-20260929-3493,RAW-20260929-TRK-NB-07-03493,2026-09-29T11:28:19Z,49,57319158XXXX,TRK-NB-07,UNMAPPED_TRUNK,2026-09-29T11:45:19Z,false
REJ-20260929-3519,RAW-20260929-TRK-NB-07-03519,2026-09-29T11:30:47Z,100,57361602XXXX,TRK-NB-07,UNMAPPED_TRUNK,2026-09-29T11:47:47Z,false
REJ-20260929-3436,RAW-20260929-TRK-NB-07-03436,2026-09-29T11:34:36Z,9,57348765XXXX,TRK-NB-07,UNMAPPED_TRUNK,2026-09-29T11:51:36Z,false
REJ-20260929-3579,RAW-20260929-TRK-NB-07-03579,2026-09-29T11:38:06Z,229,57387662XXXX,TRK-NB-07,UNMAPPED_TRUNK,2026-09-29T11:55:06Z,false
REJ-20260929-3319,RAW-20260929-TRK-NB-07-03319,2026-09-29T11:38:24Z,37,57310736XXXX,TRK-NB-07,UNMAPPED_TRUNK,2026-09-29T11:55:24Z,false
REJ-20260929-3264,RAW-20260929-TRK-NB-07-03264,2026-09-29T11:40:03Z,59,57355446XXXX,TRK-NB-07,UNMAPPED_TRUNK,2026-09-29T11:57:03Z,false
REJ-20260929-3518,RAW-20260929-TRK-NB-07-03518,2026-09-29T11:40:21Z,118,57336126XXXX,TRK-NB-07,UNMAPPED_TRUNK,2026-09-29T11:57:21Z,false
REJ-20260929-3435,RAW-20260929-TRK-NB-07-03435,2026-09-29T11:46:33Z,76,57335275XXXX,TRK-NB-07,UNMAPPED_TRUNK,2026-09-29T12:03:33Z,false
REJ-20260929-3292,RAW-20260929-TRK-NB-07-03292,2026-09-29T11:56:23Z,56,57370236XXXX,TRK-NB-07,UNMAPPED_TRUNK,2026-09-29T12:13:23Z,false
REJ-20260929-3233,RAW-20260929-TRK-NB-07-03233,2026-09-29T11:59:21Z,347,57374608XXXX,TRK-NB-07,UNMAPPED_TRUNK,2026-09-29T12:16:21Z,false
REJ-20260929-3220,RAW-20260929-TRK-NB-07-03220,2026-09-29T12:01:20Z,237,57307186XXXX,TRK-NB-07,UNMAPPED_TRUNK,2026-09-29T12:18:20Z,false
REJ-20260929-3371,RAW-20260929-TRK-NB-07-03371,2026-09-29T12:01:43Z,75,57305042XXXX,TRK-NB-07,UNMAPPED_TRUNK,2026-09-29T12:18:43Z,false
REJ-20260929-3420,RAW-20260929-TRK-NB-07-03420,2026-09-29T12:01:48Z,191,57305899XXXX,TRK-NB-07,UNMAPPED_TRUNK,2026-09-29T12:18:48Z,false
REJ-20260929-3459,RAW-20260929-TRK-NB-07-03459,2026-09-29T12:11:34Z,190,57329851XXXX,TRK-NB-07,UNMAPPED_TRUNK,2026-09-29T12:28:34Z,false
REJ-20260929-3261,RAW-20260929-TRK-NB-07-03261,2026-09-29T12:18:17Z,5,57310378XXXX,TRK-NB-07,UNMAPPED_TRUNK,2026-09-29T12:35:17Z,false
REJ-20260929-3553,RAW-20260929-TRK-NB-07-03553,2026-09-29T12:22:00Z,69,57306929XXXX,TRK-NB-07,UNMAPPED_TRUNK,2026-09-29T12:39:00Z,false
REJ-20260929-3281,RAW-20260929-TRK-NB-07-03281,2026-09-29T12:25:56Z,49,57312453XXXX,TRK-NB-07,UNMAPPED_TRUNK,2026-09-29T12:42:56Z,false
REJ-20260929-3320,RAW-20260929-TRK-NB-07-03320,2026-09-29T12:28:45Z,10,57359673XXXX,TRK-NB-07,UNMAPPED_TRUNK,2026-09-29T12:45:45Z,false
REJ-20260929-3306,RAW-20260929-TRK-NB-07-03306,2026-09-29T12:31:04Z,51,57353407XXXX,TRK-NB-07,UNMAPPED_TRUNK,2026-09-29T12:48:04Z,false
REJ-20260929-3415,RAW-20260929-TRK-NB-07-03415,2026-09-29T12:31:13Z,94,57346552XXXX,TRK-NB-07,UNMAPPED_TRUNK,2026-09-29T12:48:13Z,false
REJ-20260929-3591,RAW-20260929-TRK-NB-07-03591,2026-09-29T12:34:52Z,30,57326970XXXX,TRK-NB-07,UNMAPPED_TRUNK,2026-09-29T12:51:52Z,false
REJ-20260929-3446,RAW-20260929-TRK-NB-07-03446,2026-09-29T12:36:21Z,53,57369907XXXX,TRK-NB-07,UNMAPPED_TRUNK,2026-09-29T12:53:21Z,false
REJ-20260929-3241,RAW-20260929-TRK-NB-07-03241,2026-09-29T12:44:21Z,55,57320236XXXX,TRK-NB-07,UNMAPPED_TRUNK,2026-09-29T13:01:21Z,false
REJ-20260929-3323,RAW-20260929-TRK-NB-07-03323,2026-09-29T12:51:39Z,428,57347581XXXX,TRK-NB-07,UNMAPPED_TRUNK,2026-09-29T13:08:39Z,false
REJ-20260929-3366,RAW-20260929-TRK-NB-07-03366,2026-09-29T12:55:23Z,147,57337998XXXX,TRK-NB-07,UNMAPPED_TRUNK,2026-09-29T13:12:23Z,false
REJ-20260929-3360,RAW-20260929-TRK-NB-07-03360,2026-09-29T12:55:43Z,2906,57303068XXXX,TRK-NB-07,UNMAPPED_TRUNK,2026-09-29T13:12:43Z,false
REJ-20260929-3437,RAW-20260929-TRK-NB-07-03437,2026-09-29T13:00:05Z,118,57391378XXXX,TRK-NB-07,UNMAPPED_TRUNK,2026-09-29T13:17:05Z,false
REJ-20260929-3217,RAW-20260929-TRK-NB-07-03217,2026-09-29T13:04:24Z,15,57336180XXXX,TRK-NB-07,UNMAPPED_TRUNK,2026-09-29T13:21:24Z,false
REJ-20260929-3397,RAW-20260929-TRK-NB-07-03397,2026-09-29T13:08:27Z,68,57303836XXXX,TRK-NB-07,UNMAPPED_TRUNK,2026-09-29T13:25:27Z,false
REJ-20260929-3379,RAW-20260929-TRK-NB-07-03379,2026-09-29T13:10:57Z,151,57324931XXXX,TRK-NB-07,UNMAPPED_TRUNK,2026-09-29T13:27:57Z,false
REJ-20260929-3572,RAW-20260929-TRK-NB-07-03572,2026-09-29T13:11:51Z,243,57309489XXXX,TRK-NB-07,UNMAPPED_TRUNK,2026-09-29T13:28:51Z,false
REJ-20260929-3448,RAW-20260929-TRK-NB-07-03448,2026-09-29T13:14:15Z,17,57388867XXXX,TRK-NB-07,UNMAPPED_TRUNK,2026-09-29T13:31:15Z,false
REJ-20260929-3575,RAW-20260929-TRK-NB-07-03575,2026-09-29T13:21:11Z,42,57346711XXXX,TRK-NB-07,UNMAPPED_TRUNK,2026-09-29T13:38:11Z,false
REJ-20260929-3547,RAW-20260929-TRK-NB-07-03547,2026-09-29T13:26:01Z,25,57393711XXXX,TRK-NB-07,UNMAPPED_TRUNK,2026-09-29T13:43:01Z,false
REJ-20260929-3393,RAW-20260929-TRK-NB-07-03393,2026-09-29T13:28:42Z,46,57391074XXXX,TRK-NB-07,UNMAPPED_TRUNK,2026-09-29T13:45:42Z,false
REJ-20260929-3463,RAW-20260929-TRK-NB-07-03463,2026-09-29T13:32:00Z,524,57374967XXXX,TRK-NB-07,UNMAPPED_TRUNK,2026-09-29T13:49:00Z,false
REJ-20260929-3402,RAW-20260929-TRK-NB-07-03402,2026-09-29T13:35:25Z,42,57304519XXXX,TRK-NB-07,UNMAPPED_TRUNK,2026-09-29T13:52:25Z,false
REJ-20260929-3345,RAW-20260929-TRK-NB-07-03345,2026-09-29T13:41:22Z,58,57362873XXXX,TRK-NB-07,UNMAPPED_TRUNK,2026-09-29T13:58:22Z,false
REJ-20260929-3400,RAW-20260929-TRK-NB-07-03400,2026-09-29T13:42:51Z,217,57371618XXXX,TRK-NB-07,UNMAPPED_TRUNK,2026-09-29T13:59:51Z,false
REJ-20260929-D025,RAW-20260929-TRK-NB-06-DUP025,2026-09-29T13:58:45Z,172,52981740XXXX,TRK-NB-06,DUPLICATE,2026-09-29T14:15:45Z,false
REJ-20260929-3495,RAW-20260929-TRK-NB-07-03495,2026-09-29T14:02:15Z,24,57392637XXXX,TRK-NB-07,UNMAPPED_TRUNK,2026-09-29T14:19:15Z,false
REJ-20260929-3589,RAW-20260929-TRK-NB-07-03589,2026-09-29T14:03:37Z,33,57308280XXXX,TRK-NB-07,UNMAPPED_TRUNK,2026-09-29T14:20:37Z,false
REJ-20260929-3210,RAW-20260929-TRK-NB-07-03210,2026-09-29T14:07:03Z,56,57368538XXXX,TRK-NB-07,UNMAPPED_TRUNK,2026-09-29T14:24:03Z,false
REJ-20260929-3370,RAW-20260929-TRK-NB-07-03370,2026-09-29T14:12:43Z,65,57389035XXXX,TRK-NB-07,UNMAPPED_TRUNK,2026-09-29T14:29:43Z,false
REJ-20260929-3477,RAW-20260929-TRK-NB-07-03477,2026-09-29T14:14:50Z,104,57309251XXXX,TRK-NB-07,UNMAPPED_TRUNK,2026-09-29T14:31:50Z,false
REJ-20260929-3315,RAW-20260929-TRK-NB-07-03315,2026-09-29T14:16:33Z,112,57367787XXXX,TRK-NB-07,UNMAPPED_TRUNK,2026-09-29T14:33:33Z,false
REJ-20260929-3595,RAW-20260929-TRK-NB-07-03595,2026-09-29T14:19:33Z,21,57378209XXXX,TRK-NB-07,UNMAPPED_TRUNK,2026-09-29T14:36:33Z,false
REJ-20260929-3445,RAW-20260929-TRK-NB-07-03445,2026-09-29T14:23:58Z,51,57357567XXXX,TRK-NB-07,UNMAPPED_TRUNK,2026-09-29T14:40:58Z,false
REJ-20260929-3282,RAW-20260929-TRK-NB-07-03282,2026-09-29T14:24:47Z,1,57389778XXXX,TRK-NB-07,UNMAPPED_TRUNK,2026-09-29T14:41:47Z,false
REJ-20260929-3267,RAW-20260929-TRK-NB-07-03267,2026-09-29T14:29:39Z,129,57329327XXXX,TRK-NB-07,UNMAPPED_TRUNK,2026-09-29T14:46:39Z,false
REJ-20260929-3476,RAW-20260929-TRK-NB-07-03476,2026-09-29T14:35:04Z,199,57315688XXXX,TRK-NB-07,UNMAPPED_TRUNK,2026-09-29T14:52:04Z,false
REJ-20260929-3587,RAW-20260929-TRK-NB-07-03587,2026-09-29T14:36:46Z,75,57304457XXXX,TRK-NB-07,UNMAPPED_TRUNK,2026-09-29T14:53:46Z,false
REJ-20260929-3235,RAW-20260929-TRK-NB-07-03235,2026-09-29T14:45:28Z,138,57305926XXXX,TRK-NB-07,UNMAPPED_TRUNK,2026-09-29T15:02:28Z,false
REJ-20260929-3562,RAW-20260929-TRK-NB-07-03562,2026-09-29T14:48:22Z,169,57339440XXXX,TRK-NB-07,UNMAPPED_TRUNK,2026-09-29T15:05:22Z,false
REJ-20260929-3295,RAW-20260929-TRK-NB-07-03295,2026-09-29T14:53:40Z,31,57351119XXXX,TRK-NB-07,UNMAPPED_TRUNK,2026-09-29T15:10:40Z,false
REJ-20260929-3325,RAW-20260929-TRK-NB-07-03325,2026-09-29T14:55:08Z,200,57335931XXXX,TRK-NB-07,UNMAPPED_TRUNK,2026-09-29T15:12:08Z,false
REJ-20260929-3403,RAW-20260929-TRK-NB-07-03403,2026-09-29T14:56:57Z,59,57357868XXXX,TRK-NB-07,UNMAPPED_TRUNK,2026-09-29T15:13:57Z,false
REJ-20260929-3207,RAW-20260929-TRK-NB-07-03207,2026-09-29T15:03:56Z,26,57347021XXXX,TRK-NB-07,UNMAPPED_TRUNK,2026-09-29T15:20:56Z,false
REJ-20260929-3455,RAW-20260929-TRK-NB-07-03455,2026-09-29T15:07:17Z,31,57318293XXXX,TRK-NB-07,UNMAPPED_TRUNK,2026-09-29T15:24:17Z,false
REJ-20260929-3380,RAW-20260929-TRK-NB-07-03380,2026-09-29T15:07:46Z,610,57338185XXXX,TRK-NB-07,UNMAPPED_TRUNK,2026-09-29T15:24:46Z,false
REJ-20260929-3215,RAW-20260929-TRK-NB-07-03215,2026-09-29T15:10:04Z,394,57366278XXXX,TRK-NB-07,UNMAPPED_TRUNK,2026-09-29T15:27:04Z,false
REJ-20260929-3279,RAW-20260929-TRK-NB-07-03279,2026-09-29T15:14:14Z,597,57393445XXXX,TRK-NB-07,UNMAPPED_TRUNK,2026-09-29T15:31:14Z,false
REJ-20260929-3451,RAW-20260929-TRK-NB-07-03451,2026-09-29T15:15:08Z,36,57375552XXXX,TRK-NB-07,UNMAPPED_TRUNK,2026-09-29T15:32:08Z,false
REJ-20260929-3224,RAW-20260929-TRK-NB-07-03224,2026-09-29T15:17:12Z,86,57380699XXXX,TRK-NB-07,UNMAPPED_TRUNK,2026-09-29T15:34:12Z,false
REJ-20260929-3340,RAW-20260929-TRK-NB-07-03340,2026-09-29T15:18:47Z,314,57377710XXXX,TRK-NB-07,UNMAPPED_TRUNK,2026-09-29T15:35:47Z,false
REJ-20260929-3465,RAW-20260929-TRK-NB-07-03465,2026-09-29T15:21:03Z,95,57360953XXXX,TRK-NB-07,UNMAPPED_TRUNK,2026-09-29T15:38:03Z,false
REJ-20260929-3531,RAW-20260929-TRK-NB-07-03531,2026-09-29T15:33:27Z,57,57349917XXXX,TRK-NB-07,UNMAPPED_TRUNK,2026-09-29T15:50:27Z,false
REJ-20260929-3304,RAW-20260929-TRK-NB-07-03304,2026-09-29T15:36:55Z,22,57348321XXXX,TRK-NB-07,UNMAPPED_TRUNK,2026-09-29T15:53:55Z,false
REJ-20260929-3430,RAW-20260929-TRK-NB-07-03430,2026-09-29T15:38:07Z,14,57344074XXXX,TRK-NB-07,UNMAPPED_TRUNK,2026-09-29T15:55:07Z,false
REJ-20260929-3452,RAW-20260929-TRK-NB-07-03452,2026-09-29T15:45:10Z,102,57375013XXXX,TRK-NB-07,UNMAPPED_TRUNK,2026-09-29T16:02:10Z,false
REJ-20260929-3556,RAW-20260929-TRK-NB-07-03556,2026-09-29T15:56:09Z,58,57323603XXXX,TRK-NB-07,UNMAPPED_TRUNK,2026-09-29T16:13:09Z,false
REJ-20260929-3471,RAW-20260929-TRK-NB-07-03471,2026-09-29T15:58:54Z,95,57339226XXXX,TRK-NB-07,UNMAPPED_TRUNK,2026-09-29T16:15:54Z,false
REJ-20260929-3565,RAW-20260929-TRK-NB-07-03565,2026-09-29T16:01:15Z,16,57348772XXXX,TRK-NB-07,UNMAPPED_TRUNK,2026-09-29T16:18:15Z,false
REJ-20260929-3581,RAW-20260929-TRK-NB-07-03581,2026-09-29T16:03:10Z,28,57399413XXXX,TRK-NB-07,UNMAPPED_TRUNK,2026-09-29T16:20:10Z,false
REJ-20260929-3507,RAW-20260929-TRK-NB-07-03507,2026-09-29T16:04:56Z,135,57383472XXXX,TRK-NB-07,UNMAPPED_TRUNK,2026-09-29T16:21:56Z,false
REJ-20260929-3440,RAW-20260929-TRK-NB-07-03440,2026-09-29T16:09:33Z,224,57394181XXXX,TRK-NB-07,UNMAPPED_TRUNK,2026-09-29T16:26:33Z,false
REJ-20260929-3260,RAW-20260929-TRK-NB-07-03260,2026-09-29T16:15:33Z,223,57305810XXXX,TRK-NB-07,UNMAPPED_TRUNK,2026-09-29T16:32:33Z,false
REJ-20260929-3485,RAW-20260929-TRK-NB-07-03485,2026-09-29T16:15:35Z,35,57390336XXXX,TRK-NB-07,UNMAPPED_TRUNK,2026-09-29T16:32:35Z,false
REJ-20260929-3238,RAW-20260929-TRK-NB-07-03238,2026-09-29T16:17:29Z,49,57368978XXXX,TRK-NB-07,UNMAPPED_TRUNK,2026-09-29T16:34:29Z,false
REJ-20260929-3378,RAW-20260929-TRK-NB-07-03378,2026-09-29T16:17:35Z,220,57378883XXXX,TRK-NB-07,UNMAPPED_TRUNK,2026-09-29T16:34:35Z,false
REJ-20260929-3571,RAW-20260929-TRK-NB-07-03571,2026-09-29T16:19:33Z,54,57324376XXXX,TRK-NB-07,UNMAPPED_TRUNK,2026-09-29T16:36:33Z,false
REJ-20260929-3230,RAW-20260929-TRK-NB-07-03230,2026-09-29T16:20:43Z,218,57354923XXXX,TRK-NB-07,UNMAPPED_TRUNK,2026-09-29T16:37:43Z,false
REJ-20260929-3525,RAW-20260929-TRK-NB-07-03525,2026-09-29T16:22:37Z,48,57394358XXXX,TRK-NB-07,UNMAPPED_TRUNK,2026-09-29T16:39:37Z,false
REJ-20260929-3535,RAW-20260929-TRK-NB-07-03535,2026-09-29T16:29:39Z,63,57322326XXXX,TRK-NB-07,UNMAPPED_TRUNK,2026-09-29T16:46:39Z,false
REJ-20260929-3333,RAW-20260929-TRK-NB-07-03333,2026-09-29T16:30:00Z,103,57305489XXXX,TRK-NB-07,UNMAPPED_TRUNK,2026-09-29T16:47:00Z,false
REJ-20260929-3259,RAW-20260929-TRK-NB-07-03259,2026-09-29T16:31:01Z,210,57387169XXXX,TRK-NB-07,UNMAPPED_TRUNK,2026-09-29T16:48:01Z,false
REJ-20260929-3490,RAW-20260929-TRK-NB-07-03490,2026-09-29T16:31:01Z,41,57356837XXXX,TRK-NB-07,UNMAPPED_TRUNK,2026-09-29T16:48:01Z,false
REJ-20260929-3248,RAW-20260929-TRK-NB-07-03248,2026-09-29T16:32:12Z,195,57367974XXXX,TRK-NB-07,UNMAPPED_TRUNK,2026-09-29T16:49:12Z,false
REJ-20260929-3204,RAW-20260929-TRK-NB-07-03204,2026-09-29T16:35:33Z,51,57313879XXXX,TRK-NB-07,UNMAPPED_TRUNK,2026-09-29T16:52:33Z,false
REJ-20260929-3543,RAW-20260929-TRK-NB-07-03543,2026-09-29T16:37:18Z,103,57351958XXXX,TRK-NB-07,UNMAPPED_TRUNK,2026-09-29T16:54:18Z,false
REJ-20260929-3536,RAW-20260929-TRK-NB-07-03536,2026-09-29T16:37:32Z,18,57387843XXXX,TRK-NB-07,UNMAPPED_TRUNK,2026-09-29T16:54:32Z,false
REJ-20260929-3509,RAW-20260929-TRK-NB-07-03509,2026-09-29T16:38:12Z,266,57330472XXXX,TRK-NB-07,UNMAPPED_TRUNK,2026-09-29T16:55:12Z,false
REJ-20260929-3514,RAW-20260929-TRK-NB-07-03514,2026-09-29T16:40:29Z,126,57309623XXXX,TRK-NB-07,UNMAPPED_TRUNK,2026-09-29T16:57:29Z,false
REJ-20260929-3537,RAW-20260929-TRK-NB-07-03537,2026-09-29T16:41:01Z,115,57322873XXXX,TRK-NB-07,UNMAPPED_TRUNK,2026-09-29T16:58:01Z,false
REJ-20260929-3502,RAW-20260929-TRK-NB-07-03502,2026-09-29T16:41:42Z,32,57332777XXXX,TRK-NB-07,UNMAPPED_TRUNK,2026-09-29T16:58:42Z,false
REJ-20260929-3498,RAW-20260929-TRK-NB-07-03498,2026-09-29T16:45:38Z,302,57395985XXXX,TRK-NB-07,UNMAPPED_TRUNK,2026-09-29T17:02:38Z,false
REJ-20260929-3577,RAW-20260929-TRK-NB-07-03577,2026-09-29T16:46:51Z,473,57361417XXXX,TRK-NB-07,UNMAPPED_TRUNK,2026-09-29T17:03:51Z,false
REJ-20260929-3225,RAW-20260929-TRK-NB-07-03225,2026-09-29T16:53:12Z,31,57360529XXXX,TRK-NB-07,UNMAPPED_TRUNK,2026-09-29T17:10:12Z,false
REJ-20260929-3250,RAW-20260929-TRK-NB-07-03250,2026-09-29T16:57:37Z,300,57382366XXXX,TRK-NB-07,UNMAPPED_TRUNK,2026-09-29T17:14:37Z,false
REJ-20260929-3411,RAW-20260929-TRK-NB-07-03411,2026-09-29T16:59:50Z,16,57301036XXXX,TRK-NB-07,UNMAPPED_TRUNK,2026-09-29T17:16:50Z,false
REJ-20260929-3365,RAW-20260929-TRK-NB-07-03365,2026-09-29T17:01:40Z,7,57389269XXXX,TRK-NB-07,UNMAPPED_TRUNK,2026-09-29T17:18:40Z,false
REJ-20260929-3214,RAW-20260929-TRK-NB-07-03214,2026-09-29T17:04:35Z,13,57363897XXXX,TRK-NB-07,UNMAPPED_TRUNK,2026-09-29T17:21:35Z,false
REJ-20260929-3301,RAW-20260929-TRK-NB-07-03301,2026-09-29T17:04:56Z,235,57312598XXXX,TRK-NB-07,UNMAPPED_TRUNK,2026-09-29T17:21:56Z,false
REJ-20260929-3309,RAW-20260929-TRK-NB-07-03309,2026-09-29T17:05:13Z,775,57324947XXXX,TRK-NB-07,UNMAPPED_TRUNK,2026-09-29T17:22:13Z,false
REJ-20260929-3408,RAW-20260929-TRK-NB-07-03408,2026-09-29T17:11:10Z,250,57383445XXXX,TRK-NB-07,UNMAPPED_TRUNK,2026-09-29T17:28:10Z,false
REJ-20260929-3496,RAW-20260929-TRK-NB-07-03496,2026-09-29T17:15:15Z,8,57391210XXXX,TRK-NB-07,UNMAPPED_TRUNK,2026-09-29T17:32:15Z,false
REJ-20260929-3389,RAW-20260929-TRK-NB-07-03389,2026-09-29T17:17:02Z,31,57376205XXXX,TRK-NB-07,UNMAPPED_TRUNK,2026-09-29T17:34:02Z,false
REJ-20260929-3299,RAW-20260929-TRK-NB-07-03299,2026-09-29T17:21:53Z,37,57301427XXXX,TRK-NB-07,UNMAPPED_TRUNK,2026-09-29T17:38:53Z,false
REJ-20260929-3545,RAW-20260929-TRK-NB-07-03545,2026-09-29T17:23:40Z,34,57384385XXXX,TRK-NB-07,UNMAPPED_TRUNK,2026-09-29T17:40:40Z,false
REJ-20260929-3404,RAW-20260929-TRK-NB-07-03404,2026-09-29T17:29:10Z,174,57317343XXXX,TRK-NB-07,UNMAPPED_TRUNK,2026-09-29T17:46:10Z,false
REJ-20260929-3449,RAW-20260929-TRK-NB-07-03449,2026-09-29T17:29:19Z,18,57308122XXXX,TRK-NB-07,UNMAPPED_TRUNK,2026-09-29T17:46:19Z,false
REJ-20260929-3332,RAW-20260929-TRK-NB-07-03332,2026-09-29T17:32:59Z,13,57366791XXXX,TRK-NB-07,UNMAPPED_TRUNK,2026-09-29T17:49:59Z,false
REJ-20260929-3429,RAW-20260929-TRK-NB-07-03429,2026-09-29T17:33:34Z,136,57377935XXXX,TRK-NB-07,UNMAPPED_TRUNK,2026-09-29T17:50:34Z,false
REJ-20260929-3583,RAW-20260929-TRK-NB-07-03583,2026-09-29T17:36:40Z,110,57365557XXXX,TRK-NB-07,UNMAPPED_TRUNK,2026-09-29T17:53:40Z,false
REJ-20260929-3534,RAW-20260929-TRK-NB-07-03534,2026-09-29T17:41:44Z,56,57348136XXXX,TRK-NB-07,UNMAPPED_TRUNK,2026-09-29T17:58:44Z,false
REJ-20260929-3317,RAW-20260929-TRK-NB-07-03317,2026-09-29T18:01:14Z,520,57326488XXXX,TRK-NB-07,UNMAPPED_TRUNK,2026-09-29T18:18:14Z,false
REJ-20260929-3515,RAW-20260929-TRK-NB-07-03515,2026-09-29T18:03:05Z,516,57350870XXXX,TRK-NB-07,UNMAPPED_TRUNK,2026-09-29T18:20:05Z,false
REJ-20260929-3376,RAW-20260929-TRK-NB-07-03376,2026-09-29T18:05:50Z,216,57359690XXXX,TRK-NB-07,UNMAPPED_TRUNK,2026-09-29T18:22:50Z,false
REJ-20260929-3212,RAW-20260929-TRK-NB-07-03212,2026-09-29T18:06:22Z,49,57325514XXXX,TRK-NB-07,UNMAPPED_TRUNK,2026-09-29T18:23:22Z,false
REJ-20260929-3568,RAW-20260929-TRK-NB-07-03568,2026-09-29T18:11:13Z,57,57372747XXXX,TRK-NB-07,UNMAPPED_TRUNK,2026-09-29T18:28:13Z,false
REJ-20260929-3526,RAW-20260929-TRK-NB-07-03526,2026-09-29T18:12:50Z,150,57331429XXXX,TRK-NB-07,UNMAPPED_TRUNK,2026-09-29T18:29:50Z,false
REJ-20260929-3326,RAW-20260929-TRK-NB-07-03326,2026-09-29T18:15:16Z,52,57393591XXXX,TRK-NB-07,UNMAPPED_TRUNK,2026-09-29T18:32:16Z,false
REJ-20260929-3334,RAW-20260929-TRK-NB-07-03334,2026-09-29T18:15:20Z,33,57383521XXXX,TRK-NB-07,UNMAPPED_TRUNK,2026-09-29T18:32:20Z,false
REJ-20260929-3285,RAW-20260929-TRK-NB-07-03285,2026-09-29T18:28:35Z,58,57339261XXXX,TRK-NB-07,UNMAPPED_TRUNK,2026-09-29T18:45:35Z,false
REJ-20260929-3202,RAW-20260929-TRK-NB-07-03202,2026-09-29T18:29:33Z,69,57355919XXXX,TRK-NB-07,UNMAPPED_TRUNK,2026-09-29T18:46:33Z,false
REJ-20260929-3503,RAW-20260929-TRK-NB-07-03503,2026-09-29T18:35:08Z,23,57355401XXXX,TRK-NB-07,UNMAPPED_TRUNK,2026-09-29T18:52:08Z,false
REJ-20260929-3337,RAW-20260929-TRK-NB-07-03337,2026-09-29T18:37:54Z,162,57384514XXXX,TRK-NB-07,UNMAPPED_TRUNK,2026-09-29T18:54:54Z,false
REJ-20260929-3600,RAW-20260929-TRK-NB-07-03600,2026-09-29T18:42:39Z,141,57322262XXXX,TRK-NB-07,UNMAPPED_TRUNK,2026-09-29T18:59:39Z,false
REJ-20260929-3284,RAW-20260929-TRK-NB-07-03284,2026-09-29T18:43:44Z,50,57364589XXXX,TRK-NB-07,UNMAPPED_TRUNK,2026-09-29T19:00:44Z,false
REJ-20260929-3354,RAW-20260929-TRK-NB-07-03354,2026-09-29T18:46:23Z,10,57318460XXXX,TRK-NB-07,UNMAPPED_TRUNK,2026-09-29T19:03:23Z,false
REJ-20260929-3552,RAW-20260929-TRK-NB-07-03552,2026-09-29T18:50:41Z,242,57368773XXXX,TRK-NB-07,UNMAPPED_TRUNK,2026-09-29T19:07:41Z,false
REJ-20260929-3257,RAW-20260929-TRK-NB-07-03257,2026-09-29T18:51:49Z,59,57373432XXXX,TRK-NB-07,UNMAPPED_TRUNK,2026-09-29T19:08:49Z,false
REJ-20260929-3362,RAW-20260929-TRK-NB-07-03362,2026-09-29T18:59:05Z,52,57357635XXXX,TRK-NB-07,UNMAPPED_TRUNK,2026-09-29T19:16:05Z,false
REJ-20260929-3289,RAW-20260929-TRK-NB-07-03289,2026-09-29T18:59:58Z,68,57315896XXXX,TRK-NB-07,UNMAPPED_TRUNK,2026-09-29T19:16:58Z,false
REJ-20260929-3540,RAW-20260929-TRK-NB-07-03540,2026-09-29T19:01:11Z,542,57363611XXXX,TRK-NB-07,UNMAPPED_TRUNK,2026-09-29T19:18:11Z,false
REJ-20260929-3364,RAW-20260929-TRK-NB-07-03364,2026-09-29T19:06:14Z,524,57333059XXXX,TRK-NB-07,UNMAPPED_TRUNK,2026-09-29T19:23:14Z,false
REJ-20260929-3352,RAW-20260929-TRK-NB-07-03352,2026-09-29T19:07:02Z,19,57339472XXXX,TRK-NB-07,UNMAPPED_TRUNK,2026-09-29T19:24:02Z,false
REJ-20260929-3237,RAW-20260929-TRK-NB-07-03237,2026-09-29T19:08:53Z,814,57306981XXXX,TRK-NB-07,UNMAPPED_TRUNK,2026-09-29T19:25:53Z,false
REJ-20260929-3454,RAW-20260929-TRK-NB-07-03454,2026-09-29T19:09:48Z,613,57377865XXXX,TRK-NB-07,UNMAPPED_TRUNK,2026-09-29T19:26:48Z,false
REJ-20260929-3444,RAW-20260929-TRK-NB-07-03444,2026-09-29T19:09:53Z,47,57371081XXXX,TRK-NB-07,UNMAPPED_TRUNK,2026-09-29T19:26:53Z,false
REJ-20260929-3532,RAW-20260929-TRK-NB-07-03532,2026-09-29T19:12:25Z,110,57308192XXXX,TRK-NB-07,UNMAPPED_TRUNK,2026-09-29T19:29:25Z,false
REJ-20260929-3544,RAW-20260929-TRK-NB-07-03544,2026-09-29T19:13:14Z,115,57301128XXXX,TRK-NB-07,UNMAPPED_TRUNK,2026-09-29T19:30:14Z,false
REJ-20260929-3387,RAW-20260929-TRK-NB-07-03387,2026-09-29T19:15:14Z,48,57381992XXXX,TRK-NB-07,UNMAPPED_TRUNK,2026-09-29T19:32:14Z,false
REJ-20260929-3394,RAW-20260929-TRK-NB-07-03394,2026-09-29T19:17:04Z,17,57367615XXXX,TRK-NB-07,UNMAPPED_TRUNK,2026-09-29T19:34:04Z,false
REJ-20260929-3361,RAW-20260929-TRK-NB-07-03361,2026-09-29T19:17:15Z,47,57310219XXXX,TRK-NB-07,UNMAPPED_TRUNK,2026-09-29T19:34:15Z,false
REJ-20260929-3529,RAW-20260929-TRK-NB-07-03529,2026-09-29T19:21:54Z,2,57392151XXXX,TRK-NB-07,UNMAPPED_TRUNK,2026-09-29T19:38:54Z,false
REJ-20260929-3300,RAW-20260929-TRK-NB-07-03300,2026-09-29T19:24:47Z,838,57392050XXXX,TRK-NB-07,UNMAPPED_TRUNK,2026-09-29T19:41:47Z,false
REJ-20260929-3243,RAW-20260929-TRK-NB-07-03243,2026-09-29T19:25:43Z,282,57315590XXXX,TRK-NB-07,UNMAPPED_TRUNK,2026-09-29T19:42:43Z,false
REJ-20260929-3302,RAW-20260929-TRK-NB-07-03302,2026-09-29T19:31:00Z,35,57326334XXXX,TRK-NB-07,UNMAPPED_TRUNK,2026-09-29T19:48:00Z,false
REJ-20260929-3357,RAW-20260929-TRK-NB-07-03357,2026-09-29T19:36:44Z,36,57324232XXXX,TRK-NB-07,UNMAPPED_TRUNK,2026-09-29T19:53:44Z,false
REJ-20260929-3268,RAW-20260929-TRK-NB-07-03268,2026-09-29T19:38:35Z,9,57331003XXXX,TRK-NB-07,UNMAPPED_TRUNK,2026-09-29T19:55:35Z,false
REJ-20260929-3550,RAW-20260929-TRK-NB-07-03550,2026-09-29T19:43:59Z,86,57313771XXXX,TRK-NB-07,UNMAPPED_TRUNK,2026-09-29T20:00:59Z,false
REJ-20260929-3322,RAW-20260929-TRK-NB-07-03322,2026-09-29T19:47:58Z,45,57316074XXXX,TRK-NB-07,UNMAPPED_TRUNK,2026-09-29T20:04:58Z,false
REJ-20260929-3351,RAW-20260929-TRK-NB-07-03351,2026-09-29T19:50:42Z,252,57301717XXXX,TRK-NB-07,UNMAPPED_TRUNK,2026-09-29T20:07:42Z,false
REJ-20260929-3346,RAW-20260929-TRK-NB-07-03346,2026-09-29T19:55:30Z,60,57317111XXXX,TRK-NB-07,UNMAPPED_TRUNK,2026-09-29T20:12:30Z,false
REJ-20260929-3419,RAW-20260929-TRK-NB-07-03419,2026-09-29T19:57:48Z,14,57314371XXXX,TRK-NB-07,UNMAPPED_TRUNK,2026-09-29T20:14:48Z,false
REJ-20260929-3592,RAW-20260929-TRK-NB-07-03592,2026-09-29T20:00:19Z,37,57387448XXXX,TRK-NB-07,UNMAPPED_TRUNK,2026-09-29T20:17:19Z,false
REJ-20260929-3203,RAW-20260929-TRK-NB-07-03203,2026-09-29T20:03:36Z,22,57338498XXXX,TRK-NB-07,UNMAPPED_TRUNK,2026-09-29T20:20:36Z,false
REJ-20260929-3563,RAW-20260929-TRK-NB-07-03563,2026-09-29T20:06:50Z,62,57318776XXXX,TRK-NB-07,UNMAPPED_TRUNK,2026-09-29T20:23:50Z,false
REJ-20260929-3307,RAW-20260929-TRK-NB-07-03307,2026-09-29T20:21:30Z,144,57361492XXXX,TRK-NB-07,UNMAPPED_TRUNK,2026-09-29T20:38:30Z,false
REJ-20260929-3287,RAW-20260929-TRK-NB-07-03287,2026-09-29T20:23:17Z,16,57375837XXXX,TRK-NB-07,UNMAPPED_TRUNK,2026-09-29T20:40:17Z,false
REJ-20260929-3293,RAW-20260929-TRK-NB-07-03293,2026-09-29T20:28:11Z,1088,57359124XXXX,TRK-NB-07,UNMAPPED_TRUNK,2026-09-29T20:45:11Z,false
REJ-20260929-3555,RAW-20260929-TRK-NB-07-03555,2026-09-29T20:29:09Z,179,57352726XXXX,TRK-NB-07,UNMAPPED_TRUNK,2026-09-29T20:46:09Z,false
REJ-20260929-3258,RAW-20260929-TRK-NB-07-03258,2026-09-29T20:30:21Z,140,57331280XXXX,TRK-NB-07,UNMAPPED_TRUNK,2026-09-29T20:47:21Z,false
REJ-20260929-3538,RAW-20260929-TRK-NB-07-03538,2026-09-29T20:32:31Z,220,57321673XXXX,TRK-NB-07,UNMAPPED_TRUNK,2026-09-29T20:49:31Z,false
REJ-20260929-3398,RAW-20260929-TRK-NB-07-03398,2026-09-29T20:34:27Z,53,57381045XXXX,TRK-NB-07,UNMAPPED_TRUNK,2026-09-29T20:51:27Z,false
REJ-20260929-3573,RAW-20260929-TRK-NB-07-03573,2026-09-29T20:36:08Z,21,57347513XXXX,TRK-NB-07,UNMAPPED_TRUNK,2026-09-29T20:53:08Z,false
REJ-20260929-3473,RAW-20260929-TRK-NB-07-03473,2026-09-29T20:43:30Z,19,57356197XXXX,TRK-NB-07,UNMAPPED_TRUNK,2026-09-29T21:00:30Z,false
REJ-20260929-3213,RAW-20260929-TRK-NB-07-03213,2026-09-29T20:45:42Z,44,57398035XXXX,TRK-NB-07,UNMAPPED_TRUNK,2026-09-29T21:02:42Z,false
REJ-20260929-3559,RAW-20260929-TRK-NB-07-03559,2026-09-29T20:52:23Z,211,57313978XXXX,TRK-NB-07,UNMAPPED_TRUNK,2026-09-29T21:09:23Z,false
REJ-20260929-3597,RAW-20260929-TRK-NB-07-03597,2026-09-29T20:52:36Z,1,57358584XXXX,TRK-NB-07,UNMAPPED_TRUNK,2026-09-29T21:09:36Z,false
REJ-20260929-3542,RAW-20260929-TRK-NB-07-03542,2026-09-29T20:53:33Z,103,57394717XXXX,TRK-NB-07,UNMAPPED_TRUNK,2026-09-29T21:10:33Z,false
REJ-20260929-3418,RAW-20260929-TRK-NB-07-03418,2026-09-29T21:03:18Z,57,57317541XXXX,TRK-NB-07,UNMAPPED_TRUNK,2026-09-29T21:20:18Z,false
REJ-20260929-3288,RAW-20260929-TRK-NB-07-03288,2026-09-29T21:03:42Z,59,57389719XXXX,TRK-NB-07,UNMAPPED_TRUNK,2026-09-29T21:20:42Z,false
REJ-20260929-3482,RAW-20260929-TRK-NB-07-03482,2026-09-29T21:07:20Z,74,57371018XXXX,TRK-NB-07,UNMAPPED_TRUNK,2026-09-29T21:24:20Z,false
REJ-20260929-3321,RAW-20260929-TRK-NB-07-03321,2026-09-29T21:09:36Z,67,57335098XXXX,TRK-NB-07,UNMAPPED_TRUNK,2026-09-29T21:26:36Z,false
REJ-20260929-3328,RAW-20260929-TRK-NB-07-03328,2026-09-29T21:11:51Z,30,57383990XXXX,TRK-NB-07,UNMAPPED_TRUNK,2026-09-29T21:28:51Z,false
REJ-20260929-3381,RAW-20260929-TRK-NB-07-03381,2026-09-29T21:14:49Z,113,57387741XXXX,TRK-NB-07,UNMAPPED_TRUNK,2026-09-29T21:31:49Z,false
REJ-20260929-3486,RAW-20260929-TRK-NB-07-03486,2026-09-29T21:23:16Z,12,57321164XXXX,TRK-NB-07,UNMAPPED_TRUNK,2026-09-29T21:40:16Z,false
REJ-20260929-3530,RAW-20260929-TRK-NB-07-03530,2026-09-29T21:31:16Z,111,57382850XXXX,TRK-NB-07,UNMAPPED_TRUNK,2026-09-29T21:48:16Z,false
REJ-20260929-3574,RAW-20260929-TRK-NB-07-03574,2026-09-29T21:35:03Z,66,57398904XXXX,TRK-NB-07,UNMAPPED_TRUNK,2026-09-29T21:52:03Z,false
REJ-20260929-3272,RAW-20260929-TRK-NB-07-03272,2026-09-29T21:36:49Z,36,57361947XXXX,TRK-NB-07,UNMAPPED_TRUNK,2026-09-29T21:53:49Z,false
REJ-20260929-3296,RAW-20260929-TRK-NB-07-03296,2026-09-29T21:41:42Z,475,57359435XXXX,TRK-NB-07,UNMAPPED_TRUNK,2026-09-29T21:58:42Z,false
REJ-20260929-Z033,RAW-20260929-TRK-NB-03-Z033,2026-09-29T21:44:53Z,0,57383559XXXX,TRK-NB-03,ZERO_DURATION,2026-09-29T22:01:53Z,false
REJ-20260929-3474,RAW-20260929-TRK-NB-07-03474,2026-09-29T21:49:39Z,10,57372906XXXX,TRK-NB-07,UNMAPPED_TRUNK,2026-09-29T22:06:39Z,false
REJ-20260929-3280,RAW-20260929-TRK-NB-07-03280,2026-09-29T21:50:06Z,124,57365680XXXX,TRK-NB-07,UNMAPPED_TRUNK,2026-09-29T22:07:06Z,false
REJ-20260929-3594,RAW-20260929-TRK-NB-07-03594,2026-09-29T21:52:46Z,210,57347872XXXX,TRK-NB-07,UNMAPPED_TRUNK,2026-09-29T22:09:46Z,false
REJ-20260929-3305,RAW-20260929-TRK-NB-07-03305,2026-09-29T22:04:39Z,35,57306783XXXX,TRK-NB-07,UNMAPPED_TRUNK,2026-09-29T22:21:39Z,false
REJ-20260929-3560,RAW-20260929-TRK-NB-07-03560,2026-09-29T22:07:49Z,51,57398236XXXX,TRK-NB-07,UNMAPPED_TRUNK,2026-09-29T22:24:49Z,false
REJ-20260929-3593,RAW-20260929-TRK-NB-07-03593,2026-09-29T22:18:24Z,51,57379080XXXX,TRK-NB-07,UNMAPPED_TRUNK,2026-09-29T22:35:24Z,false
REJ-20260929-3222,RAW-20260929-TRK-NB-07-03222,2026-09-29T22:18:51Z,123,57376674XXXX,TRK-NB-07,UNMAPPED_TRUNK,2026-09-29T22:35:51Z,false
REJ-20260929-3512,RAW-20260929-TRK-NB-07-03512,2026-09-29T22:20:42Z,112,57358657XXXX,TRK-NB-07,UNMAPPED_TRUNK,2026-09-29T22:37:42Z,false
REJ-20260929-3231,RAW-20260929-TRK-NB-07-03231,2026-09-29T22:20:58Z,9,57327137XXXX,TRK-NB-07,UNMAPPED_TRUNK,2026-09-29T22:37:58Z,false
REJ-20260929-3372,RAW-20260929-TRK-NB-07-03372,2026-09-29T22:24:40Z,9,57327638XXXX,TRK-NB-07,UNMAPPED_TRUNK,2026-09-29T22:41:40Z,false
REJ-20260929-3460,RAW-20260929-TRK-NB-07-03460,2026-09-29T22:24:52Z,17,57373352XXXX,TRK-NB-07,UNMAPPED_TRUNK,2026-09-29T22:41:52Z,false
REJ-20260929-3294,RAW-20260929-TRK-NB-07-03294,2026-09-29T22:28:01Z,91,57343351XXXX,TRK-NB-07,UNMAPPED_TRUNK,2026-09-29T22:45:01Z,false
REJ-20260929-3310,RAW-20260929-TRK-NB-07-03310,2026-09-29T22:34:03Z,119,57306671XXXX,TRK-NB-07,UNMAPPED_TRUNK,2026-09-29T22:51:03Z,false
REJ-20260929-3582,RAW-20260929-TRK-NB-07-03582,2026-09-29T22:35:22Z,106,57385103XXXX,TRK-NB-07,UNMAPPED_TRUNK,2026-09-29T22:52:22Z,false
REJ-20260929-3349,RAW-20260929-TRK-NB-07-03349,2026-09-29T22:36:58Z,10,57377889XXXX,TRK-NB-07,UNMAPPED_TRUNK,2026-09-29T22:53:58Z,false
REJ-20260929-3249,RAW-20260929-TRK-NB-07-03249,2026-09-29T22:37:45Z,32,57306498XXXX,TRK-NB-07,UNMAPPED_TRUNK,2026-09-29T22:54:45Z,false
REJ-20260929-3425,RAW-20260929-TRK-NB-07-03425,2026-09-29T22:43:32Z,121,57312390XXXX,TRK-NB-07,UNMAPPED_TRUNK,2026-09-29T23:00:32Z,false
REJ-20260929-3239,RAW-20260929-TRK-NB-07-03239,2026-09-29T22:49:08Z,85,57334594XXXX,TRK-NB-07,UNMAPPED_TRUNK,2026-09-29T23:06:08Z,false
REJ-20260929-3341,RAW-20260929-TRK-NB-07-03341,2026-09-29T22:50:00Z,208,57370799XXXX,TRK-NB-07,UNMAPPED_TRUNK,2026-09-29T23:07:00Z,false
REJ-20260929-3546,RAW-20260929-TRK-NB-07-03546,2026-09-29T22:50:24Z,728,57323247XXXX,TRK-NB-07,UNMAPPED_TRUNK,2026-09-29T23:07:24Z,false
REJ-20260929-3488,RAW-20260929-TRK-NB-07-03488,2026-09-29T22:50:50Z,243,57354151XXXX,TRK-NB-07,UNMAPPED_TRUNK,2026-09-29T23:07:50Z,false
REJ-20260929-3247,RAW-20260929-TRK-NB-07-03247,2026-09-29T22:53:53Z,25,57335679XXXX,TRK-NB-07,UNMAPPED_TRUNK,2026-09-29T23:10:53Z,false
REJ-20260929-3253,RAW-20260929-TRK-NB-07-03253,2026-09-29T23:00:07Z,443,57305240XXXX,TRK-NB-07,UNMAPPED_TRUNK,2026-09-29T23:17:07Z,false
REJ-20260929-3510,RAW-20260929-TRK-NB-07-03510,2026-09-29T23:06:07Z,50,57395938XXXX,TRK-NB-07,UNMAPPED_TRUNK,2026-09-29T23:23:07Z,false
REJ-20260929-3520,RAW-20260929-TRK-NB-07-03520,2026-09-29T23:07:40Z,9,57363944XXXX,TRK-NB-07,UNMAPPED_TRUNK,2026-09-29T23:24:40Z,false
REJ-20260929-3251,RAW-20260929-TRK-NB-07-03251,2026-09-29T23:10:05Z,25,57389625XXXX,TRK-NB-07,UNMAPPED_TRUNK,2026-09-29T23:27:05Z,false
REJ-20260929-3424,RAW-20260929-TRK-NB-07-03424,2026-09-29T23:15:59Z,1102,57382655XXXX,TRK-NB-07,UNMAPPED_TRUNK,2026-09-29T23:32:59Z,false
REJ-20260929-3469,RAW-20260929-TRK-NB-07-03469,2026-09-29T23:16:02Z,566,57315874XXXX,TRK-NB-07,UNMAPPED_TRUNK,2026-09-29T23:33:02Z,false
REJ-20260929-3401,RAW-20260929-TRK-NB-07-03401,2026-09-29T23:17:31Z,58,57387360XXXX,TRK-NB-07,UNMAPPED_TRUNK,2026-09-29T23:34:31Z,false
REJ-20260929-3201,RAW-20260929-TRK-NB-07-03201,2026-09-29T23:19:07Z,302,57376224XXXX,TRK-NB-07,UNMAPPED_TRUNK,2026-09-29T23:36:07Z,false
REJ-20260929-3356,RAW-20260929-TRK-NB-07-03356,2026-09-29T23:25:54Z,34,57367997XXXX,TRK-NB-07,UNMAPPED_TRUNK,2026-09-29T23:42:54Z,false
REJ-20260929-3410,RAW-20260929-TRK-NB-07-03410,2026-09-29T23:28:51Z,8,57388528XXXX,TRK-NB-07,UNMAPPED_TRUNK,2026-09-29T23:45:51Z,false
REJ-20260929-3314,RAW-20260929-TRK-NB-07-03314,2026-09-29T23:30:40Z,41,57364543XXXX,TRK-NB-07,UNMAPPED_TRUNK,2026-09-29T23:47:40Z,false
REJ-20260929-3432,RAW-20260929-TRK-NB-07-03432,2026-09-29T23:43:40Z,36,57309117XXXX,TRK-NB-07,UNMAPPED_TRUNK,2026-09-30T00:00:40Z,false
REJ-20260929-3450,RAW-20260929-TRK-NB-07-03450,2026-09-29T23:44:11Z,42,57327986XXXX,TRK-NB-07,UNMAPPED_TRUNK,2026-09-30T00:01:11Z,false
REJ-20260929-3277,RAW-20260929-TRK-NB-07-03277,2026-09-29T23:49:58Z,16,57340045XXXX,TRK-NB-07,UNMAPPED_TRUNK,2026-09-30T00:06:58Z,false
REJ-20260929-3358,RAW-20260929-TRK-NB-07-03358,2026-09-29T23:53:24Z,43,57306312XXXX,TRK-NB-07,UNMAPPED_TRUNK,2026-09-30T00:10:24Z,false
REJ-20260930-3612,RAW-20260930-TRK-NB-07-03612,2026-09-30T00:06:02Z,18,57372837XXXX,TRK-NB-07,UNMAPPED_TRUNK,2026-09-30T00:23:02Z,false
REJ-20260930-3860,RAW-20260930-TRK-NB-07-03860,2026-09-30T00:11:06Z,40,57358026XXXX,TRK-NB-07,UNMAPPED_TRUNK,2026-09-30T00:28:06Z,false
REJ-20260930-3906,RAW-20260930-TRK-NB-07-03906,2026-09-30T00:19:52Z,350,57344112XXXX,TRK-NB-07,UNMAPPED_TRUNK,2026-09-30T00:36:52Z,false
REJ-20260930-3759,RAW-20260930-TRK-NB-07-03759,2026-09-30T00:21:13Z,58,57320798XXXX,TRK-NB-07,UNMAPPED_TRUNK,2026-09-30T00:38:13Z,false
REJ-20260930-3642,RAW-20260930-TRK-NB-07-03642,2026-09-30T00:24:56Z,111,57351013XXXX,TRK-NB-07,UNMAPPED_TRUNK,2026-09-30T00:41:56Z,false
REJ-20260930-3720,RAW-20260930-TRK-NB-07-03720,2026-09-30T00:27:56Z,146,57353785XXXX,TRK-NB-07,UNMAPPED_TRUNK,2026-09-30T00:44:56Z,false
REJ-20260930-3798,RAW-20260930-TRK-NB-07-03798,2026-09-30T00:31:53Z,291,57378222XXXX,TRK-NB-07,UNMAPPED_TRUNK,2026-09-30T00:48:53Z,false
REJ-20260930-3622,RAW-20260930-TRK-NB-07-03622,2026-09-30T00:34:34Z,59,57395824XXXX,TRK-NB-07,UNMAPPED_TRUNK,2026-09-30T00:51:34Z,false
REJ-20260930-3819,RAW-20260930-TRK-NB-07-03819,2026-09-30T00:40:49Z,1768,57374517XXXX,TRK-NB-07,UNMAPPED_TRUNK,2026-09-30T00:57:49Z,false
REJ-20260930-3849,RAW-20260930-TRK-NB-07-03849,2026-09-30T00:41:28Z,52,57309962XXXX,TRK-NB-07,UNMAPPED_TRUNK,2026-09-30T00:58:28Z,false
REJ-20260930-3688,RAW-20260930-TRK-NB-07-03688,2026-09-30T00:47:14Z,31,57367070XXXX,TRK-NB-07,UNMAPPED_TRUNK,2026-09-30T01:04:14Z,false
REJ-20260930-3662,RAW-20260930-TRK-NB-07-03662,2026-09-30T00:50:07Z,381,57310387XXXX,TRK-NB-07,UNMAPPED_TRUNK,2026-09-30T01:07:07Z,false
REJ-20260930-3936,RAW-20260930-TRK-NB-07-03936,2026-09-30T00:55:30Z,313,57349528XXXX,TRK-NB-07,UNMAPPED_TRUNK,2026-09-30T01:12:30Z,false
REJ-20260930-3834,RAW-20260930-TRK-NB-07-03834,2026-09-30T00:56:12Z,30,57329580XXXX,TRK-NB-07,UNMAPPED_TRUNK,2026-09-30T01:13:12Z,false
REJ-20260930-3650,RAW-20260930-TRK-NB-07-03650,2026-09-30T01:00:38Z,10,57327586XXXX,TRK-NB-07,UNMAPPED_TRUNK,2026-09-30T01:17:38Z,false
REJ-20260930-3800,RAW-20260930-TRK-NB-07-03800,2026-09-30T01:01:29Z,308,57393183XXXX,TRK-NB-07,UNMAPPED_TRUNK,2026-09-30T01:18:29Z,false
REJ-20260930-3716,RAW-20260930-TRK-NB-07-03716,2026-09-30T01:04:01Z,40,57309858XXXX,TRK-NB-07,UNMAPPED_TRUNK,2026-09-30T01:21:01Z,false
REJ-20260930-3845,RAW-20260930-TRK-NB-07-03845,2026-09-30T01:04:28Z,358,57327069XXXX,TRK-NB-07,UNMAPPED_TRUNK,2026-09-30T01:21:28Z,false
REJ-20260930-3844,RAW-20260930-TRK-NB-07-03844,2026-09-30T01:06:45Z,39,57334645XXXX,TRK-NB-07,UNMAPPED_TRUNK,2026-09-30T01:23:45Z,false
REJ-20260930-3778,RAW-20260930-TRK-NB-07-03778,2026-09-30T01:08:21Z,395,57388722XXXX,TRK-NB-07,UNMAPPED_TRUNK,2026-09-30T01:25:21Z,false
REJ-20260930-3670,RAW-20260930-TRK-NB-07-03670,2026-09-30T01:10:37Z,27,57364493XXXX,TRK-NB-07,UNMAPPED_TRUNK,2026-09-30T01:27:37Z,false
REJ-20260930-3644,RAW-20260930-TRK-NB-07-03644,2026-09-30T01:12:03Z,16,57328766XXXX,TRK-NB-07,UNMAPPED_TRUNK,2026-09-30T01:29:03Z,false
REJ-20260930-3973,RAW-20260930-TRK-NB-07-03973,2026-09-30T01:15:43Z,31,57312774XXXX,TRK-NB-07,UNMAPPED_TRUNK,2026-09-30T01:32:43Z,false
REJ-20260930-3691,RAW-20260930-TRK-NB-07-03691,2026-09-30T01:15:52Z,109,57316051XXXX,TRK-NB-07,UNMAPPED_TRUNK,2026-09-30T01:32:52Z,false
REJ-20260930-3604,RAW-20260930-TRK-NB-07-03604,2026-09-30T01:17:14Z,51,57367860XXXX,TRK-NB-07,UNMAPPED_TRUNK,2026-09-30T01:34:14Z,false
REJ-20260930-3788,RAW-20260930-TRK-NB-07-03788,2026-09-30T01:18:42Z,16,57329160XXXX,TRK-NB-07,UNMAPPED_TRUNK,2026-09-30T01:35:42Z,false
REJ-20260930-3981,RAW-20260930-TRK-NB-07-03981,2026-09-30T01:20:24Z,23,57312822XXXX,TRK-NB-07,UNMAPPED_TRUNK,2026-09-30T01:37:24Z,false
REJ-20260930-3660,RAW-20260930-TRK-NB-07-03660,2026-09-30T01:26:36Z,67,57333441XXXX,TRK-NB-07,UNMAPPED_TRUNK,2026-09-30T01:43:36Z,false
REJ-20260930-3876,RAW-20260930-TRK-NB-07-03876,2026-09-30T01:29:07Z,11,57359505XXXX,TRK-NB-07,UNMAPPED_TRUNK,2026-09-30T01:46:07Z,false
REJ-20260930-3733,RAW-20260930-TRK-NB-07-03733,2026-09-30T01:34:10Z,166,57304814XXXX,TRK-NB-07,UNMAPPED_TRUNK,2026-09-30T01:51:10Z,false
REJ-20260930-3722,RAW-20260930-TRK-NB-07-03722,2026-09-30T01:38:04Z,132,57328462XXXX,TRK-NB-07,UNMAPPED_TRUNK,2026-09-30T01:55:04Z,false
REJ-20260930-3824,RAW-20260930-TRK-NB-07-03824,2026-09-30T01:38:35Z,30,57359797XXXX,TRK-NB-07,UNMAPPED_TRUNK,2026-09-30T01:55:35Z,false
REJ-20260930-3648,RAW-20260930-TRK-NB-07-03648,2026-09-30T01:38:40Z,98,57347651XXXX,TRK-NB-07,UNMAPPED_TRUNK,2026-09-30T01:55:40Z,false
REJ-20260930-3870,RAW-20260930-TRK-NB-07-03870,2026-09-30T01:43:10Z,192,57382101XXXX,TRK-NB-07,UNMAPPED_TRUNK,2026-09-30T02:00:10Z,false
REJ-20260930-3729,RAW-20260930-TRK-NB-07-03729,2026-09-30T01:47:09Z,76,57330766XXXX,TRK-NB-07,UNMAPPED_TRUNK,2026-09-30T02:04:09Z,false
REJ-20260930-3734,RAW-20260930-TRK-NB-07-03734,2026-09-30T01:47:37Z,29,57395630XXXX,TRK-NB-07,UNMAPPED_TRUNK,2026-09-30T02:04:37Z,false
REJ-20260930-3715,RAW-20260930-TRK-NB-07-03715,2026-09-30T01:54:34Z,55,57365453XXXX,TRK-NB-07,UNMAPPED_TRUNK,2026-09-30T02:11:34Z,false
REJ-20260930-3889,RAW-20260930-TRK-NB-07-03889,2026-09-30T01:54:38Z,199,57307178XXXX,TRK-NB-07,UNMAPPED_TRUNK,2026-09-30T02:11:38Z,false
REJ-20260930-3946,RAW-20260930-TRK-NB-07-03946,2026-09-30T01:55:42Z,172,57381721XXXX,TRK-NB-07,UNMAPPED_TRUNK,2026-09-30T02:12:42Z,false
REJ-20260930-3743,RAW-20260930-TRK-NB-07-03743,2026-09-30T01:58:47Z,66,57397703XXXX,TRK-NB-07,UNMAPPED_TRUNK,2026-09-30T02:15:47Z,false
REJ-20260930-3980,RAW-20260930-TRK-NB-07-03980,2026-09-30T01:59:10Z,38,57382915XXXX,TRK-NB-07,UNMAPPED_TRUNK,2026-09-30T02:16:10Z,false
REJ-20260930-3898,RAW-20260930-TRK-NB-07-03898,2026-09-30T02:02:35Z,49,57375514XXXX,TRK-NB-07,UNMAPPED_TRUNK,2026-09-30T02:19:35Z,false
REJ-20260930-3862,RAW-20260930-TRK-NB-07-03862,2026-09-30T02:02:51Z,164,57331176XXXX,TRK-NB-07,UNMAPPED_TRUNK,2026-09-30T02:19:51Z,false
REJ-20260930-3667,RAW-20260930-TRK-NB-07-03667,2026-09-30T02:04:55Z,207,57394865XXXX,TRK-NB-07,UNMAPPED_TRUNK,2026-09-30T02:21:55Z,false
REJ-20260930-3825,RAW-20260930-TRK-NB-07-03825,2026-09-30T02:06:30Z,52,57337178XXXX,TRK-NB-07,UNMAPPED_TRUNK,2026-09-30T02:23:30Z,false
REJ-20260930-3953,RAW-20260930-TRK-NB-07-03953,2026-09-30T02:07:40Z,117,57379452XXXX,TRK-NB-07,UNMAPPED_TRUNK,2026-09-30T02:24:40Z,false
REJ-20260930-3794,RAW-20260930-TRK-NB-07-03794,2026-09-30T02:10:26Z,1,57318759XXXX,TRK-NB-07,UNMAPPED_TRUNK,2026-09-30T02:27:26Z,false
REJ-20260930-3745,RAW-20260930-TRK-NB-07-03745,2026-09-30T02:14:37Z,66,57354715XXXX,TRK-NB-07,UNMAPPED_TRUNK,2026-09-30T02:31:37Z,false
REJ-20260930-3938,RAW-20260930-TRK-NB-07-03938,2026-09-30T02:18:10Z,370,57333570XXXX,TRK-NB-07,UNMAPPED_TRUNK,2026-09-30T02:35:10Z,false
REJ-20260930-3846,RAW-20260930-TRK-NB-07-03846,2026-09-30T02:19:57Z,5,57393636XXXX,TRK-NB-07,UNMAPPED_TRUNK,2026-09-30T02:36:57Z,false
REJ-20260930-3952,RAW-20260930-TRK-NB-07-03952,2026-09-30T02:28:41Z,403,57378869XXXX,TRK-NB-07,UNMAPPED_TRUNK,2026-09-30T02:45:41Z,false
REJ-20260930-3921,RAW-20260930-TRK-NB-07-03921,2026-09-30T02:41:39Z,60,57358560XXXX,TRK-NB-07,UNMAPPED_TRUNK,2026-09-30T02:58:39Z,false
REJ-20260930-3900,RAW-20260930-TRK-NB-07-03900,2026-09-30T02:45:05Z,229,57313165XXXX,TRK-NB-07,UNMAPPED_TRUNK,2026-09-30T03:02:05Z,false
REJ-20260930-3753,RAW-20260930-TRK-NB-07-03753,2026-09-30T02:45:28Z,149,57325306XXXX,TRK-NB-07,UNMAPPED_TRUNK,2026-09-30T03:02:28Z,false
REJ-20260930-3702,RAW-20260930-TRK-NB-07-03702,2026-09-30T02:46:47Z,53,57321583XXXX,TRK-NB-07,UNMAPPED_TRUNK,2026-09-30T03:03:47Z,false
REJ-20260930-3917,RAW-20260930-TRK-NB-07-03917,2026-09-30T02:47:12Z,33,57307310XXXX,TRK-NB-07,UNMAPPED_TRUNK,2026-09-30T03:04:12Z,false
REJ-20260930-3676,RAW-20260930-TRK-NB-07-03676,2026-09-30T02:51:16Z,17,57399180XXXX,TRK-NB-07,UNMAPPED_TRUNK,2026-09-30T03:08:16Z,false
REJ-20260930-3962,RAW-20260930-TRK-NB-07-03962,2026-09-30T02:53:07Z,39,57325348XXXX,TRK-NB-07,UNMAPPED_TRUNK,2026-09-30T03:10:07Z,false
REJ-20260930-3993,RAW-20260930-TRK-NB-07-03993,2026-09-30T03:01:20Z,99,57396240XXXX,TRK-NB-07,UNMAPPED_TRUNK,2026-09-30T03:18:20Z,false
REJ-20260930-3985,RAW-20260930-TRK-NB-07-03985,2026-09-30T03:01:37Z,9,57304098XXXX,TRK-NB-07,UNMAPPED_TRUNK,2026-09-30T03:18:37Z,false
REJ-20260930-3684,RAW-20260930-TRK-NB-07-03684,2026-09-30T03:03:34Z,57,57397384XXXX,TRK-NB-07,UNMAPPED_TRUNK,2026-09-30T03:20:34Z,false
REJ-20260930-3963,RAW-20260930-TRK-NB-07-03963,2026-09-30T03:08:57Z,601,57373610XXXX,TRK-NB-07,UNMAPPED_TRUNK,2026-09-30T03:25:57Z,false
REJ-20260930-3959,RAW-20260930-TRK-NB-07-03959,2026-09-30T03:19:42Z,30,57374085XXXX,TRK-NB-07,UNMAPPED_TRUNK,2026-09-30T03:36:42Z,false
REJ-20260930-3658,RAW-20260930-TRK-NB-07-03658,2026-09-30T03:29:34Z,8,57338983XXXX,TRK-NB-07,UNMAPPED_TRUNK,2026-09-30T03:46:34Z,false
REJ-20260930-3875,RAW-20260930-TRK-NB-07-03875,2026-09-30T03:30:32Z,47,57349181XXXX,TRK-NB-07,UNMAPPED_TRUNK,2026-09-30T03:47:32Z,false
REJ-20260930-3739,RAW-20260930-TRK-NB-07-03739,2026-09-30T03:31:54Z,3,57385534XXXX,TRK-NB-07,UNMAPPED_TRUNK,2026-09-30T03:48:54Z,false
REJ-20260930-3961,RAW-20260930-TRK-NB-07-03961,2026-09-30T03:33:31Z,211,57315144XXXX,TRK-NB-07,UNMAPPED_TRUNK,2026-09-30T03:50:31Z,false
REJ-20260930-3810,RAW-20260930-TRK-NB-07-03810,2026-09-30T03:35:41Z,45,57306496XXXX,TRK-NB-07,UNMAPPED_TRUNK,2026-09-30T03:52:41Z,false
REJ-20260930-3874,RAW-20260930-TRK-NB-07-03874,2026-09-30T03:35:57Z,157,57399111XXXX,TRK-NB-07,UNMAPPED_TRUNK,2026-09-30T03:52:57Z,false
REJ-20260930-3996,RAW-20260930-TRK-NB-07-03996,2026-09-30T03:37:22Z,190,57330894XXXX,TRK-NB-07,UNMAPPED_TRUNK,2026-09-30T03:54:22Z,false
REJ-20260930-3769,RAW-20260930-TRK-NB-07-03769,2026-09-30T03:37:24Z,9,57308620XXXX,TRK-NB-07,UNMAPPED_TRUNK,2026-09-30T03:54:24Z,false
REJ-20260930-3737,RAW-20260930-TRK-NB-07-03737,2026-09-30T03:38:21Z,189,57397406XXXX,TRK-NB-07,UNMAPPED_TRUNK,2026-09-30T03:55:21Z,false
REJ-20260930-3772,RAW-20260930-TRK-NB-07-03772,2026-09-30T03:38:29Z,347,57308473XXXX,TRK-NB-07,UNMAPPED_TRUNK,2026-09-30T03:55:29Z,false
REJ-20260930-3838,RAW-20260930-TRK-NB-07-03838,2026-09-30T03:41:54Z,194,57373796XXXX,TRK-NB-07,UNMAPPED_TRUNK,2026-09-30T03:58:54Z,false
REJ-20260930-3761,RAW-20260930-TRK-NB-07-03761,2026-09-30T03:42:35Z,103,57333113XXXX,TRK-NB-07,UNMAPPED_TRUNK,2026-09-30T03:59:35Z,false
REJ-20260930-3762,RAW-20260930-TRK-NB-07-03762,2026-09-30T03:45:33Z,45,57390132XXXX,TRK-NB-07,UNMAPPED_TRUNK,2026-09-30T04:02:33Z,false
REJ-20260930-3965,RAW-20260930-TRK-NB-07-03965,2026-09-30T03:54:41Z,58,57374865XXXX,TRK-NB-07,UNMAPPED_TRUNK,2026-09-30T04:11:41Z,false
REJ-20260930-3678,RAW-20260930-TRK-NB-07-03678,2026-09-30T03:57:11Z,117,57323763XXXX,TRK-NB-07,UNMAPPED_TRUNK,2026-09-30T04:14:11Z,false
REJ-20260930-3905,RAW-20260930-TRK-NB-07-03905,2026-09-30T03:58:44Z,593,57389608XXXX,TRK-NB-07,UNMAPPED_TRUNK,2026-09-30T04:15:44Z,false
REJ-20260930-3954,RAW-20260930-TRK-NB-07-03954,2026-09-30T03:58:50Z,256,57300491XXXX,TRK-NB-07,UNMAPPED_TRUNK,2026-09-30T04:15:50Z,false
REJ-20260930-3933,RAW-20260930-TRK-NB-07-03933,2026-09-30T04:10:57Z,255,57390259XXXX,TRK-NB-07,UNMAPPED_TRUNK,2026-09-30T04:27:57Z,false
REJ-20260930-3616,RAW-20260930-TRK-NB-07-03616,2026-09-30T04:13:15Z,139,57305553XXXX,TRK-NB-07,UNMAPPED_TRUNK,2026-09-30T04:30:15Z,false
REJ-20260930-3611,RAW-20260930-TRK-NB-07-03611,2026-09-30T04:17:35Z,57,57397918XXXX,TRK-NB-07,UNMAPPED_TRUNK,2026-09-30T04:34:35Z,false
REJ-20260930-3801,RAW-20260930-TRK-NB-07-03801,2026-09-30T04:34:22Z,144,57311990XXXX,TRK-NB-07,UNMAPPED_TRUNK,2026-09-30T04:51:22Z,false
REJ-20260930-3770,RAW-20260930-TRK-NB-07-03770,2026-09-30T04:39:41Z,135,57324358XXXX,TRK-NB-07,UNMAPPED_TRUNK,2026-09-30T04:56:41Z,false
REJ-20260930-3742,RAW-20260930-TRK-NB-07-03742,2026-09-30T04:42:51Z,108,57330141XXXX,TRK-NB-07,UNMAPPED_TRUNK,2026-09-30T04:59:51Z,false
REJ-20260930-3635,RAW-20260930-TRK-NB-07-03635,2026-09-30T04:45:34Z,83,57396957XXXX,TRK-NB-07,UNMAPPED_TRUNK,2026-09-30T05:02:34Z,false
REJ-20260930-3624,RAW-20260930-TRK-NB-07-03624,2026-09-30T04:48:13Z,44,57313073XXXX,TRK-NB-07,UNMAPPED_TRUNK,2026-09-30T05:05:13Z,false
REJ-20260930-3607,RAW-20260930-TRK-NB-07-03607,2026-09-30T04:48:53Z,252,57383502XXXX,TRK-NB-07,UNMAPPED_TRUNK,2026-09-30T05:05:53Z,false
REJ-20260930-3805,RAW-20260930-TRK-NB-07-03805,2026-09-30T04:58:07Z,313,57379704XXXX,TRK-NB-07,UNMAPPED_TRUNK,2026-09-30T05:15:07Z,false
REJ-20260930-3765,RAW-20260930-TRK-NB-07-03765,2026-09-30T05:10:49Z,74,57364615XXXX,TRK-NB-07,UNMAPPED_TRUNK,2026-09-30T05:27:49Z,false
REJ-20260930-4000,RAW-20260930-TRK-NB-07-04000,2026-09-30T05:16:50Z,31,57354011XXXX,TRK-NB-07,UNMAPPED_TRUNK,2026-09-30T05:33:50Z,false
REJ-20260930-3945,RAW-20260930-TRK-NB-07-03945,2026-09-30T05:23:39Z,19,57388236XXXX,TRK-NB-07,UNMAPPED_TRUNK,2026-09-30T05:40:39Z,false
REJ-20260930-3661,RAW-20260930-TRK-NB-07-03661,2026-09-30T05:25:45Z,89,57359790XXXX,TRK-NB-07,UNMAPPED_TRUNK,2026-09-30T05:42:45Z,false
REJ-20260930-3790,RAW-20260930-TRK-NB-07-03790,2026-09-30T05:27:09Z,14,57394747XXXX,TRK-NB-07,UNMAPPED_TRUNK,2026-09-30T05:44:09Z,false
REJ-20260930-3756,RAW-20260930-TRK-NB-07-03756,2026-09-30T05:35:50Z,65,57378226XXXX,TRK-NB-07,UNMAPPED_TRUNK,2026-09-30T05:52:50Z,false
REJ-20260930-3912,RAW-20260930-TRK-NB-07-03912,2026-09-30T05:40:31Z,207,57357235XXXX,TRK-NB-07,UNMAPPED_TRUNK,2026-09-30T05:57:31Z,false
REJ-20260930-3847,RAW-20260930-TRK-NB-07-03847,2026-09-30T05:41:49Z,46,57357947XXXX,TRK-NB-07,UNMAPPED_TRUNK,2026-09-30T05:58:49Z,false
REJ-20260930-3615,RAW-20260930-TRK-NB-07-03615,2026-09-30T05:45:06Z,61,57337297XXXX,TRK-NB-07,UNMAPPED_TRUNK,2026-09-30T06:02:06Z,false
REJ-20260930-3853,RAW-20260930-TRK-NB-07-03853,2026-09-30T05:45:40Z,116,57399369XXXX,TRK-NB-07,UNMAPPED_TRUNK,2026-09-30T06:02:40Z,false
REJ-20260930-3795,RAW-20260930-TRK-NB-07-03795,2026-09-30T05:52:02Z,83,57380527XXXX,TRK-NB-07,UNMAPPED_TRUNK,2026-09-30T06:09:02Z,false
REJ-20260930-3978,RAW-20260930-TRK-NB-07-03978,2026-09-30T05:55:31Z,178,57387093XXXX,TRK-NB-07,UNMAPPED_TRUNK,2026-09-30T06:12:31Z,false
REJ-20260930-3655,RAW-20260930-TRK-NB-07-03655,2026-09-30T05:59:40Z,307,57384605XXXX,TRK-NB-07,UNMAPPED_TRUNK,2026-09-30T06:16:40Z,false
REJ-20260930-3652,RAW-20260930-TRK-NB-07-03652,2026-09-30T06:03:19Z,58,57300688XXXX,TRK-NB-07,UNMAPPED_TRUNK,2026-09-30T06:20:19Z,false
REJ-20260930-3726,RAW-20260930-TRK-NB-07-03726,2026-09-30T06:04:27Z,45,57341149XXXX,TRK-NB-07,UNMAPPED_TRUNK,2026-09-30T06:21:27Z,false
REJ-20260930-3757,RAW-20260930-TRK-NB-07-03757,2026-09-30T06:05:15Z,271,57398492XXXX,TRK-NB-07,UNMAPPED_TRUNK,2026-09-30T06:22:15Z,false
REJ-20260930-3815,RAW-20260930-TRK-NB-07-03815,2026-09-30T06:06:49Z,98,57354475XXXX,TRK-NB-07,UNMAPPED_TRUNK,2026-09-30T06:23:49Z,false
REJ-20260930-3727,RAW-20260930-TRK-NB-07-03727,2026-09-30T06:08:31Z,57,57342197XXXX,TRK-NB-07,UNMAPPED_TRUNK,2026-09-30T06:25:31Z,false
REJ-20260930-3910,RAW-20260930-TRK-NB-07-03910,2026-09-30T06:13:43Z,52,57322515XXXX,TRK-NB-07,UNMAPPED_TRUNK,2026-09-30T06:30:43Z,false
REJ-20260930-3718,RAW-20260930-TRK-NB-07-03718,2026-09-30T06:15:28Z,150,57356114XXXX,TRK-NB-07,UNMAPPED_TRUNK,2026-09-30T06:32:28Z,false
REJ-20260930-3700,RAW-20260930-TRK-NB-07-03700,2026-09-30T06:16:06Z,19,57377222XXXX,TRK-NB-07,UNMAPPED_TRUNK,2026-09-30T06:33:06Z,false
REJ-20260930-3707,RAW-20260930-TRK-NB-07-03707,2026-09-30T06:20:01Z,173,57359944XXXX,TRK-NB-07,UNMAPPED_TRUNK,2026-09-30T06:37:01Z,false
REJ-20260930-3740,RAW-20260930-TRK-NB-07-03740,2026-09-30T06:25:43Z,48,57345230XXXX,TRK-NB-07,UNMAPPED_TRUNK,2026-09-30T06:42:43Z,false
REJ-20260930-3620,RAW-20260930-TRK-NB-07-03620,2026-09-30T06:28:11Z,117,57347743XXXX,TRK-NB-07,UNMAPPED_TRUNK,2026-09-30T06:45:11Z,false
REJ-20260930-3705,RAW-20260930-TRK-NB-07-03705,2026-09-30T06:28:54Z,135,57332251XXXX,TRK-NB-07,UNMAPPED_TRUNK,2026-09-30T06:45:54Z,false
REJ-20260930-3760,RAW-20260930-TRK-NB-07-03760,2026-09-30T06:32:56Z,23,57337443XXXX,TRK-NB-07,UNMAPPED_TRUNK,2026-09-30T06:49:56Z,false
REJ-20260930-3711,RAW-20260930-TRK-NB-07-03711,2026-09-30T06:34:53Z,71,57344419XXXX,TRK-NB-07,UNMAPPED_TRUNK,2026-09-30T06:51:53Z,false
REJ-20260930-3693,RAW-20260930-TRK-NB-07-03693,2026-09-30T06:41:12Z,72,57366847XXXX,TRK-NB-07,UNMAPPED_TRUNK,2026-09-30T06:58:12Z,false
REJ-20260930-3926,RAW-20260930-TRK-NB-07-03926,2026-09-30T06:45:50Z,79,57398232XXXX,TRK-NB-07,UNMAPPED_TRUNK,2026-09-30T07:02:50Z,false
REJ-20260930-3935,RAW-20260930-TRK-NB-07-03935,2026-09-30T06:49:43Z,34,57328830XXXX,TRK-NB-07,UNMAPPED_TRUNK,2026-09-30T07:06:43Z,false
REJ-20260930-3712,RAW-20260930-TRK-NB-07-03712,2026-09-30T06:53:06Z,172,57327654XXXX,TRK-NB-07,UNMAPPED_TRUNK,2026-09-30T07:10:06Z,false
REJ-20260930-3802,RAW-20260930-TRK-NB-07-03802,2026-09-30T06:54:00Z,232,57323303XXXX,TRK-NB-07,UNMAPPED_TRUNK,2026-09-30T07:11:00Z,false
REJ-20260930-3664,RAW-20260930-TRK-NB-07-03664,2026-09-30T06:54:03Z,37,57310545XXXX,TRK-NB-07,UNMAPPED_TRUNK,2026-09-30T07:11:03Z,false
REJ-20260930-3956,RAW-20260930-TRK-NB-07-03956,2026-09-30T06:54:07Z,403,57341159XXXX,TRK-NB-07,UNMAPPED_TRUNK,2026-09-30T07:11:07Z,false
REJ-20260930-3686,RAW-20260930-TRK-NB-07-03686,2026-09-30T07:03:10Z,30,57328333XXXX,TRK-NB-07,UNMAPPED_TRUNK,2026-09-30T07:20:10Z,false
REJ-20260930-3793,RAW-20260930-TRK-NB-07-03793,2026-09-30T07:06:06Z,17,57389497XXXX,TRK-NB-07,UNMAPPED_TRUNK,2026-09-30T07:23:06Z,false
REJ-20260930-3930,RAW-20260930-TRK-NB-07-03930,2026-09-30T07:07:18Z,55,57398850XXXX,TRK-NB-07,UNMAPPED_TRUNK,2026-09-30T07:24:18Z,false
REJ-20260930-3886,RAW-20260930-TRK-NB-07-03886,2026-09-30T07:11:58Z,50,57364203XXXX,TRK-NB-07,UNMAPPED_TRUNK,2026-09-30T07:28:58Z,false
REJ-20260930-3864,RAW-20260930-TRK-NB-07-03864,2026-09-30T07:18:00Z,230,57339606XXXX,TRK-NB-07,UNMAPPED_TRUNK,2026-09-30T07:35:00Z,false
REJ-20260930-3997,RAW-20260930-TRK-NB-07-03997,2026-09-30T07:18:01Z,23,57355072XXXX,TRK-NB-07,UNMAPPED_TRUNK,2026-09-30T07:35:01Z,false
REJ-20260930-3640,RAW-20260930-TRK-NB-07-03640,2026-09-30T07:19:23Z,250,57342632XXXX,TRK-NB-07,UNMAPPED_TRUNK,2026-09-30T07:36:23Z,false
REJ-20260930-3901,RAW-20260930-TRK-NB-07-03901,2026-09-30T07:20:55Z,495,57323021XXXX,TRK-NB-07,UNMAPPED_TRUNK,2026-09-30T07:37:55Z,false
REJ-20260930-3941,RAW-20260930-TRK-NB-07-03941,2026-09-30T07:22:40Z,219,57336095XXXX,TRK-NB-07,UNMAPPED_TRUNK,2026-09-30T07:39:40Z,false
REJ-20260930-3758,RAW-20260930-TRK-NB-07-03758,2026-09-30T07:27:42Z,695,57318865XXXX,TRK-NB-07,UNMAPPED_TRUNK,2026-09-30T07:44:42Z,false
REJ-20260930-3638,RAW-20260930-TRK-NB-07-03638,2026-09-30T07:40:38Z,712,57394720XXXX,TRK-NB-07,UNMAPPED_TRUNK,2026-09-30T07:57:38Z,false
REJ-20260930-3915,RAW-20260930-TRK-NB-07-03915,2026-09-30T07:43:42Z,30,57312625XXXX,TRK-NB-07,UNMAPPED_TRUNK,2026-09-30T08:00:42Z,false
REJ-20260930-3636,RAW-20260930-TRK-NB-07-03636,2026-09-30T07:49:56Z,160,57383479XXXX,TRK-NB-07,UNMAPPED_TRUNK,2026-09-30T08:06:56Z,false
REJ-20260930-3916,RAW-20260930-TRK-NB-07-03916,2026-09-30T08:00:56Z,59,57329508XXXX,TRK-NB-07,UNMAPPED_TRUNK,2026-09-30T08:17:56Z,false
REJ-20260930-3750,RAW-20260930-TRK-NB-07-03750,2026-09-30T08:05:19Z,292,57356292XXXX,TRK-NB-07,UNMAPPED_TRUNK,2026-09-30T08:22:19Z,false
REJ-20260930-3654,RAW-20260930-TRK-NB-07-03654,2026-09-30T08:10:35Z,73,57339662XXXX,TRK-NB-07,UNMAPPED_TRUNK,2026-09-30T08:27:35Z,false
REJ-20260930-3837,RAW-20260930-TRK-NB-07-03837,2026-09-30T08:15:43Z,23,57325502XXXX,TRK-NB-07,UNMAPPED_TRUNK,2026-09-30T08:32:43Z,false
REJ-20260930-3998,RAW-20260930-TRK-NB-07-03998,2026-09-30T08:17:56Z,638,57361872XXXX,TRK-NB-07,UNMAPPED_TRUNK,2026-09-30T08:34:56Z,false
REJ-20260930-3895,RAW-20260930-TRK-NB-07-03895,2026-09-30T08:25:32Z,278,57303584XXXX,TRK-NB-07,UNMAPPED_TRUNK,2026-09-30T08:42:32Z,false
REJ-20260930-3766,RAW-20260930-TRK-NB-07-03766,2026-09-30T08:37:12Z,63,57307493XXXX,TRK-NB-07,UNMAPPED_TRUNK,2026-09-30T08:54:12Z,false
REJ-20260930-3822,RAW-20260930-TRK-NB-07-03822,2026-09-30T08:41:55Z,19,57360108XXXX,TRK-NB-07,UNMAPPED_TRUNK,2026-09-30T08:58:55Z,false
REJ-20260930-3606,RAW-20260930-TRK-NB-07-03606,2026-09-30T08:44:42Z,334,57386240XXXX,TRK-NB-07,UNMAPPED_TRUNK,2026-09-30T09:01:42Z,false
REJ-20260930-3904,RAW-20260930-TRK-NB-07-03904,2026-09-30T08:48:19Z,60,57323155XXXX,TRK-NB-07,UNMAPPED_TRUNK,2026-09-30T09:05:19Z,false
REJ-20260930-3618,RAW-20260930-TRK-NB-07-03618,2026-09-30T08:51:01Z,19,57306557XXXX,TRK-NB-07,UNMAPPED_TRUNK,2026-09-30T09:08:01Z,false
REJ-20260930-3990,RAW-20260930-TRK-NB-07-03990,2026-09-30T08:52:14Z,50,57396815XXXX,TRK-NB-07,UNMAPPED_TRUNK,2026-09-30T09:09:14Z,false
REJ-20260930-3872,RAW-20260930-TRK-NB-07-03872,2026-09-30T08:54:51Z,547,57306229XXXX,TRK-NB-07,UNMAPPED_TRUNK,2026-09-30T09:11:51Z,false
REJ-20260930-3949,RAW-20260930-TRK-NB-07-03949,2026-09-30T09:02:55Z,298,57315168XXXX,TRK-NB-07,UNMAPPED_TRUNK,2026-09-30T09:19:55Z,false
REJ-20260930-3903,RAW-20260930-TRK-NB-07-03903,2026-09-30T09:05:14Z,196,57339606XXXX,TRK-NB-07,UNMAPPED_TRUNK,2026-09-30T09:22:14Z,false
REJ-20260930-3674,RAW-20260930-TRK-NB-07-03674,2026-09-30T09:05:51Z,24,57326565XXXX,TRK-NB-07,UNMAPPED_TRUNK,2026-09-30T09:22:51Z,false
REJ-20260930-3950,RAW-20260930-TRK-NB-07-03950,2026-09-30T09:06:30Z,37,57379187XXXX,TRK-NB-07,UNMAPPED_TRUNK,2026-09-30T09:23:30Z,false
REJ-20260930-3975,RAW-20260930-TRK-NB-07-03975,2026-09-30T09:12:54Z,62,57303506XXXX,TRK-NB-07,UNMAPPED_TRUNK,2026-09-30T09:29:54Z,false
REJ-20260930-3932,RAW-20260930-TRK-NB-07-03932,2026-09-30T09:15:35Z,20,57344713XXXX,TRK-NB-07,UNMAPPED_TRUNK,2026-09-30T09:32:35Z,false
REJ-20260930-3894,RAW-20260930-TRK-NB-07-03894,2026-09-30T09:16:24Z,16,57389383XXXX,TRK-NB-07,UNMAPPED_TRUNK,2026-09-30T09:33:24Z,false
REJ-20260930-3835,RAW-20260930-TRK-NB-07-03835,2026-09-30T09:19:37Z,223,57382627XXXX,TRK-NB-07,UNMAPPED_TRUNK,2026-09-30T09:36:37Z,false
REJ-20260930-3924,RAW-20260930-TRK-NB-07-03924,2026-09-30T09:21:56Z,208,57390120XXXX,TRK-NB-07,UNMAPPED_TRUNK,2026-09-30T09:38:56Z,false
REJ-20260930-3701,RAW-20260930-TRK-NB-07-03701,2026-09-30T09:28:45Z,24,57337761XXXX,TRK-NB-07,UNMAPPED_TRUNK,2026-09-30T09:45:45Z,false
REJ-20260930-3605,RAW-20260930-TRK-NB-07-03605,2026-09-30T09:30:51Z,95,57325222XXXX,TRK-NB-07,UNMAPPED_TRUNK,2026-09-30T09:47:51Z,false
REJ-20260930-3680,RAW-20260930-TRK-NB-07-03680,2026-09-30T09:43:28Z,414,57313097XXXX,TRK-NB-07,UNMAPPED_TRUNK,2026-09-30T10:00:28Z,false
REJ-20260930-3806,RAW-20260930-TRK-NB-07-03806,2026-09-30T09:47:29Z,108,57331280XXXX,TRK-NB-07,UNMAPPED_TRUNK,2026-09-30T10:04:29Z,false
REJ-20260930-3783,RAW-20260930-TRK-NB-07-03783,2026-09-30T09:47:39Z,22,57373341XXXX,TRK-NB-07,UNMAPPED_TRUNK,2026-09-30T10:04:39Z,false
REJ-20260930-3857,RAW-20260930-TRK-NB-07-03857,2026-09-30T09:49:53Z,60,57320016XXXX,TRK-NB-07,UNMAPPED_TRUNK,2026-09-30T10:06:53Z,false
REJ-20260930-3646,RAW-20260930-TRK-NB-07-03646,2026-09-30T10:08:41Z,151,57339244XXXX,TRK-NB-07,UNMAPPED_TRUNK,2026-09-30T10:25:41Z,false
REJ-20260930-3738,RAW-20260930-TRK-NB-07-03738,2026-09-30T10:10:21Z,44,57375196XXXX,TRK-NB-07,UNMAPPED_TRUNK,2026-09-30T10:27:21Z,false
REJ-20260930-3881,RAW-20260930-TRK-NB-07-03881,2026-09-30T10:11:50Z,35,57352665XXXX,TRK-NB-07,UNMAPPED_TRUNK,2026-09-30T10:28:50Z,false
REJ-20260930-3948,RAW-20260930-TRK-NB-07-03948,2026-09-30T10:14:45Z,94,57380070XXXX,TRK-NB-07,UNMAPPED_TRUNK,2026-09-30T10:31:45Z,false
REJ-20260930-3937,RAW-20260930-TRK-NB-07-03937,2026-09-30T10:27:43Z,81,57302522XXXX,TRK-NB-07,UNMAPPED_TRUNK,2026-09-30T10:44:43Z,false
REJ-20260930-3767,RAW-20260930-TRK-NB-07-03767,2026-09-30T10:34:26Z,512,57322486XXXX,TRK-NB-07,UNMAPPED_TRUNK,2026-09-30T10:51:26Z,false
REJ-20260930-3796,RAW-20260930-TRK-NB-07-03796,2026-09-30T10:36:48Z,79,57363086XXXX,TRK-NB-07,UNMAPPED_TRUNK,2026-09-30T10:53:48Z,false
REJ-20260930-3942,RAW-20260930-TRK-NB-07-03942,2026-09-30T10:40:29Z,46,57393115XXXX,TRK-NB-07,UNMAPPED_TRUNK,2026-09-30T10:57:29Z,false
REJ-20260930-3803,RAW-20260930-TRK-NB-07-03803,2026-09-30T10:41:07Z,42,57367723XXXX,TRK-NB-07,UNMAPPED_TRUNK,2026-09-30T10:58:07Z,false
REJ-20260930-3816,RAW-20260930-TRK-NB-07-03816,2026-09-30T11:03:06Z,56,57306926XXXX,TRK-NB-07,UNMAPPED_TRUNK,2026-09-30T11:20:06Z,false
REJ-20260930-3994,RAW-20260930-TRK-NB-07-03994,2026-09-30T11:03:22Z,35,57339329XXXX,TRK-NB-07,UNMAPPED_TRUNK,2026-09-30T11:20:22Z,false
REJ-20260930-3602,RAW-20260930-TRK-NB-07-03602,2026-09-30T11:11:17Z,137,57362195XXXX,TRK-NB-07,UNMAPPED_TRUNK,2026-09-30T11:28:17Z,false
REJ-20260930-3867,RAW-20260930-TRK-NB-07-03867,2026-09-30T11:17:53Z,30,57334424XXXX,TRK-NB-07,UNMAPPED_TRUNK,2026-09-30T11:34:53Z,false
REJ-20260930-3675,RAW-20260930-TRK-NB-07-03675,2026-09-30T11:20:11Z,57,57371411XXXX,TRK-NB-07,UNMAPPED_TRUNK,2026-09-30T11:37:11Z,false
REJ-20260930-3976,RAW-20260930-TRK-NB-07-03976,2026-09-30T11:23:14Z,6,57345111XXXX,TRK-NB-07,UNMAPPED_TRUNK,2026-09-30T11:40:14Z,false
REJ-20260930-3947,RAW-20260930-TRK-NB-07-03947,2026-09-30T11:26:06Z,286,57303823XXXX,TRK-NB-07,UNMAPPED_TRUNK,2026-09-30T11:43:06Z,false
REJ-20260930-3665,RAW-20260930-TRK-NB-07-03665,2026-09-30T11:30:32Z,85,57335287XXXX,TRK-NB-07,UNMAPPED_TRUNK,2026-09-30T11:47:32Z,false
REJ-20260930-3820,RAW-20260930-TRK-NB-07-03820,2026-09-30T11:31:48Z,344,57351057XXXX,TRK-NB-07,UNMAPPED_TRUNK,2026-09-30T11:48:48Z,false
REJ-20260930-3879,RAW-20260930-TRK-NB-07-03879,2026-09-30T11:33:17Z,60,57300148XXXX,TRK-NB-07,UNMAPPED_TRUNK,2026-09-30T11:50:17Z,false
REJ-20260930-3601,RAW-20260930-TRK-NB-07-03601,2026-09-30T11:33:35Z,110,57374918XXXX,TRK-NB-07,UNMAPPED_TRUNK,2026-09-30T11:50:35Z,false
REJ-20260930-3782,RAW-20260930-TRK-NB-07-03782,2026-09-30T11:49:54Z,531,57378126XXXX,TRK-NB-07,UNMAPPED_TRUNK,2026-09-30T12:06:54Z,false
REJ-20260930-3983,RAW-20260930-TRK-NB-07-03983,2026-09-30T11:54:27Z,27,57374929XXXX,TRK-NB-07,UNMAPPED_TRUNK,2026-09-30T12:11:27Z,false
REJ-20260930-3944,RAW-20260930-TRK-NB-07-03944,2026-09-30T12:00:05Z,32,57336621XXXX,TRK-NB-07,UNMAPPED_TRUNK,2026-09-30T12:17:05Z,false
REJ-20260930-3833,RAW-20260930-TRK-NB-07-03833,2026-09-30T12:00:26Z,283,57317518XXXX,TRK-NB-07,UNMAPPED_TRUNK,2026-09-30T12:17:26Z,false
REJ-20260930-3751,RAW-20260930-TRK-NB-07-03751,2026-09-30T12:04:29Z,737,57306842XXXX,TRK-NB-07,UNMAPPED_TRUNK,2026-09-30T12:21:29Z,false
REJ-20260930-3777,RAW-20260930-TRK-NB-07-03777,2026-09-30T12:10:35Z,16,57336614XXXX,TRK-NB-07,UNMAPPED_TRUNK,2026-09-30T12:27:35Z,false
REJ-20260930-3988,RAW-20260930-TRK-NB-07-03988,2026-09-30T12:13:07Z,87,57366617XXXX,TRK-NB-07,UNMAPPED_TRUNK,2026-09-30T12:30:07Z,false
REJ-20260930-3939,RAW-20260930-TRK-NB-07-03939,2026-09-30T12:38:58Z,21,57366588XXXX,TRK-NB-07,UNMAPPED_TRUNK,2026-09-30T12:55:58Z,false
REJ-20260930-3673,RAW-20260930-TRK-NB-07-03673,2026-09-30T12:39:10Z,1685,57338437XXXX,TRK-NB-07,UNMAPPED_TRUNK,2026-09-30T12:56:10Z,false
REJ-20260930-3613,RAW-20260930-TRK-NB-07-03613,2026-09-30T12:39:46Z,124,57398250XXXX,TRK-NB-07,UNMAPPED_TRUNK,2026-09-30T12:56:46Z,false
REJ-20260930-3986,RAW-20260930-TRK-NB-07-03986,2026-09-30T12:42:15Z,35,57333029XXXX,TRK-NB-07,UNMAPPED_TRUNK,2026-09-30T12:59:15Z,false
REJ-20260930-3907,RAW-20260930-TRK-NB-07-03907,2026-09-30T12:47:54Z,27,57363781XXXX,TRK-NB-07,UNMAPPED_TRUNK,2026-09-30T13:04:54Z,false
REJ-20260930-3850,RAW-20260930-TRK-NB-07-03850,2026-09-30T13:00:25Z,119,57329161XXXX,TRK-NB-07,UNMAPPED_TRUNK,2026-09-30T13:17:25Z,false
REJ-20260930-3797,RAW-20260930-TRK-NB-07-03797,2026-09-30T13:05:45Z,22,57326477XXXX,TRK-NB-07,UNMAPPED_TRUNK,2026-09-30T13:22:45Z,false
REJ-20260930-3633,RAW-20260930-TRK-NB-07-03633,2026-09-30T13:05:46Z,5,57322791XXXX,TRK-NB-07,UNMAPPED_TRUNK,2026-09-30T13:22:46Z,false
REJ-20260930-3934,RAW-20260930-TRK-NB-07-03934,2026-09-30T13:07:44Z,25,57372659XXXX,TRK-NB-07,UNMAPPED_TRUNK,2026-09-30T13:24:44Z,false
REJ-20260930-3656,RAW-20260930-TRK-NB-07-03656,2026-09-30T13:07:55Z,111,57317814XXXX,TRK-NB-07,UNMAPPED_TRUNK,2026-09-30T13:24:55Z,false
REJ-20260930-3891,RAW-20260930-TRK-NB-07-03891,2026-09-30T13:08:04Z,22,57386902XXXX,TRK-NB-07,UNMAPPED_TRUNK,2026-09-30T13:25:04Z,false
REJ-20260930-3987,RAW-20260930-TRK-NB-07-03987,2026-09-30T13:09:27Z,16,57399296XXXX,TRK-NB-07,UNMAPPED_TRUNK,2026-09-30T13:26:27Z,false
REJ-20260930-3672,RAW-20260930-TRK-NB-07-03672,2026-09-30T13:15:52Z,269,57389777XXXX,TRK-NB-07,UNMAPPED_TRUNK,2026-09-30T13:32:52Z,false
REJ-20260930-3785,RAW-20260930-TRK-NB-07-03785,2026-09-30T13:18:04Z,272,57324976XXXX,TRK-NB-07,UNMAPPED_TRUNK,2026-09-30T13:35:04Z,false
REJ-20260930-3752,RAW-20260930-TRK-NB-07-03752,2026-09-30T13:20:44Z,54,57312242XXXX,TRK-NB-07,UNMAPPED_TRUNK,2026-09-30T13:37:44Z,false
REJ-20260930-3866,RAW-20260930-TRK-NB-07-03866,2026-09-30T13:20:51Z,26,57366532XXXX,TRK-NB-07,UNMAPPED_TRUNK,2026-09-30T13:37:51Z,false
REJ-20260930-3649,RAW-20260930-TRK-NB-07-03649,2026-09-30T13:23:01Z,169,57345050XXXX,TRK-NB-07,UNMAPPED_TRUNK,2026-09-30T13:40:01Z,false
REJ-20260930-3610,RAW-20260930-TRK-NB-07-03610,2026-09-30T13:28:23Z,27,57381753XXXX,TRK-NB-07,UNMAPPED_TRUNK,2026-09-30T13:45:23Z,false
REJ-20260930-3960,RAW-20260930-TRK-NB-07-03960,2026-09-30T13:33:28Z,343,57338114XXXX,TRK-NB-07,UNMAPPED_TRUNK,2026-09-30T13:50:28Z,false
REJ-20260930-3695,RAW-20260930-TRK-NB-07-03695,2026-09-30T13:40:27Z,49,57369096XXXX,TRK-NB-07,UNMAPPED_TRUNK,2026-09-30T13:57:27Z,false
REJ-20260930-3859,RAW-20260930-TRK-NB-07-03859,2026-09-30T13:41:25Z,59,57349498XXXX,TRK-NB-07,UNMAPPED_TRUNK,2026-09-30T13:58:25Z,false
REJ-20260930-3811,RAW-20260930-TRK-NB-07-03811,2026-09-30T13:42:48Z,81,57396567XXXX,TRK-NB-07,UNMAPPED_TRUNK,2026-09-30T13:59:48Z,false
REJ-20260930-3628,RAW-20260930-TRK-NB-07-03628,2026-09-30T13:44:13Z,394,57320062XXXX,TRK-NB-07,UNMAPPED_TRUNK,2026-09-30T14:01:13Z,false
REJ-20260930-3681,RAW-20260930-TRK-NB-07-03681,2026-09-30T13:47:41Z,70,57360261XXXX,TRK-NB-07,UNMAPPED_TRUNK,2026-09-30T14:04:41Z,false
REJ-20260930-3818,RAW-20260930-TRK-NB-07-03818,2026-09-30T13:48:52Z,111,57385507XXXX,TRK-NB-07,UNMAPPED_TRUNK,2026-09-30T14:05:52Z,false
REJ-20260930-3813,RAW-20260930-TRK-NB-07-03813,2026-09-30T13:52:38Z,52,57305729XXXX,TRK-NB-07,UNMAPPED_TRUNK,2026-09-30T14:09:38Z,false
REJ-20260930-3884,RAW-20260930-TRK-NB-07-03884,2026-09-30T13:52:52Z,53,57323774XXXX,TRK-NB-07,UNMAPPED_TRUNK,2026-09-30T14:09:52Z,false
REJ-20260930-3828,RAW-20260930-TRK-NB-07-03828,2026-09-30T13:58:41Z,31,57330377XXXX,TRK-NB-07,UNMAPPED_TRUNK,2026-09-30T14:15:41Z,false
REJ-20260930-3880,RAW-20260930-TRK-NB-07-03880,2026-09-30T13:59:17Z,16,57399266XXXX,TRK-NB-07,UNMAPPED_TRUNK,2026-09-30T14:16:17Z,false
REJ-20260930-3781,RAW-20260930-TRK-NB-07-03781,2026-09-30T14:05:07Z,171,57324810XXXX,TRK-NB-07,UNMAPPED_TRUNK,2026-09-30T14:22:07Z,false
REJ-20260930-3852,RAW-20260930-TRK-NB-07-03852,2026-09-30T14:09:58Z,47,57388701XXXX,TRK-NB-07,UNMAPPED_TRUNK,2026-09-30T14:26:58Z,false
REJ-20260930-3893,RAW-20260930-TRK-NB-07-03893,2026-09-30T14:12:08Z,439,57344315XXXX,TRK-NB-07,UNMAPPED_TRUNK,2026-09-30T14:29:08Z,false
REJ-20260930-3692,RAW-20260930-TRK-NB-07-03692,2026-09-30T14:16:58Z,404,57347029XXXX,TRK-NB-07,UNMAPPED_TRUNK,2026-09-30T14:33:58Z,false
REJ-20260930-3621,RAW-20260930-TRK-NB-07-03621,2026-09-30T14:19:26Z,60,57328833XXXX,TRK-NB-07,UNMAPPED_TRUNK,2026-09-30T14:36:26Z,false
REJ-20260930-3732,RAW-20260930-TRK-NB-07-03732,2026-09-30T14:27:32Z,71,57381700XXXX,TRK-NB-07,UNMAPPED_TRUNK,2026-09-30T14:44:32Z,false
REJ-20260930-3808,RAW-20260930-TRK-NB-07-03808,2026-09-30T14:36:28Z,49,57327115XXXX,TRK-NB-07,UNMAPPED_TRUNK,2026-09-30T14:53:28Z,false
REJ-20260930-3966,RAW-20260930-TRK-NB-07-03966,2026-09-30T14:48:18Z,293,57397253XXXX,TRK-NB-07,UNMAPPED_TRUNK,2026-09-30T15:05:18Z,false
REJ-20260930-3626,RAW-20260930-TRK-NB-07-03626,2026-09-30T14:54:06Z,46,57322265XXXX,TRK-NB-07,UNMAPPED_TRUNK,2026-09-30T15:11:06Z,false
REJ-20260930-3780,RAW-20260930-TRK-NB-07-03780,2026-09-30T14:54:35Z,213,57344427XXXX,TRK-NB-07,UNMAPPED_TRUNK,2026-09-30T15:11:35Z,false
REJ-20260930-3883,RAW-20260930-TRK-NB-07-03883,2026-09-30T14:55:11Z,175,57357015XXXX,TRK-NB-07,UNMAPPED_TRUNK,2026-09-30T15:12:11Z,false
REJ-20260930-3922,RAW-20260930-TRK-NB-07-03922,2026-09-30T15:01:00Z,125,57396412XXXX,TRK-NB-07,UNMAPPED_TRUNK,2026-09-30T15:18:00Z,false
REJ-20260930-3892,RAW-20260930-TRK-NB-07-03892,2026-09-30T15:16:29Z,38,57314167XXXX,TRK-NB-07,UNMAPPED_TRUNK,2026-09-30T15:33:29Z,false
REJ-20260930-3804,RAW-20260930-TRK-NB-07-03804,2026-09-30T15:18:38Z,165,57332331XXXX,TRK-NB-07,UNMAPPED_TRUNK,2026-09-30T15:35:38Z,false
REJ-20260930-3634,RAW-20260930-TRK-NB-07-03634,2026-09-30T15:24:13Z,10,57378733XXXX,TRK-NB-07,UNMAPPED_TRUNK,2026-09-30T15:41:13Z,false
REJ-20260930-3641,RAW-20260930-TRK-NB-07-03641,2026-09-30T15:34:31Z,45,57351014XXXX,TRK-NB-07,UNMAPPED_TRUNK,2026-09-30T15:51:31Z,false
REJ-20260930-3955,RAW-20260930-TRK-NB-07-03955,2026-09-30T15:36:54Z,19,57380062XXXX,TRK-NB-07,UNMAPPED_TRUNK,2026-09-30T15:53:54Z,false
REJ-20260930-3625,RAW-20260930-TRK-NB-07-03625,2026-09-30T15:37:39Z,36,57304160XXXX,TRK-NB-07,UNMAPPED_TRUNK,2026-09-30T15:54:39Z,false
REJ-20260930-3774,RAW-20260930-TRK-NB-07-03774,2026-09-30T15:39:42Z,247,57303387XXXX,TRK-NB-07,UNMAPPED_TRUNK,2026-09-30T15:56:42Z,false
REJ-20260930-3714,RAW-20260930-TRK-NB-07-03714,2026-09-30T15:43:27Z,132,57313553XXXX,TRK-NB-07,UNMAPPED_TRUNK,2026-09-30T16:00:27Z,false
REJ-20260930-3736,RAW-20260930-TRK-NB-07-03736,2026-09-30T15:46:09Z,149,57312315XXXX,TRK-NB-07,UNMAPPED_TRUNK,2026-09-30T16:03:09Z,false
REJ-20260930-3969,RAW-20260930-TRK-NB-07-03969,2026-09-30T15:57:48Z,184,57344022XXXX,TRK-NB-07,UNMAPPED_TRUNK,2026-09-30T16:14:48Z,false
REJ-20260930-3627,RAW-20260930-TRK-NB-07-03627,2026-09-30T15:59:00Z,64,57393514XXXX,TRK-NB-07,UNMAPPED_TRUNK,2026-09-30T16:16:00Z,false
REJ-20260930-3989,RAW-20260930-TRK-NB-07-03989,2026-09-30T16:00:41Z,4,57321031XXXX,TRK-NB-07,UNMAPPED_TRUNK,2026-09-30T16:17:41Z,false
REJ-20260930-3730,RAW-20260930-TRK-NB-07-03730,2026-09-30T16:01:47Z,30,57369839XXXX,TRK-NB-07,UNMAPPED_TRUNK,2026-09-30T16:18:47Z,false
REJ-20260930-3855,RAW-20260930-TRK-NB-07-03855,2026-09-30T16:14:48Z,442,57372698XXXX,TRK-NB-07,UNMAPPED_TRUNK,2026-09-30T16:31:48Z,false
REJ-20260930-3697,RAW-20260930-TRK-NB-07-03697,2026-09-30T16:17:06Z,43,57325972XXXX,TRK-NB-07,UNMAPPED_TRUNK,2026-09-30T16:34:06Z,false
REJ-20260930-3832,RAW-20260930-TRK-NB-07-03832,2026-09-30T16:20:16Z,23,57316485XXXX,TRK-NB-07,UNMAPPED_TRUNK,2026-09-30T16:37:16Z,false
REJ-20260930-3826,RAW-20260930-TRK-NB-07-03826,2026-09-30T16:20:48Z,116,57310302XXXX,TRK-NB-07,UNMAPPED_TRUNK,2026-09-30T16:37:48Z,false
REJ-20260930-3812,RAW-20260930-TRK-NB-07-03812,2026-09-30T16:22:56Z,114,57365760XXXX,TRK-NB-07,UNMAPPED_TRUNK,2026-09-30T16:39:56Z,false
REJ-20260930-3679,RAW-20260930-TRK-NB-07-03679,2026-09-30T16:29:11Z,175,57327451XXXX,TRK-NB-07,UNMAPPED_TRUNK,2026-09-30T16:46:11Z,false
REJ-20260930-3807,RAW-20260930-TRK-NB-07-03807,2026-09-30T16:40:02Z,55,57389656XXXX,TRK-NB-07,UNMAPPED_TRUNK,2026-09-30T16:57:02Z,false
REJ-20260930-3972,RAW-20260930-TRK-NB-07-03972,2026-09-30T16:40:22Z,134,57369712XXXX,TRK-NB-07,UNMAPPED_TRUNK,2026-09-30T16:57:22Z,false
REJ-20260930-3869,RAW-20260930-TRK-NB-07-03869,2026-09-30T16:40:42Z,42,57301161XXXX,TRK-NB-07,UNMAPPED_TRUNK,2026-09-30T16:57:42Z,false
REJ-20260930-3931,RAW-20260930-TRK-NB-07-03931,2026-09-30T16:42:51Z,32,57357939XXXX,TRK-NB-07,UNMAPPED_TRUNK,2026-09-30T16:59:51Z,false
REJ-20260930-3830,RAW-20260930-TRK-NB-07-03830,2026-09-30T16:43:25Z,25,57301626XXXX,TRK-NB-07,UNMAPPED_TRUNK,2026-09-30T17:00:25Z,false
REJ-20260930-3694,RAW-20260930-TRK-NB-07-03694,2026-09-30T16:47:27Z,4,57321656XXXX,TRK-NB-07,UNMAPPED_TRUNK,2026-09-30T17:04:27Z,false
REJ-20260930-3873,RAW-20260930-TRK-NB-07-03873,2026-09-30T16:49:41Z,14,57357195XXXX,TRK-NB-07,UNMAPPED_TRUNK,2026-09-30T17:06:41Z,false
REJ-20260930-3888,RAW-20260930-TRK-NB-07-03888,2026-09-30T16:50:13Z,13,57308273XXXX,TRK-NB-07,UNMAPPED_TRUNK,2026-09-30T17:07:13Z,false
REJ-20260930-3663,RAW-20260930-TRK-NB-07-03663,2026-09-30T16:51:02Z,69,57348593XXXX,TRK-NB-07,UNMAPPED_TRUNK,2026-09-30T17:08:02Z,false
REJ-20260930-3913,RAW-20260930-TRK-NB-07-03913,2026-09-30T16:55:34Z,61,57352313XXXX,TRK-NB-07,UNMAPPED_TRUNK,2026-09-30T17:12:34Z,false
REJ-20260930-3639,RAW-20260930-TRK-NB-07-03639,2026-09-30T16:55:47Z,15,57374465XXXX,TRK-NB-07,UNMAPPED_TRUNK,2026-09-30T17:12:47Z,false
REJ-20260930-3865,RAW-20260930-TRK-NB-07-03865,2026-09-30T16:56:02Z,50,57329614XXXX,TRK-NB-07,UNMAPPED_TRUNK,2026-09-30T17:13:02Z,false
REJ-20260930-3787,RAW-20260930-TRK-NB-07-03787,2026-09-30T16:56:45Z,24,57380630XXXX,TRK-NB-07,UNMAPPED_TRUNK,2026-09-30T17:13:45Z,false
REJ-20260930-3629,RAW-20260930-TRK-NB-07-03629,2026-09-30T17:01:56Z,80,57373016XXXX,TRK-NB-07,UNMAPPED_TRUNK,2026-09-30T17:18:56Z,false
REJ-20260930-3709,RAW-20260930-TRK-NB-07-03709,2026-09-30T17:04:36Z,43,57361258XXXX,TRK-NB-07,UNMAPPED_TRUNK,2026-09-30T17:21:36Z,false
REJ-20260930-3775,RAW-20260930-TRK-NB-07-03775,2026-09-30T17:06:08Z,83,57310040XXXX,TRK-NB-07,UNMAPPED_TRUNK,2026-09-30T17:23:08Z,false
REJ-20260930-3999,RAW-20260930-TRK-NB-07-03999,2026-09-30T17:10:45Z,63,57385985XXXX,TRK-NB-07,UNMAPPED_TRUNK,2026-09-30T17:27:45Z,false
REJ-20260930-3920,RAW-20260930-TRK-NB-07-03920,2026-09-30T17:12:49Z,7,57344373XXXX,TRK-NB-07,UNMAPPED_TRUNK,2026-09-30T17:29:49Z,false
REJ-20260930-3786,RAW-20260930-TRK-NB-07-03786,2026-09-30T17:15:12Z,17,57304367XXXX,TRK-NB-07,UNMAPPED_TRUNK,2026-09-30T17:32:12Z,false
REJ-20260930-3925,RAW-20260930-TRK-NB-07-03925,2026-09-30T17:16:01Z,92,57352901XXXX,TRK-NB-07,UNMAPPED_TRUNK,2026-09-30T17:33:01Z,false
REJ-20260930-3977,RAW-20260930-TRK-NB-07-03977,2026-09-30T17:21:05Z,15,57329807XXXX,TRK-NB-07,UNMAPPED_TRUNK,2026-09-30T17:38:05Z,false
REJ-20260930-Z040,RAW-20260930-TRK-NB-05-Z040,2026-09-30T17:21:45Z,0,50258442XXXX,TRK-NB-05,ZERO_DURATION,2026-09-30T17:38:45Z,false
REJ-20260930-3902,RAW-20260930-TRK-NB-07-03902,2026-09-30T17:22:02Z,197,57398264XXXX,TRK-NB-07,UNMAPPED_TRUNK,2026-09-30T17:39:02Z,false
REJ-20260930-3814,RAW-20260930-TRK-NB-07-03814,2026-09-30T17:32:25Z,133,57332874XXXX,TRK-NB-07,UNMAPPED_TRUNK,2026-09-30T17:49:25Z,false
REJ-20260930-3791,RAW-20260930-TRK-NB-07-03791,2026-09-30T17:32:59Z,37,57396082XXXX,TRK-NB-07,UNMAPPED_TRUNK,2026-09-30T17:49:59Z,false
REJ-20260930-3630,RAW-20260930-TRK-NB-07-03630,2026-09-30T17:36:36Z,116,57368080XXXX,TRK-NB-07,UNMAPPED_TRUNK,2026-09-30T17:53:36Z,false
REJ-20260930-3623,RAW-20260930-TRK-NB-07-03623,2026-09-30T17:41:38Z,12,57366994XXXX,TRK-NB-07,UNMAPPED_TRUNK,2026-09-30T17:58:38Z,false
REJ-20260930-3741,RAW-20260930-TRK-NB-07-03741,2026-09-30T17:48:54Z,129,57342011XXXX,TRK-NB-07,UNMAPPED_TRUNK,2026-09-30T18:05:54Z,false
REJ-20260930-3863,RAW-20260930-TRK-NB-07-03863,2026-09-30T17:57:06Z,9,57346831XXXX,TRK-NB-07,UNMAPPED_TRUNK,2026-09-30T18:14:06Z,false
REJ-20260930-3631,RAW-20260930-TRK-NB-07-03631,2026-09-30T18:00:22Z,2,57330641XXXX,TRK-NB-07,UNMAPPED_TRUNK,2026-09-30T18:17:22Z,false
REJ-20260930-3764,RAW-20260930-TRK-NB-07-03764,2026-09-30T18:00:27Z,836,57397118XXXX,TRK-NB-07,UNMAPPED_TRUNK,2026-09-30T18:17:27Z,false
REJ-20260930-3823,RAW-20260930-TRK-NB-07-03823,2026-09-30T18:00:36Z,12,57325774XXXX,TRK-NB-07,UNMAPPED_TRUNK,2026-09-30T18:17:36Z,false
REJ-20260930-3710,RAW-20260930-TRK-NB-07-03710,2026-09-30T18:01:24Z,11,57324572XXXX,TRK-NB-07,UNMAPPED_TRUNK,2026-09-30T18:18:24Z,false
REJ-20260930-3817,RAW-20260930-TRK-NB-07-03817,2026-09-30T18:01:33Z,22,57397857XXXX,TRK-NB-07,UNMAPPED_TRUNK,2026-09-30T18:18:33Z,false
REJ-20260930-3779,RAW-20260930-TRK-NB-07-03779,2026-09-30T18:05:50Z,302,57342305XXXX,TRK-NB-07,UNMAPPED_TRUNK,2026-09-30T18:22:50Z,false
REJ-20260930-3754,RAW-20260930-TRK-NB-07-03754,2026-09-30T18:06:59Z,42,57327210XXXX,TRK-NB-07,UNMAPPED_TRUNK,2026-09-30T18:23:59Z,false
REJ-20260930-3799,RAW-20260930-TRK-NB-07-03799,2026-09-30T18:08:52Z,287,57365199XXXX,TRK-NB-07,UNMAPPED_TRUNK,2026-09-30T18:25:52Z,false
REJ-20260930-3861,RAW-20260930-TRK-NB-07-03861,2026-09-30T18:13:38Z,155,57335469XXXX,TRK-NB-07,UNMAPPED_TRUNK,2026-09-30T18:30:38Z,false
REJ-20260930-3967,RAW-20260930-TRK-NB-07-03967,2026-09-30T18:13:57Z,86,57346140XXXX,TRK-NB-07,UNMAPPED_TRUNK,2026-09-30T18:30:57Z,false
REJ-20260930-3914,RAW-20260930-TRK-NB-07-03914,2026-09-30T18:16:17Z,250,57390411XXXX,TRK-NB-07,UNMAPPED_TRUNK,2026-09-30T18:33:17Z,false
REJ-20260930-3918,RAW-20260930-TRK-NB-07-03918,2026-09-30T18:19:58Z,117,57329473XXXX,TRK-NB-07,UNMAPPED_TRUNK,2026-09-30T18:36:58Z,false
REJ-20260930-3706,RAW-20260930-TRK-NB-07-03706,2026-09-30T18:20:02Z,734,57379419XXXX,TRK-NB-07,UNMAPPED_TRUNK,2026-09-30T18:37:02Z,false
REJ-20260930-3792,RAW-20260930-TRK-NB-07-03792,2026-09-30T18:20:02Z,7,57344479XXXX,TRK-NB-07,UNMAPPED_TRUNK,2026-09-30T18:37:02Z,false
REJ-20260930-3698,RAW-20260930-TRK-NB-07-03698,2026-09-30T18:24:18Z,273,57328026XXXX,TRK-NB-07,UNMAPPED_TRUNK,2026-09-30T18:41:18Z,false
REJ-20260930-3984,RAW-20260930-TRK-NB-07-03984,2026-09-30T18:26:28Z,26,57378546XXXX,TRK-NB-07,UNMAPPED_TRUNK,2026-09-30T18:43:28Z,false
REJ-20260930-3911,RAW-20260930-TRK-NB-07-03911,2026-09-30T18:35:05Z,173,57392040XXXX,TRK-NB-07,UNMAPPED_TRUNK,2026-09-30T18:52:05Z,false
REJ-20260930-3669,RAW-20260930-TRK-NB-07-03669,2026-09-30T18:35:30Z,241,57351322XXXX,TRK-NB-07,UNMAPPED_TRUNK,2026-09-30T18:52:30Z,false
REJ-20260930-3829,RAW-20260930-TRK-NB-07-03829,2026-09-30T18:37:15Z,124,57356161XXXX,TRK-NB-07,UNMAPPED_TRUNK,2026-09-30T18:54:15Z,false
REJ-20260930-3964,RAW-20260930-TRK-NB-07-03964,2026-09-30T18:38:18Z,55,57322734XXXX,TRK-NB-07,UNMAPPED_TRUNK,2026-09-30T18:55:18Z,false
REJ-20260930-3666,RAW-20260930-TRK-NB-07-03666,2026-09-30T18:41:38Z,372,57302004XXXX,TRK-NB-07,UNMAPPED_TRUNK,2026-09-30T18:58:38Z,false
REJ-20260930-3897,RAW-20260930-TRK-NB-07-03897,2026-09-30T18:42:51Z,50,57376820XXXX,TRK-NB-07,UNMAPPED_TRUNK,2026-09-30T18:59:51Z,false
REJ-20260930-3827,RAW-20260930-TRK-NB-07-03827,2026-09-30T18:48:38Z,101,57307029XXXX,TRK-NB-07,UNMAPPED_TRUNK,2026-09-30T19:05:38Z,false
REJ-20260930-3908,RAW-20260930-TRK-NB-07-03908,2026-09-30T18:52:01Z,51,57309611XXXX,TRK-NB-07,UNMAPPED_TRUNK,2026-09-30T19:09:01Z,false
REJ-20260930-3970,RAW-20260930-TRK-NB-07-03970,2026-09-30T18:56:47Z,552,57346913XXXX,TRK-NB-07,UNMAPPED_TRUNK,2026-09-30T19:13:47Z,false
REJ-20260930-3659,RAW-20260930-TRK-NB-07-03659,2026-09-30T18:56:54Z,175,57347459XXXX,TRK-NB-07,UNMAPPED_TRUNK,2026-09-30T19:13:54Z,false
REJ-20260930-3608,RAW-20260930-TRK-NB-07-03608,2026-09-30T18:57:25Z,38,57325838XXXX,TRK-NB-07,UNMAPPED_TRUNK,2026-09-30T19:14:25Z,false
REJ-20260930-3713,RAW-20260930-TRK-NB-07-03713,2026-09-30T18:58:38Z,504,57307976XXXX,TRK-NB-07,UNMAPPED_TRUNK,2026-09-30T19:15:38Z,false
REJ-20260930-3773,RAW-20260930-TRK-NB-07-03773,2026-09-30T19:02:13Z,629,57364775XXXX,TRK-NB-07,UNMAPPED_TRUNK,2026-09-30T19:19:13Z,false
REJ-20260930-3992,RAW-20260930-TRK-NB-07-03992,2026-09-30T19:03:08Z,73,57365999XXXX,TRK-NB-07,UNMAPPED_TRUNK,2026-09-30T19:20:08Z,false
REJ-20260930-3719,RAW-20260930-TRK-NB-07-03719,2026-09-30T19:05:26Z,16,57369303XXXX,TRK-NB-07,UNMAPPED_TRUNK,2026-09-30T19:22:26Z,false
REJ-20260930-3703,RAW-20260930-TRK-NB-07-03703,2026-09-30T19:05:45Z,3,57340423XXXX,TRK-NB-07,UNMAPPED_TRUNK,2026-09-30T19:22:45Z,false
REJ-20260930-3746,RAW-20260930-TRK-NB-07-03746,2026-09-30T19:06:59Z,6,57372796XXXX,TRK-NB-07,UNMAPPED_TRUNK,2026-09-30T19:23:59Z,false
REJ-20260930-3731,RAW-20260930-TRK-NB-07-03731,2026-09-30T19:07:10Z,92,57359868XXXX,TRK-NB-07,UNMAPPED_TRUNK,2026-09-30T19:24:10Z,false
REJ-20260930-3603,RAW-20260930-TRK-NB-07-03603,2026-09-30T19:11:05Z,42,57349586XXXX,TRK-NB-07,UNMAPPED_TRUNK,2026-09-30T19:28:05Z,false
REJ-20260930-3748,RAW-20260930-TRK-NB-07-03748,2026-09-30T19:15:37Z,2,57391247XXXX,TRK-NB-07,UNMAPPED_TRUNK,2026-09-30T19:32:37Z,false
REJ-20260930-3609,RAW-20260930-TRK-NB-07-03609,2026-09-30T19:16:40Z,177,57323592XXXX,TRK-NB-07,UNMAPPED_TRUNK,2026-09-30T19:33:40Z,false
REJ-20260930-3923,RAW-20260930-TRK-NB-07-03923,2026-09-30T19:24:40Z,93,57369360XXXX,TRK-NB-07,UNMAPPED_TRUNK,2026-09-30T19:41:40Z,false
REJ-20260930-3687,RAW-20260930-TRK-NB-07-03687,2026-09-30T19:27:53Z,10,57354442XXXX,TRK-NB-07,UNMAPPED_TRUNK,2026-09-30T19:44:53Z,false
REJ-20260930-3871,RAW-20260930-TRK-NB-07-03871,2026-09-30T19:28:35Z,5,57347311XXXX,TRK-NB-07,UNMAPPED_TRUNK,2026-09-30T19:45:35Z,false
REJ-20260930-3614,RAW-20260930-TRK-NB-07-03614,2026-09-30T19:34:12Z,151,57304039XXXX,TRK-NB-07,UNMAPPED_TRUNK,2026-09-30T19:51:12Z,false
REJ-20260930-3645,RAW-20260930-TRK-NB-07-03645,2026-09-30T19:35:07Z,82,57304186XXXX,TRK-NB-07,UNMAPPED_TRUNK,2026-09-30T19:52:07Z,false
REJ-20260930-3896,RAW-20260930-TRK-NB-07-03896,2026-09-30T19:40:25Z,13,57311817XXXX,TRK-NB-07,UNMAPPED_TRUNK,2026-09-30T19:57:25Z,false
REJ-20260930-3929,RAW-20260930-TRK-NB-07-03929,2026-09-30T19:41:35Z,37,57331606XXXX,TRK-NB-07,UNMAPPED_TRUNK,2026-09-30T19:58:35Z,false
REJ-20260930-3763,RAW-20260930-TRK-NB-07-03763,2026-09-30T19:43:01Z,11,57322129XXXX,TRK-NB-07,UNMAPPED_TRUNK,2026-09-30T20:00:01Z,false
REJ-20260930-3919,RAW-20260930-TRK-NB-07-03919,2026-09-30T19:43:36Z,94,57332542XXXX,TRK-NB-07,UNMAPPED_TRUNK,2026-09-30T20:00:36Z,false
REJ-20260930-3735,RAW-20260930-TRK-NB-07-03735,2026-09-30T19:45:59Z,37,57300714XXXX,TRK-NB-07,UNMAPPED_TRUNK,2026-09-30T20:02:59Z,false
REJ-20260930-3940,RAW-20260930-TRK-NB-07-03940,2026-09-30T19:49:08Z,504,57300796XXXX,TRK-NB-07,UNMAPPED_TRUNK,2026-09-30T20:06:08Z,false
REJ-20260930-3979,RAW-20260930-TRK-NB-07-03979,2026-09-30T19:53:39Z,588,57382977XXXX,TRK-NB-07,UNMAPPED_TRUNK,2026-09-30T20:10:39Z,false
REJ-20260930-3689,RAW-20260930-TRK-NB-07-03689,2026-09-30T19:56:08Z,317,57386276XXXX,TRK-NB-07,UNMAPPED_TRUNK,2026-09-30T20:13:08Z,false
REJ-20260930-3943,RAW-20260930-TRK-NB-07-03943,2026-09-30T19:58:00Z,572,57327598XXXX,TRK-NB-07,UNMAPPED_TRUNK,2026-09-30T20:15:00Z,false
REJ-20260930-3909,RAW-20260930-TRK-NB-07-03909,2026-09-30T20:02:31Z,108,57302622XXXX,TRK-NB-07,UNMAPPED_TRUNK,2026-09-30T20:19:31Z,false
REJ-20260930-3885,RAW-20260930-TRK-NB-07-03885,2026-09-30T20:12:02Z,1459,57331060XXXX,TRK-NB-07,UNMAPPED_TRUNK,2026-09-30T20:29:02Z,false
REJ-20260930-3858,RAW-20260930-TRK-NB-07-03858,2026-09-30T20:21:26Z,114,57381075XXXX,TRK-NB-07,UNMAPPED_TRUNK,2026-09-30T20:38:26Z,false
REJ-20260930-3617,RAW-20260930-TRK-NB-07-03617,2026-09-30T20:22:40Z,220,57302006XXXX,TRK-NB-07,UNMAPPED_TRUNK,2026-09-30T20:39:40Z,false
REJ-20260930-3723,RAW-20260930-TRK-NB-07-03723,2026-09-30T20:23:51Z,24,57375056XXXX,TRK-NB-07,UNMAPPED_TRUNK,2026-09-30T20:40:51Z,false
REJ-20260930-3890,RAW-20260930-TRK-NB-07-03890,2026-09-30T20:26:23Z,259,57302557XXXX,TRK-NB-07,UNMAPPED_TRUNK,2026-09-30T20:43:23Z,false
REJ-20260930-3877,RAW-20260930-TRK-NB-07-03877,2026-09-30T20:28:52Z,41,57310439XXXX,TRK-NB-07,UNMAPPED_TRUNK,2026-09-30T20:45:52Z,false
REJ-20260930-3685,RAW-20260930-TRK-NB-07-03685,2026-09-30T20:28:53Z,14,57395931XXXX,TRK-NB-07,UNMAPPED_TRUNK,2026-09-30T20:45:53Z,false
REJ-20260930-3868,RAW-20260930-TRK-NB-07-03868,2026-09-30T20:31:58Z,439,57313280XXXX,TRK-NB-07,UNMAPPED_TRUNK,2026-09-30T20:48:58Z,false
REJ-20260930-3982,RAW-20260930-TRK-NB-07-03982,2026-09-30T20:32:13Z,40,57395473XXXX,TRK-NB-07,UNMAPPED_TRUNK,2026-09-30T20:49:13Z,false
REJ-20260930-3842,RAW-20260930-TRK-NB-07-03842,2026-09-30T20:36:18Z,1237,57323112XXXX,TRK-NB-07,UNMAPPED_TRUNK,2026-09-30T20:53:18Z,false
REJ-20260930-3789,RAW-20260930-TRK-NB-07-03789,2026-09-30T20:37:46Z,8,57367542XXXX,TRK-NB-07,UNMAPPED_TRUNK,2026-09-30T20:54:46Z,false
REJ-20260930-3632,RAW-20260930-TRK-NB-07-03632,2026-09-30T20:42:06Z,474,57310280XXXX,TRK-NB-07,UNMAPPED_TRUNK,2026-09-30T20:59:06Z,false
REJ-20260930-3776,RAW-20260930-TRK-NB-07-03776,2026-09-30T20:51:02Z,51,57337199XXXX,TRK-NB-07,UNMAPPED_TRUNK,2026-09-30T21:08:02Z,false
REJ-20260930-3878,RAW-20260930-TRK-NB-07-03878,2026-09-30T20:58:16Z,161,57340976XXXX,TRK-NB-07,UNMAPPED_TRUNK,2026-09-30T21:15:16Z,false
REJ-20260930-3755,RAW-20260930-TRK-NB-07-03755,2026-09-30T21:00:06Z,21,57356348XXXX,TRK-NB-07,UNMAPPED_TRUNK,2026-09-30T21:17:06Z,false
REJ-20260930-3744,RAW-20260930-TRK-NB-07-03744,2026-09-30T21:04:18Z,47,57355091XXXX,TRK-NB-07,UNMAPPED_TRUNK,2026-09-30T21:21:18Z,false
REJ-20260930-3653,RAW-20260930-TRK-NB-07-03653,2026-09-30T21:11:37Z,70,57329189XXXX,TRK-NB-07,UNMAPPED_TRUNK,2026-09-30T21:28:37Z,false
REJ-20260930-3854,RAW-20260930-TRK-NB-07-03854,2026-09-30T21:13:01Z,23,57337545XXXX,TRK-NB-07,UNMAPPED_TRUNK,2026-09-30T21:30:01Z,false
REJ-20260930-3840,RAW-20260930-TRK-NB-07-03840,2026-09-30T21:14:40Z,207,57342107XXXX,TRK-NB-07,UNMAPPED_TRUNK,2026-09-30T21:31:40Z,false
REJ-20260930-3951,RAW-20260930-TRK-NB-07-03951,2026-09-30T21:15:37Z,158,57310098XXXX,TRK-NB-07,UNMAPPED_TRUNK,2026-09-30T21:32:37Z,false
REJ-20260930-3809,RAW-20260930-TRK-NB-07-03809,2026-09-30T21:15:55Z,148,57313223XXXX,TRK-NB-07,UNMAPPED_TRUNK,2026-09-30T21:32:55Z,false
REJ-20260930-3971,RAW-20260930-TRK-NB-07-03971,2026-09-30T21:18:28Z,48,57317525XXXX,TRK-NB-07,UNMAPPED_TRUNK,2026-09-30T21:35:28Z,false
REJ-20260930-3958,RAW-20260930-TRK-NB-07-03958,2026-09-30T21:25:17Z,31,57342162XXXX,TRK-NB-07,UNMAPPED_TRUNK,2026-09-30T21:42:17Z,false
REJ-20260930-3651,RAW-20260930-TRK-NB-07-03651,2026-09-30T21:37:36Z,16,57309701XXXX,TRK-NB-07,UNMAPPED_TRUNK,2026-09-30T21:54:36Z,false
REJ-20260930-3647,RAW-20260930-TRK-NB-07-03647,2026-09-30T21:37:52Z,49,57389563XXXX,TRK-NB-07,UNMAPPED_TRUNK,2026-09-30T21:54:52Z,false
REJ-20260930-3836,RAW-20260930-TRK-NB-07-03836,2026-09-30T21:43:14Z,53,57354192XXXX,TRK-NB-07,UNMAPPED_TRUNK,2026-09-30T22:00:14Z,false
REJ-20260930-3957,RAW-20260930-TRK-NB-07-03957,2026-09-30T21:45:57Z,205,57357526XXXX,TRK-NB-07,UNMAPPED_TRUNK,2026-09-30T22:02:57Z,false
REJ-20260930-3643,RAW-20260930-TRK-NB-07-03643,2026-09-30T21:46:52Z,609,57325033XXXX,TRK-NB-07,UNMAPPED_TRUNK,2026-09-30T22:03:52Z,false
REJ-20260930-3657,RAW-20260930-TRK-NB-07-03657,2026-09-30T21:58:44Z,175,57377483XXXX,TRK-NB-07,UNMAPPED_TRUNK,2026-09-30T22:15:44Z,false
REJ-20260930-3841,RAW-20260930-TRK-NB-07-03841,2026-09-30T22:01:30Z,100,57300535XXXX,TRK-NB-07,UNMAPPED_TRUNK,2026-09-30T22:18:30Z,false
REJ-20260930-3677,RAW-20260930-TRK-NB-07-03677,2026-09-30T22:08:07Z,29,57347134XXXX,TRK-NB-07,UNMAPPED_TRUNK,2026-09-30T22:25:07Z,false
REJ-20260930-3704,RAW-20260930-TRK-NB-07-03704,2026-09-30T22:09:34Z,139,57362684XXXX,TRK-NB-07,UNMAPPED_TRUNK,2026-09-30T22:26:34Z,false
REJ-20260930-3637,RAW-20260930-TRK-NB-07-03637,2026-09-30T22:09:59Z,31,57312118XXXX,TRK-NB-07,UNMAPPED_TRUNK,2026-09-30T22:26:59Z,false
REJ-20260930-3619,RAW-20260930-TRK-NB-07-03619,2026-09-30T22:12:38Z,51,57336326XXXX,TRK-NB-07,UNMAPPED_TRUNK,2026-09-30T22:29:38Z,false
REJ-20260930-3768,RAW-20260930-TRK-NB-07-03768,2026-09-30T22:13:19Z,223,57310611XXXX,TRK-NB-07,UNMAPPED_TRUNK,2026-09-30T22:30:19Z,false
REJ-20260930-3749,RAW-20260930-TRK-NB-07-03749,2026-09-30T22:15:17Z,297,57345888XXXX,TRK-NB-07,UNMAPPED_TRUNK,2026-09-30T22:32:17Z,false
REJ-20260930-3696,RAW-20260930-TRK-NB-07-03696,2026-09-30T22:20:37Z,16,57370453XXXX,TRK-NB-07,UNMAPPED_TRUNK,2026-09-30T22:37:37Z,false
REJ-20260930-3882,RAW-20260930-TRK-NB-07-03882,2026-09-30T22:28:03Z,773,57347834XXXX,TRK-NB-07,UNMAPPED_TRUNK,2026-09-30T22:45:03Z,false
REJ-20260930-3899,RAW-20260930-TRK-NB-07-03899,2026-09-30T22:36:35Z,23,57368845XXXX,TRK-NB-07,UNMAPPED_TRUNK,2026-09-30T22:53:35Z,false
REJ-20260930-3839,RAW-20260930-TRK-NB-07-03839,2026-09-30T22:37:42Z,84,57319150XXXX,TRK-NB-07,UNMAPPED_TRUNK,2026-09-30T22:54:42Z,false
REJ-20260930-3682,RAW-20260930-TRK-NB-07-03682,2026-09-30T22:40:28Z,5,57376556XXXX,TRK-NB-07,UNMAPPED_TRUNK,2026-09-30T22:57:28Z,false
REJ-20260930-3725,RAW-20260930-TRK-NB-07-03725,2026-09-30T22:40:57Z,259,57360452XXXX,TRK-NB-07,UNMAPPED_TRUNK,2026-09-30T22:57:57Z,false
REJ-20260930-3831,RAW-20260930-TRK-NB-07-03831,2026-09-30T22:42:33Z,254,57342536XXXX,TRK-NB-07,UNMAPPED_TRUNK,2026-09-30T22:59:33Z,false
REJ-20260930-3683,RAW-20260930-TRK-NB-07-03683,2026-09-30T22:43:15Z,300,57348413XXXX,TRK-NB-07,UNMAPPED_TRUNK,2026-09-30T23:00:15Z,false
REJ-20260930-3851,RAW-20260930-TRK-NB-07-03851,2026-09-30T22:46:17Z,13,57351356XXXX,TRK-NB-07,UNMAPPED_TRUNK,2026-09-30T23:03:17Z,false
REJ-20260930-3887,RAW-20260930-TRK-NB-07-03887,2026-09-30T22:55:15Z,341,57300656XXXX,TRK-NB-07,UNMAPPED_TRUNK,2026-09-30T23:12:15Z,false
REJ-20260930-3747,RAW-20260930-TRK-NB-07-03747,2026-09-30T22:57:19Z,55,57316885XXXX,TRK-NB-07,UNMAPPED_TRUNK,2026-09-30T23:14:19Z,false
REJ-20260930-3821,RAW-20260930-TRK-NB-07-03821,2026-09-30T23:01:07Z,672,57355935XXXX,TRK-NB-07,UNMAPPED_TRUNK,2026-09-30T23:18:07Z,false
REJ-20260930-3668,RAW-20260930-TRK-NB-07-03668,2026-09-30T23:05:53Z,575,57331185XXXX,TRK-NB-07,UNMAPPED_TRUNK,2026-09-30T23:22:53Z,false
REJ-20260930-3771,RAW-20260930-TRK-NB-07-03771,2026-09-30T23:09:25Z,298,57300584XXXX,TRK-NB-07,UNMAPPED_TRUNK,2026-09-30T23:26:25Z,false
REJ-20260930-3991,RAW-20260930-TRK-NB-07-03991,2026-09-30T23:12:11Z,122,57370005XXXX,TRK-NB-07,UNMAPPED_TRUNK,2026-09-30T23:29:11Z,false
REJ-20260930-3721,RAW-20260930-TRK-NB-07-03721,2026-09-30T23:12:38Z,205,57310066XXXX,TRK-NB-07,UNMAPPED_TRUNK,2026-09-30T23:29:38Z,false
REJ-20260930-3856,RAW-20260930-TRK-NB-07-03856,2026-09-30T23:18:20Z,4,57337910XXXX,TRK-NB-07,UNMAPPED_TRUNK,2026-09-30T23:35:20Z,false
REJ-20260930-3690,RAW-20260930-TRK-NB-07-03690,2026-09-30T23:21:57Z,304,57300805XXXX,TRK-NB-07,UNMAPPED_TRUNK,2026-09-30T23:38:57Z,false
REJ-20260930-3848,RAW-20260930-TRK-NB-07-03848,2026-09-30T23:25:19Z,14,57348383XXXX,TRK-NB-07,UNMAPPED_TRUNK,2026-09-30T23:42:19Z,false
REJ-20260930-3995,RAW-20260930-TRK-NB-07-03995,2026-09-30T23:28:10Z,43,57384584XXXX,TRK-NB-07,UNMAPPED_TRUNK,2026-09-30T23:45:10Z,false
REJ-20260930-3927,RAW-20260930-TRK-NB-07-03927,2026-09-30T23:28:43Z,107,57364268XXXX,TRK-NB-07,UNMAPPED_TRUNK,2026-09-30T23:45:43Z,false
REJ-20260930-3699,RAW-20260930-TRK-NB-07-03699,2026-09-30T23:29:32Z,31,57338085XXXX,TRK-NB-07,UNMAPPED_TRUNK,2026-09-30T23:46:32Z,false
REJ-20260930-3724,RAW-20260930-TRK-NB-07-03724,2026-09-30T23:33:28Z,30,57396456XXXX,TRK-NB-07,UNMAPPED_TRUNK,2026-09-30T23:50:28Z,false
REJ-20260930-3728,RAW-20260930-TRK-NB-07-03728,2026-09-30T23:34:15Z,40,57307895XXXX,TRK-NB-07,UNMAPPED_TRUNK,2026-09-30T23:51:15Z,false
REJ-20260930-3784,RAW-20260930-TRK-NB-07-03784,2026-09-30T23:37:39Z,32,57316106XXXX,TRK-NB-07,UNMAPPED_TRUNK,2026-09-30T23:54:39Z,false
REJ-20260930-3974,RAW-20260930-TRK-NB-07-03974,2026-09-30T23:41:33Z,70,57345688XXXX,TRK-NB-07,UNMAPPED_TRUNK,2026-09-30T23:58:33Z,false
REJ-20260930-3717,RAW-20260930-TRK-NB-07-03717,2026-09-30T23:41:48Z,126,57328065XXXX,TRK-NB-07,UNMAPPED_TRUNK,2026-09-30T23:58:48Z,false
REJ-20260930-3843,RAW-20260930-TRK-NB-07-03843,2026-09-30T23:42:33Z,305,57335273XXXX,TRK-NB-07,UNMAPPED_TRUNK,2026-09-30T23:59:33Z,false
REJ-20260930-3968,RAW-20260930-TRK-NB-07-03968,2026-09-30T23:48:37Z,179,57382231XXXX,TRK-NB-07,UNMAPPED_TRUNK,2026-10-01T00:05:37Z,false
REJ-20260930-3928,RAW-20260930-TRK-NB-07-03928,2026-09-30T23:49:39Z,165,57358719XXXX,TRK-NB-07,UNMAPPED_TRUNK,2026-10-01T00:06:39Z,false
REJ-20260930-3708,RAW-20260930-TRK-NB-07-03708,2026-09-30T23:54:16Z,21,57330990XXXX,TRK-NB-07,UNMAPPED_TRUNK,2026-10-01T00:11:16Z,false
REJ-20260930-3671,RAW-20260930-TRK-NB-07-03671,2026-09-30T23:59:34Z,66,57314275XXXX,TRK-NB-07,UNMAPPED_TRUNK,2026-10-01T00:16:34Z,false
